path	bytes	sha256
outputs/.gitkeep	0	e3b0c44298fc1c149afbf4c8996fb92427ae41e4649b934ca495991b7852b855
outputs/.t27c-runtime-test-15ca5d9f6fd64d4fa85228df32af6451/journal.jsonl	128	7bdd5cddfb91879d310bd27668288f940208de42d38b5e23842dc6193918ad27
outputs/.t27c-runtime-test-1d84683f765a4920a5dce26fe51c2b90/adapter/adapter_config.json	2	44136fa355b3678a1146ad16f7e8649e94fb4fc21fe77e8310c060f61caaff8a
outputs/.t27c-runtime-test-1d84683f765a4920a5dce26fe51c2b90/adapter/adapter_identity.json	49	d84e685f65c15acc577d9dcc265549b90684f8fe87ec94dd1899a536a67d6ae4
outputs/.t27c-runtime-test-1d84683f765a4920a5dce26fe51c2b90/adapter/adapter_model.safetensors	7	9a129038d9a00aed0cf6a7ea059ca50a813449061ab87848cf1a13eafdf33b2c
outputs/.t27c-runtime-test-1d84683f765a4920a5dce26fe51c2b90/adapter/training_state.json	84	9cb5578ac0b7ff1bed6aaa2042285891a6f001045e5e6f95361efd2062eecd3d
outputs/.t27c-runtime-test-1d84683f765a4920a5dce26fe51c2b90/full_checkpoint/full_checkpoint_manifest.json	129	9266c9bf80340f1a5655fe82dba482d740e66c324b69eef9dcbd13406a3bcc88
outputs/.t27c-runtime-test-1d84683f765a4920a5dce26fe51c2b90/source_identity_manifest.json	30	e81ecc051a708a01837ac0f64a720926cc14c078c8f42ba61b7de6f4f36d8f4c
outputs/.t27c-runtime-test-32d78b0edc5a456e9c53d131e1247027/journal.jsonl	128	7bdd5cddfb91879d310bd27668288f940208de42d38b5e23842dc6193918ad27
outputs/.t27c-runtime-test-3643798f8d99489da385a06038b0cee3/heartbeat.json	269	6895b7a288fb7e8eee3acdb9a27f1d70784531c621d6092c36f9a7792d500bb2
outputs/.t27c-runtime-test-4b001cfb3686430bac75d00d1220fae2/journal.jsonl	128	7bdd5cddfb91879d310bd27668288f940208de42d38b5e23842dc6193918ad27
outputs/.t27c-runtime-test-54e6666391a44e99bbee33f3c874269d/adapter/adapter_config.json	2	44136fa355b3678a1146ad16f7e8649e94fb4fc21fe77e8310c060f61caaff8a
outputs/.t27c-runtime-test-54e6666391a44e99bbee33f3c874269d/adapter/adapter_identity.json	49	d84e685f65c15acc577d9dcc265549b90684f8fe87ec94dd1899a536a67d6ae4
outputs/.t27c-runtime-test-54e6666391a44e99bbee33f3c874269d/adapter/adapter_model.safetensors	7	9a129038d9a00aed0cf6a7ea059ca50a813449061ab87848cf1a13eafdf33b2c
outputs/.t27c-runtime-test-54e6666391a44e99bbee33f3c874269d/adapter/training_state.json	84	9cb5578ac0b7ff1bed6aaa2042285891a6f001045e5e6f95361efd2062eecd3d
outputs/.t27c-runtime-test-54e6666391a44e99bbee33f3c874269d/full_checkpoint/full_checkpoint_manifest.json	129	9266c9bf80340f1a5655fe82dba482d740e66c324b69eef9dcbd13406a3bcc88
outputs/.t27c-runtime-test-54e6666391a44e99bbee33f3c874269d/source_identity_manifest.json	30	e81ecc051a708a01837ac0f64a720926cc14c078c8f42ba61b7de6f4f36d8f4c
outputs/.t27c-runtime-test-60130d0a0c9844f994b6c88ec512581e/heartbeat.json	269	a9edbb0c6fae76cd5760d5c73e7fb5ec349b0e98fe464f3658d725b7ff7ba63a
outputs/.t27c-runtime-test-63f605a27622456599fa4d3c05e3ab00/heartbeat.json	270	f38ab986d13d0fbc6c6a6d7457cad58071150835412bab6267aef66a777c5da3
outputs/.t27c-runtime-test-64e9256c5092417f93c4711d9af71baf/heartbeat.json	270	0fe6309ffd3535dfc794f3c35512eb14de9f76f7cb6be59eec65f31f6cb710b4
outputs/.t27c-runtime-test-69d8de4286be4c5e9827e1d31062f016/journal.jsonl	128	7bdd5cddfb91879d310bd27668288f940208de42d38b5e23842dc6193918ad27
outputs/.t27c-runtime-test-711c383fb6744732bff444f181b4fab5/adapter/adapter_config.json	2	44136fa355b3678a1146ad16f7e8649e94fb4fc21fe77e8310c060f61caaff8a
outputs/.t27c-runtime-test-711c383fb6744732bff444f181b4fab5/adapter/adapter_identity.json	49	d84e685f65c15acc577d9dcc265549b90684f8fe87ec94dd1899a536a67d6ae4
outputs/.t27c-runtime-test-711c383fb6744732bff444f181b4fab5/adapter/adapter_model.safetensors	7	9a129038d9a00aed0cf6a7ea059ca50a813449061ab87848cf1a13eafdf33b2c
outputs/.t27c-runtime-test-711c383fb6744732bff444f181b4fab5/adapter/training_state.json	84	9cb5578ac0b7ff1bed6aaa2042285891a6f001045e5e6f95361efd2062eecd3d
outputs/.t27c-runtime-test-711c383fb6744732bff444f181b4fab5/full_checkpoint/full_checkpoint_manifest.json	129	9266c9bf80340f1a5655fe82dba482d740e66c324b69eef9dcbd13406a3bcc88
outputs/.t27c-runtime-test-711c383fb6744732bff444f181b4fab5/source_identity_manifest.json	30	e81ecc051a708a01837ac0f64a720926cc14c078c8f42ba61b7de6f4f36d8f4c
outputs/.t27c-runtime-test-7524c2128a544e9a9dd4a22109f0b131/journal.jsonl	128	7bdd5cddfb91879d310bd27668288f940208de42d38b5e23842dc6193918ad27
outputs/.t27c-runtime-test-7782378e4d8247e8a9848bd20a4ba0bb/heartbeat.json	270	611e7b7ec4929b722fa415ee6c1fdf0f2b25a281053fd2ae702ba66f600c5603
outputs/.t27c-runtime-test-8c0f29ace0784ed3b9a82c65737942a3/journal.jsonl	128	7bdd5cddfb91879d310bd27668288f940208de42d38b5e23842dc6193918ad27
outputs/.t27c-runtime-test-9542ec5725534e9c9b08e9986e678caa/adapter/adapter_config.json	2	44136fa355b3678a1146ad16f7e8649e94fb4fc21fe77e8310c060f61caaff8a
outputs/.t27c-runtime-test-9542ec5725534e9c9b08e9986e678caa/adapter/adapter_identity.json	49	d84e685f65c15acc577d9dcc265549b90684f8fe87ec94dd1899a536a67d6ae4
outputs/.t27c-runtime-test-9542ec5725534e9c9b08e9986e678caa/adapter/adapter_model.safetensors	7	9a129038d9a00aed0cf6a7ea059ca50a813449061ab87848cf1a13eafdf33b2c
outputs/.t27c-runtime-test-9542ec5725534e9c9b08e9986e678caa/adapter/training_state.json	84	9cb5578ac0b7ff1bed6aaa2042285891a6f001045e5e6f95361efd2062eecd3d
outputs/.t27c-runtime-test-9542ec5725534e9c9b08e9986e678caa/full_checkpoint/full_checkpoint_manifest.json	129	9266c9bf80340f1a5655fe82dba482d740e66c324b69eef9dcbd13406a3bcc88
outputs/.t27c-runtime-test-9542ec5725534e9c9b08e9986e678caa/source_identity_manifest.json	30	e81ecc051a708a01837ac0f64a720926cc14c078c8f42ba61b7de6f4f36d8f4c
outputs/.t27c-runtime-test-9a3b01c1423545aca406c93361bb854b/heartbeat.json	270	f446826b48bb094532fecf11fc225018416f56f34683d946c7bb5a0ea116ff70
outputs/.t27c-runtime-test-9f5fca1229c14283a0775dbfb2da4d5e/adapter/adapter_config.json	2	44136fa355b3678a1146ad16f7e8649e94fb4fc21fe77e8310c060f61caaff8a
outputs/.t27c-runtime-test-9f5fca1229c14283a0775dbfb2da4d5e/adapter/adapter_identity.json	49	d84e685f65c15acc577d9dcc265549b90684f8fe87ec94dd1899a536a67d6ae4
outputs/.t27c-runtime-test-9f5fca1229c14283a0775dbfb2da4d5e/adapter/adapter_model.safetensors	7	9a129038d9a00aed0cf6a7ea059ca50a813449061ab87848cf1a13eafdf33b2c
outputs/.t27c-runtime-test-9f5fca1229c14283a0775dbfb2da4d5e/adapter/training_state.json	84	9cb5578ac0b7ff1bed6aaa2042285891a6f001045e5e6f95361efd2062eecd3d
outputs/.t27c-runtime-test-9f5fca1229c14283a0775dbfb2da4d5e/full_checkpoint/full_checkpoint_manifest.json	129	9266c9bf80340f1a5655fe82dba482d740e66c324b69eef9dcbd13406a3bcc88
outputs/.t27c-runtime-test-9f5fca1229c14283a0775dbfb2da4d5e/source_identity_manifest.json	30	e81ecc051a708a01837ac0f64a720926cc14c078c8f42ba61b7de6f4f36d8f4c
outputs/.t27c-runtime-test-a0f32354200a4fa28d0918df1d22d903/adapter/adapter_config.json	2	44136fa355b3678a1146ad16f7e8649e94fb4fc21fe77e8310c060f61caaff8a
outputs/.t27c-runtime-test-a0f32354200a4fa28d0918df1d22d903/adapter/adapter_identity.json	49	d84e685f65c15acc577d9dcc265549b90684f8fe87ec94dd1899a536a67d6ae4
outputs/.t27c-runtime-test-a0f32354200a4fa28d0918df1d22d903/adapter/adapter_model.safetensors	7	9a129038d9a00aed0cf6a7ea059ca50a813449061ab87848cf1a13eafdf33b2c
outputs/.t27c-runtime-test-a0f32354200a4fa28d0918df1d22d903/adapter/training_state.json	84	9cb5578ac0b7ff1bed6aaa2042285891a6f001045e5e6f95361efd2062eecd3d
outputs/.t27c-runtime-test-a0f32354200a4fa28d0918df1d22d903/full_checkpoint/full_checkpoint_manifest.json	129	9266c9bf80340f1a5655fe82dba482d740e66c324b69eef9dcbd13406a3bcc88
outputs/.t27c-runtime-test-a0f32354200a4fa28d0918df1d22d903/source_identity_manifest.json	30	e81ecc051a708a01837ac0f64a720926cc14c078c8f42ba61b7de6f4f36d8f4c
outputs/.t27c-runtime-test-a5341e83f9a64471849187e233e28e66/adapter/adapter_config.json	2	44136fa355b3678a1146ad16f7e8649e94fb4fc21fe77e8310c060f61caaff8a
outputs/.t27c-runtime-test-a5341e83f9a64471849187e233e28e66/adapter/adapter_identity.json	49	d84e685f65c15acc577d9dcc265549b90684f8fe87ec94dd1899a536a67d6ae4
outputs/.t27c-runtime-test-a5341e83f9a64471849187e233e28e66/adapter/adapter_model.safetensors	7	9a129038d9a00aed0cf6a7ea059ca50a813449061ab87848cf1a13eafdf33b2c
outputs/.t27c-runtime-test-a5341e83f9a64471849187e233e28e66/adapter/training_state.json	84	9cb5578ac0b7ff1bed6aaa2042285891a6f001045e5e6f95361efd2062eecd3d
outputs/.t27c-runtime-test-a5341e83f9a64471849187e233e28e66/full_checkpoint/full_checkpoint_manifest.json	129	9266c9bf80340f1a5655fe82dba482d740e66c324b69eef9dcbd13406a3bcc88
outputs/.t27c-runtime-test-a5341e83f9a64471849187e233e28e66/source_identity_manifest.json	30	e81ecc051a708a01837ac0f64a720926cc14c078c8f42ba61b7de6f4f36d8f4c
outputs/.t27c-runtime-test-b50d677d25314fe88b0b1d3232704bb7/journal.jsonl	128	7bdd5cddfb91879d310bd27668288f940208de42d38b5e23842dc6193918ad27
outputs/.t27c-runtime-test-bed2cd5a60854bb8bb123bf3b9848926/adapter/adapter_config.json	2	44136fa355b3678a1146ad16f7e8649e94fb4fc21fe77e8310c060f61caaff8a
outputs/.t27c-runtime-test-bed2cd5a60854bb8bb123bf3b9848926/adapter/adapter_identity.json	49	d84e685f65c15acc577d9dcc265549b90684f8fe87ec94dd1899a536a67d6ae4
outputs/.t27c-runtime-test-bed2cd5a60854bb8bb123bf3b9848926/adapter/adapter_model.safetensors	7	9a129038d9a00aed0cf6a7ea059ca50a813449061ab87848cf1a13eafdf33b2c
outputs/.t27c-runtime-test-bed2cd5a60854bb8bb123bf3b9848926/adapter/training_state.json	84	9cb5578ac0b7ff1bed6aaa2042285891a6f001045e5e6f95361efd2062eecd3d
outputs/.t27c-runtime-test-bed2cd5a60854bb8bb123bf3b9848926/full_checkpoint/full_checkpoint_manifest.json	129	9266c9bf80340f1a5655fe82dba482d740e66c324b69eef9dcbd13406a3bcc88
outputs/.t27c-runtime-test-bed2cd5a60854bb8bb123bf3b9848926/source_identity_manifest.json	30	e81ecc051a708a01837ac0f64a720926cc14c078c8f42ba61b7de6f4f36d8f4c
outputs/.t27c-runtime-test-c38961f5dedc450f8b0a2c6a174a1af7/heartbeat.json	270	c73447cba9413cfd3469a82fa86175f47781892d6f0d3e1c778972c19b61f93d
outputs/.t27c-runtime-test-c7f1d42af27047a39800eec8dda7c7e1/heartbeat.json	270	8210b7d4f602f9473e2edba51f45e249b9293585586383029f9f87a6c16efc9c
outputs/.t27c-runtime-test-c7fc00d37c24402c888d6a9822982656/adapter/adapter_config.json	2	44136fa355b3678a1146ad16f7e8649e94fb4fc21fe77e8310c060f61caaff8a
outputs/.t27c-runtime-test-c7fc00d37c24402c888d6a9822982656/adapter/adapter_identity.json	49	d84e685f65c15acc577d9dcc265549b90684f8fe87ec94dd1899a536a67d6ae4
outputs/.t27c-runtime-test-c7fc00d37c24402c888d6a9822982656/adapter/adapter_model.safetensors	7	9a129038d9a00aed0cf6a7ea059ca50a813449061ab87848cf1a13eafdf33b2c
outputs/.t27c-runtime-test-c7fc00d37c24402c888d6a9822982656/adapter/training_state.json	84	9cb5578ac0b7ff1bed6aaa2042285891a6f001045e5e6f95361efd2062eecd3d
outputs/.t27c-runtime-test-c7fc00d37c24402c888d6a9822982656/full_checkpoint/full_checkpoint_manifest.json	129	9266c9bf80340f1a5655fe82dba482d740e66c324b69eef9dcbd13406a3bcc88
outputs/.t27c-runtime-test-c7fc00d37c24402c888d6a9822982656/source_identity_manifest.json	30	e81ecc051a708a01837ac0f64a720926cc14c078c8f42ba61b7de6f4f36d8f4c
outputs/.t27c-runtime-test-d1c40f14585a4f46997a5454e82003a3/journal.jsonl	128	7bdd5cddfb91879d310bd27668288f940208de42d38b5e23842dc6193918ad27
outputs/.t27c-runtime-test-d2054876dd684e598ceae7d6fa47eece/adapter/adapter_config.json	2	44136fa355b3678a1146ad16f7e8649e94fb4fc21fe77e8310c060f61caaff8a
outputs/.t27c-runtime-test-d2054876dd684e598ceae7d6fa47eece/adapter/adapter_identity.json	49	d84e685f65c15acc577d9dcc265549b90684f8fe87ec94dd1899a536a67d6ae4
outputs/.t27c-runtime-test-d2054876dd684e598ceae7d6fa47eece/adapter/adapter_model.safetensors	7	9a129038d9a00aed0cf6a7ea059ca50a813449061ab87848cf1a13eafdf33b2c
outputs/.t27c-runtime-test-d2054876dd684e598ceae7d6fa47eece/adapter/training_state.json	84	9cb5578ac0b7ff1bed6aaa2042285891a6f001045e5e6f95361efd2062eecd3d
outputs/.t27c-runtime-test-d2054876dd684e598ceae7d6fa47eece/full_checkpoint/full_checkpoint_manifest.json	129	9266c9bf80340f1a5655fe82dba482d740e66c324b69eef9dcbd13406a3bcc88
outputs/.t27c-runtime-test-d2054876dd684e598ceae7d6fa47eece/source_identity_manifest.json	30	e81ecc051a708a01837ac0f64a720926cc14c078c8f42ba61b7de6f4f36d8f4c
outputs/.t27c-runtime-test-d398a8ccf8b34db1be795aa483cefdf5/adapter/adapter_config.json	2	44136fa355b3678a1146ad16f7e8649e94fb4fc21fe77e8310c060f61caaff8a
outputs/.t27c-runtime-test-d398a8ccf8b34db1be795aa483cefdf5/adapter/adapter_identity.json	49	d84e685f65c15acc577d9dcc265549b90684f8fe87ec94dd1899a536a67d6ae4
outputs/.t27c-runtime-test-d398a8ccf8b34db1be795aa483cefdf5/adapter/adapter_model.safetensors	7	9a129038d9a00aed0cf6a7ea059ca50a813449061ab87848cf1a13eafdf33b2c
outputs/.t27c-runtime-test-d398a8ccf8b34db1be795aa483cefdf5/adapter/training_state.json	84	9cb5578ac0b7ff1bed6aaa2042285891a6f001045e5e6f95361efd2062eecd3d
outputs/.t27c-runtime-test-d398a8ccf8b34db1be795aa483cefdf5/full_checkpoint/full_checkpoint_manifest.json	129	9266c9bf80340f1a5655fe82dba482d740e66c324b69eef9dcbd13406a3bcc88
outputs/.t27c-runtime-test-d398a8ccf8b34db1be795aa483cefdf5/source_identity_manifest.json	30	e81ecc051a708a01837ac0f64a720926cc14c078c8f42ba61b7de6f4f36d8f4c
outputs/.t27c-runtime-test-d99c07c16cf84ecfb73f992652dc173b/journal.jsonl	128	7bdd5cddfb91879d310bd27668288f940208de42d38b5e23842dc6193918ad27
outputs/.t27c-runtime-test-de5ebe4dbfd943a280b7ebed77dc4e23/journal.jsonl	128	7bdd5cddfb91879d310bd27668288f940208de42d38b5e23842dc6193918ad27
outputs/.t27c-runtime-test-e8e6b30026db41349dffe9122a78931f/journal.jsonl	128	7bdd5cddfb91879d310bd27668288f940208de42d38b5e23842dc6193918ad27
outputs/.t27c-runtime-test-ee7f88e097bb492aa331043027c8d16c/heartbeat.json	270	7be89f83df8e570ff2624a4794ffe95a95a3bfa9dda9aadaaa08ff63b5508b99
outputs/.t27c-runtime-test-f0dc415c7f334fcab5b8d1974acdec6f/heartbeat.json	270	c5b5c9086567db53f703dbc6c0a70b00f4a2e9287e7a4711e20d737302495307
outputs/.t27c-runtime-test-ff268dc6ea89446789a76fa449862768/heartbeat.json	270	10b76f531ce3637c5b07bce784f099bbd6a83eea3747f0f06d1a6dab11e1b02e
outputs/ambik_ambiguity_type_inference_packet_20260908.jsonl	628653	8dc44a84333d66d90c2a9170b5223108c2405ec9351c8962bd9f30d2b6091792
outputs/ambik_ambiguity_type_source_key_20260908.jsonl	209713	be3951fd0676b68f8cd05fb44fd1b14a289222ad273d4c22d32652deea2a39e2
outputs/annotator_delivery/Benjamin_T13_Calibration_Annotation/01_records_readable.md	6604	d52355a40a4a1803e4deef63fa3b2b8fae9501232827e1119605c64998b0e9e8
outputs/annotator_delivery/Benjamin_T13_Calibration_Annotation/02_records_package.jsonl	12112	82c4e249df00f383aaaa2d6140fac473e109918cf31eb73dcc2c2b10ae30868c
outputs/annotator_delivery/Benjamin_T13_Calibration_Annotation/03_submission_template.jsonl	41688	9d7fae4e0234b3bd31eeb88ba4bebcd4f7b4e88716e52b792d3b52fdb97fb68e
outputs/annotator_delivery/Benjamin_T13_Calibration_Annotation/04_annotation_handbook_v1.md	12873	0375ae99b1731faee5a4ec440d3dc79a09c614e6ee78eea2d67449768f4a2d1a
outputs/annotator_delivery/Benjamin_T13_Calibration_Annotation/05_allowed_labels_quick_reference.md	1233	896ca96a013bf82514d204054e81b25cdf1e83d44b0959cc250d9793d62ace61
outputs/annotator_delivery/Benjamin_T13_Calibration_Annotation/06_example_completed_submission.json	2599	78e6f34aad30d2ec1b8a3139efcac017e288f4aff8b047cff82dc7069ae7cda3
outputs/annotator_delivery/Benjamin_T13_Calibration_Annotation/07_package_manifest.json	2058	29b4eb64b3c69fa6249d7c03621af21df44e87f44f69830cd76980c5af3289ea
outputs/annotator_delivery/Benjamin_T13_Calibration_Annotation/08_how_to_submit.md	912	91ac7eb47ced8a75a598d8a436cf38c8cc2b0ffb87e7b87b4949f189361a42a4
outputs/annotator_delivery/Benjamin_T13_Calibration_Annotation/reference/annotation_role_policy_v1.md	2440	448fce9d09623dec0fed012ef75afb8f83123906e847fe3c58aec73c0d4be302
outputs/annotator_delivery/Benjamin_T13_Calibration_Annotation/reference/annotation_schema_v1.json	4310	23297368b09c70c3982680a509525d42451180f65a1835adf671ea7c3f792054
outputs/annotator_delivery/Benjamin_T13_Calibration_Annotation/reference/intent_taxonomy_v1.json	1478	57829bd05ec21b047c7ec984e731276f9e15d422dcc05dc15eda67211297fc8c
outputs/annotator_delivery/Benjamin_T13_Calibration_Annotation/reference/route_precedence_v1.json	2419	5b3d4bfa8d660262e0120ba6e420a9fda8bca5dec04950339aeb3f86111c9e0e
outputs/annotator_delivery/Benjamin_T13_Calibration_Annotation/START_HERE.md	2811	e7ac28ceabd3233254250d78ecdd40570dcf081bac59257fd0941db9f3c2cdc0
outputs/annotator_delivery/Benjamin_T13_Calibration_Annotation.zip	19844	ffdee3a8b4aeec65f10c0dd6de05c8412c905ccb19f46329f5759dcab4cf1a27
outputs/annotator_delivery/Steve_T13_Calibration_Annotation/01_records_readable.md	6601	b0be23d34a7b6165c8e29ec9258c2132452bab383ca47736a8e63fd250b631e2
outputs/annotator_delivery/Steve_T13_Calibration_Annotation/02_records_package.jsonl	12112	7d24161d58bcb52c5e50ebcbb83aa1b188d086a342872a5f7c0d7bcd7009853b
outputs/annotator_delivery/Steve_T13_Calibration_Annotation/03_submission_template.jsonl	41688	f105bbfb21e52d441de046d8ab0549a30373e060813e5316ece3d175a73268d0
outputs/annotator_delivery/Steve_T13_Calibration_Annotation/04_annotation_handbook_v1.md	12873	0375ae99b1731faee5a4ec440d3dc79a09c614e6ee78eea2d67449768f4a2d1a
outputs/annotator_delivery/Steve_T13_Calibration_Annotation/05_allowed_labels_quick_reference.md	1233	896ca96a013bf82514d204054e81b25cdf1e83d44b0959cc250d9793d62ace61
outputs/annotator_delivery/Steve_T13_Calibration_Annotation/06_example_completed_submission.json	2599	f5062fdaf5df6a727fc12e97946102dedf404fd75edb31b1b3075862f5293031
outputs/annotator_delivery/Steve_T13_Calibration_Annotation/07_package_manifest.json	2058	5ae85d48ab705b1bbb12612ffabfd2e4e69041af33d32e58479239eeee724480
outputs/annotator_delivery/Steve_T13_Calibration_Annotation/08_how_to_submit.md	909	c1ac42868432e264ac0fde8c76a7d6eba2a5950fb54de62ea7e5a206d75bf34f
outputs/annotator_delivery/Steve_T13_Calibration_Annotation/reference/annotation_role_policy_v1.md	2440	448fce9d09623dec0fed012ef75afb8f83123906e847fe3c58aec73c0d4be302
outputs/annotator_delivery/Steve_T13_Calibration_Annotation/reference/annotation_schema_v1.json	4310	23297368b09c70c3982680a509525d42451180f65a1835adf671ea7c3f792054
outputs/annotator_delivery/Steve_T13_Calibration_Annotation/reference/intent_taxonomy_v1.json	1478	57829bd05ec21b047c7ec984e731276f9e15d422dcc05dc15eda67211297fc8c
outputs/annotator_delivery/Steve_T13_Calibration_Annotation/reference/route_precedence_v1.json	2419	5b3d4bfa8d660262e0120ba6e420a9fda8bca5dec04950339aeb3f86111c9e0e
outputs/annotator_delivery/Steve_T13_Calibration_Annotation/START_HERE.md	2805	53d20a9ac66e63d59880a385795bb8fa9b38aa48b6de20375f0185180ef4d6f3
outputs/annotator_delivery/Steve_T13_Calibration_Annotation.zip	19850	38f387244a95354c9e41b79c7e8ad4318f90ab3201a0be2a761cd332530347cb
outputs/base_adapter_sgc_packet_20260911/blind_judge_pass_1_120.jsonl	556562	403aefc2096c234f937af42b140ed182f4faed339d91ee450c571e4f2a412dbb
outputs/base_adapter_sgc_packet_20260911/blind_judge_pass_2_120.jsonl	582313	566e2bdf91613f6a3fe12227100580c30cf91a7ca75bb280c4110509a555cf53
outputs/base_adapter_sgc_packet_20260911/blind_semantic_goal_judge_packet_240.jsonl	1138875	8764451546759c6edb8c6efefd710e0d20113137c362088f98f88f3543f37002
outputs/base_adapter_sgc_packet_20260911/intent_observable_traces_240.jsonl	800687	eb21be7cd104c459d916314e7efd02bf5728c50aed888cf65fdf399f99afa1af
outputs/base_adapter_sgc_packet_20260911/PACKET_AUDIT.json	554	dcfd23a3039b7978af4583fa8a0edc0254d8a52ad08db45ae9aefb2e95874874
outputs/base_adapter_sgc_packet_20260911/SEALED_evaluation_mapping.jsonl	26400	cc6ea8b20596ee285cfdc8637c32181e07cab343c6eb26bd5850b48bc0c34495
outputs/base_vs_adapter_goal_trace_proxy_20260911.json	5522	b3ef09da25156713aa0ce1bb1b43192a6f010f46e7f2cb3f4f126cbb7402bec7
outputs/base_vs_adapter_goal_trace_proxy_rows_20260911.jsonl	326579	04eb20cff35b02929347f2ce06dbafaeb56958d002e4f9c0b426ad85f46c6436
outputs/capability_debate_local_oracle_20260918/ambiguity_debate_adjudication.jsonl	458673	98a3a88d42ecbe140e2c4ade6320232dbe37186d466e4ae18666a2fe08fbdff6
outputs/capability_debate_local_oracle_20260918/ambiguity_debate_summary.json	3110	c2ec4ab5693c3e224a25f21d35cd671b64fbedf8ec266ae16938a4854335cfe5
outputs/capability_debate_local_oracle_20260918/capability_judge_summary.json	502	966714831edaf772c7455b706b38101f6cd3c293331813e6074e7a60f7ab3398
outputs/capability_debate_local_oracle_20260918/capability_judgments.jsonl	127132	e4706a5e061b6f0da90801365fc58787db102027681e83de0209622a04f649b1
outputs/capability_debate_local_oracle_20260918/capability_judgments_cluster.jsonl	127132	e4706a5e061b6f0da90801365fc58787db102027681e83de0209622a04f649b1
outputs/capability_debate_local_oracle_20260918/capability_judgments_failed.jsonl	220077	1e387f678acc0c581f86f48fb6f8230b0366c95b41a9e1cbd1b7b4ca5b41c458
outputs/capability_debate_local_oracle_20260918/debate_reparse/ambiguity_debate_adjudication.jsonl	782606	3db361db748dbe9890f13f4a98811543cc8bedc0cf4a2778ffececc3d8df2303
outputs/capability_debate_local_oracle_20260918/debate_reparse/ambiguity_debate_summary.json	3949	2ded89cc9ff62832d277cfe5c96f1080147547627dd5907752747daf3b8dd622
outputs/capability_debate_local_oracle_20260918/debate_reparse/debate_progress.json	3949	2ded89cc9ff62832d277cfe5c96f1080147547627dd5907752747daf3b8dd622
outputs/capability_debate_local_oracle_20260918/debate_reparse/need_gpu_repair.json	184	c189d8126756be3fd7a70da15d7df643f18f83eba318501608e7cc0d99895c48
outputs/capability_debate_local_oracle_20260918/llm_capability_summary.json	5464	9a7b0bab3b6deef7f9bea0da48229926676ce4ae33cd086cab48ed88ba285efd
outputs/capability_debate_local_oracle_20260918/llm_capability_summary_cluster.json	5464	9a7b0bab3b6deef7f9bea0da48229926676ce4ae33cd086cab48ed88ba285efd
outputs/capability_debate_local_oracle_20260918/oracle_gold_per_record.jsonl	70699	2c5a6de375f145342c4ac2824d4f014ac08871e4b4986ef1bab1a3fb4accffbd
outputs/capability_debate_local_oracle_20260918/oracle_gold_summary.json	5902	647761bfb9cd151121a145302ad5191d25ccf0cbebe41cb7ec9069288feee4a5
outputs/capability_debate_local_oracle_20260918/p120-cap-debate-56315.out	6519	e3522fedb87ee227c9f59b8ad2f4da37a59f840cc56a1070e83ed447724d01ed
outputs/capability_debate_local_oracle_20260918/p120-cap-debate-56339.err	3224	cae04836775022ef40f1add1aeda03d6116110fded659294bce595a11ce17a7b
outputs/capability_debate_local_oracle_20260918/p120-cap-debate-56339.out	28755	1a8aa0b44484141c6631d8042a3d12be2fe082aed5caa330397a1f893f139ae6
outputs/checkpoint_load/t12_checkpoint_load_report.json	185	fd1ba4eb4ae8345954e28f7e16214f38b355753ffa81ddfc832095c7f8509af7
outputs/clara_context_routing_key_20260908.jsonl	1392546	3828d1fba302aa2b949629651c4dac2135ec039f3a347f74a55eaad23ea233d5
outputs/clara_context_routing_packet_20260908.jsonl	4937873	0583b3da87616cf515414b360092f7c27a865fd873beeba6cfbfd4e0b5483b9e
outputs/clara_effective_input_ledger_20260911.jsonl	981513	cc1800224e9d2c9b580868174efe6d9e8833208a6df1a421b058aa1876d27de9
outputs/clara_native_context_key_20260908.jsonl	3388711	e7f010fa913ce0cfa2b93a6fa9b63561fe039d7d7b7517a595e1bc067ec5f35e
outputs/clara_native_context_packet_20260908.jsonl	3174587	659f04f69f48d348feb15dae85434d134af683d65cd34a5cccc153d8485b09bd
outputs/clarify_cpc_rescue_20260918/clarify_cpc_rescue_summary.json	3215	9d5b7f506a0a0577025423f676d4cd65b28be042c13c067ff36cc026261b1e5d
outputs/clarify_cpc_rescue_20260918/goal_first_v2.emit_route_scene_clarify.predictions.jsonl	1009889	0eb482a4a7cd016b3cb02bb114408a8a18b71a67c3d670e1c0972473bb85b38c
outputs/clarify_cpc_rescue_20260918/goal_first_v2.llmcap_route_scene_clarify.predictions.jsonl	1016722	c165584696353e0a5eddbd8bac1b1d8c37d7f775ecc1b0a12050f86191c01dcd
outputs/clarify_cpc_rescue_20260918/wording_row_detail.json	4430	51fc7650006718576cd53dce75f8a93cdf3f5b11900deed675cd5adffb4966c4
outputs/cluster_pulls/_t03_progress.json	185	25b1f1a49b0efe8414605ce389130afb2e700bd8f71e41a85349060b0cc280cf
outputs/cluster_pulls/final_close_20260913/_score_intent_box_overlap.py	10211	a945ea0c785e22db90364f1d3079ab6400c9a6b8618060a3544db3fd40cf7fa9
outputs/cluster_pulls/final_close_20260913/_score_low_risk_routing.py	6388	c20e4ef3a22ccd1b0487d6f12ded1d2e2ef19fa0d2677de5cca6c8b155d84333
outputs/cluster_pulls/final_close_20260913/ft_run_manifest.json	1775	b87f673ca2ad033bdc688572d2240cbfb158c549a7a72c69d4f54c36ab03eeb9
outputs/cluster_pulls/final_close_20260913/gfv2_sgc_summary.json	501	9c2cae255d36e6ca43062934bc0e3c0305bb02462a13fcb4248828473cfec1de
outputs/cluster_pulls/final_close_20260913/intent_box/direct_base_llm.predictions.jsonl	558904	209c2113dc1b80e0acd7cbd302ca4548f70692a9eada8829055038093976bbc7
outputs/cluster_pulls/final_close_20260913/intent_box/t28_selected_adapter_llm.predictions.jsonl	473024	6fec9c33edfcc555213858d90c41261382c2f5aed4f8c33fb96ab99adbb1b3a7
outputs/cluster_pulls/final_close_20260913/intent_box_automatic_overlap_recompute.json	3021	cd3f14e3592c02ffdcc685e7b58bbd72a08865ecc37012e11886df32ea80fb36
outputs/cluster_pulls/final_close_20260913/intent_box_sgc_rows.jsonl	41320	ef21a9172ae125e8cdaaa6f89c0a20716ca304cd97132ec0c9ca659f9fd8add9
outputs/cluster_pulls/final_close_20260913/intent_box_sgc_summary.json	513	4e5d41c7ab569fedbd5f5c2ff497e45bd99625e5d09535121cb1cb7a8a8e716c
outputs/cluster_pulls/final_close_20260913/low_risk_routing_accuracy.json	1012	10ba965398958310353d3669ee3bf91c4d4304ddce1a49e5aa6f0cc2dbc9b1d3
outputs/cluster_pulls/final_close_20260913/raw_run_manifest.json	760	2dc7b2899086c3d37e04b0a845425a19bcac4821424b717a1dca8c8aa19853ed
outputs/cluster_pulls/followon_meta/task_ledger.jsonl	1243	ff2f20c7c7446f208d5de4ac6763186cc9fa40d9bfeb9a3f07c067df6dc6a1ad
outputs/cluster_pulls/followon_meta/tasks.json	14495	57053a8fb57f963c4a183242ad22472cff88e433d2b756132efac5fc608a32c5
outputs/cluster_pulls/followon_native/gemma4/ambik/predictions.jsonl	162761	498b5bbb07b1a7850da36dad10c91da21867d4fd06f114b76aac7eb74d4bc98d
outputs/cluster_pulls/followon_native/gemma4/clara/predictions.jsonl	2621533	0b280dafe3f92be4a9d6a99d11465cad0fec8956d9b564e8ac8f4d5817aba279
outputs/cluster_pulls/followon_native/gemma4/vague/predictions.jsonl	955637	6848aceefc15f1ce14cc274a8159104ecc6c35ee52fccb52f04be8c82af0a286
outputs/cluster_pulls/followon_native/glm47/clara/predictions.jsonl	2596325	ccb7427418ca3e501a9e14edc032e69f21a188457a17b73a92844d45148781ef
outputs/cluster_pulls/followon_native/glm47/vague/predictions.jsonl	953151	397225414b4e77deec4e659ba0f8fbe33146ec2841e7f4c2acf5abcbdd9005da
outputs/cluster_pulls/followon_natives_20260912b/gemma4/ambik/predictions.jsonl	162761	498b5bbb07b1a7850da36dad10c91da21867d4fd06f114b76aac7eb74d4bc98d
outputs/cluster_pulls/followon_natives_20260912b/gemma4/ambik/run_manifest.json	723	2437f8854e32100884e0bdb36097375cd9f153abf1bedf26cdfb19ee9c7ef503
outputs/cluster_pulls/followon_natives_20260912b/gemma4/ambik/server.log	115715	092dd6e1bbaef899abb2968531b5286665153a4686dbbdd6141ca32fe2f5b866
outputs/cluster_pulls/followon_natives_20260912b/gemma4/clara/predictions.jsonl	2621533	0b280dafe3f92be4a9d6a99d11465cad0fec8956d9b564e8ac8f4d5817aba279
outputs/cluster_pulls/followon_natives_20260912b/gemma4/clara/run_manifest.json	620	c4665f3d9dfaa25891f848799809f0900d71650307c7a063a7d2493bafe4fea8
outputs/cluster_pulls/followon_natives_20260912b/gemma4/clara/server.log	1068466	fe0d04f09d3d0c36af4de7562f164e8cab317fe4350be0b3da646f9db4ce5697
outputs/cluster_pulls/followon_natives_20260912b/gemma4/indirect/predictions.jsonl	270154	e3c9215bde5d5befd9250f24dace0c968af8ec114aa86ce43a91251fb184f5af
outputs/cluster_pulls/followon_natives_20260912b/gemma4/indirect/retry_server.log	108813	995cac09fa3f42c05509834c07afaafa0e2361eb8164bc54e58237f58ecd57c8
outputs/cluster_pulls/followon_natives_20260912b/gemma4/indirect/run_manifest.json	621	5aab80dffa2eee843d68ea02ad33ec7c33244ef7a55ab0734ad413761f74298b
outputs/cluster_pulls/followon_natives_20260912b/gemma4/indirect/server.log	17118	d80c252549faca4fb325f91bca87646c8c11bf123213d6f8db4acb3329d5df76
outputs/cluster_pulls/followon_natives_20260912b/gemma4/vague/predictions.jsonl	955637	6848aceefc15f1ce14cc274a8159104ecc6c35ee52fccb52f04be8c82af0a286
outputs/cluster_pulls/followon_natives_20260912b/gemma4/vague/run_manifest.json	721	d3cd5d46491fb6689e3ef7d82c6e3206633feaf7d55bc53fc482605782a87f55
outputs/cluster_pulls/followon_natives_20260912b/gemma4/vague/server.log	356796	a570fa29421b177a1ee2c24ca65c0fdbc57a5a62cbe0ba19a020d4e2868eb1d8
outputs/cluster_pulls/followon_natives_20260912b/glm47/ambik/predictions.jsonl	165485	ffe915e2ca0adc28dca4ff76a72a4b792c1bd1e3c607ffe4b74d2d273e33bebb
outputs/cluster_pulls/followon_natives_20260912b/glm47/ambik/retry_server.log	210057	3888cb95e221feba6ed651856e9fb0ec3aa4105b62d15c64e91dd8611e3f0841
outputs/cluster_pulls/followon_natives_20260912b/glm47/ambik/run_manifest.json	723	2deb82b7a1f28e4c15d4f6b021d9b087110a381c7317acb795a7611886e460bc
outputs/cluster_pulls/followon_natives_20260912b/glm47/ambik/server.log	45066	82da59c93176c63c5bf8693646735859ad327b2666178934c5f968bdc0c8459d
outputs/cluster_pulls/followon_natives_20260912b/glm47/clara/predictions.jsonl	2596325	ccb7427418ca3e501a9e14edc032e69f21a188457a17b73a92844d45148781ef
outputs/cluster_pulls/followon_natives_20260912b/glm47/clara/run_manifest.json	620	256e8f8cb77193029f4689648b88c06997e1887c5dfcae2db1052e3769db2869
outputs/cluster_pulls/followon_natives_20260912b/glm47/clara/server.log	1543891	130896b149a39a876dcb4bcf7333eee3224a5b1f9bfdbfdaf4acd78ee25ff83e
outputs/cluster_pulls/followon_natives_20260912b/glm47/indirect/predictions.jsonl	257935	b60dd714da3185cd7c06fa5c24973a73b4e9756693a5cb4b3bbbf59280665ac6
outputs/cluster_pulls/followon_natives_20260912b/glm47/indirect/retry_server.log	114670	b1584243575be88f46e7f9b83ad83a58a9220ef045a14bb52d1159ebd87451f0
outputs/cluster_pulls/followon_natives_20260912b/glm47/indirect/run_manifest.json	621	80fd07a17d52dd4bdc9ba90c69d8c91d8974ccf1e2224a14c62ba1e84fee10e6
outputs/cluster_pulls/followon_natives_20260912b/glm47/indirect/server.log	47302	d58fb61320545d6cdf9e265e0d4b7b8532c9097fbb15913babe9387f3431df50
outputs/cluster_pulls/followon_natives_20260912b/glm47/vague/predictions.jsonl	953151	397225414b4e77deec4e659ba0f8fbe33146ec2841e7f4c2acf5abcbdd9005da
outputs/cluster_pulls/followon_natives_20260912b/glm47/vague/run_manifest.json	721	c516ac90578f39caa1e51ba0a457973376026d05391d1fa6be4658f2f6c67daa
outputs/cluster_pulls/followon_natives_20260912b/glm47/vague/server.log	363504	0b9f51026381c9f5e07d1dee509bbe35b9e53638e2ed7feed973197d0eb71af6
outputs/cluster_pulls/r1_manager/cpu_salvage_summary.json	755	5e5d707bec104c7d05edf2dafda688343daba75aebf055b11ffb459f4bbbe38a
outputs/cluster_pulls/r1_manager/degree_based_router_v2.eval.json	4446	aa7803b2352668137ea5173511ad10c6f221b8b644252e8a21332c95cf11b5ae
outputs/cluster_pulls/r1_manager/goal_first_context_blind_v2.eval.json	4418	6a1913776927488b1b3407dbeef2cabb9546041d2069e9ba3fc18d09b548ff9b
outputs/cluster_pulls/r1_manager/goal_first_manager_v2.eval.json	4596	7b6e38e1d53afe6f917b9e730289f39e176e8e9130988b55ff8ec51cda854e41
outputs/cluster_pulls/r1_manager/predictions/degree_based_router_v2.predictions.jsonl	995403	16c8186851efb8d0c6ae76989ecbda31668ba7b2f42d11376c968eb28af5a4c2
outputs/cluster_pulls/r1_manager/predictions/goal_first_context_blind_v2.predictions.jsonl	1242569	f03749c51f03deee7799ca689cc97f951aedf2aeeeffc51c1c01406a4a60f65f
outputs/cluster_pulls/r1_manager/predictions/goal_first_manager_v2.predictions.jsonl	1153898	f0a607ab26af89b8cb27479d8b8f35f3cb26d502ae7f3eaf2cc217a33d7c8c7f
outputs/cluster_pulls/r1_manager/predictions/rich_conservative_manager_v2.predictions.jsonl	1167546	dafec0af8ff2e596b1e014e08ab9726a0561b7a72251f55da6a775323cca700a
outputs/cluster_pulls/r1_manager/rich_conservative_manager_v2.eval.json	4576	4015017e8fb0ae19ab41512a5ebac27b1148eda5d94f2873b046e0f8f6fe7bb4
outputs/cluster_pulls/r1_manager/run_manifest.json	2988	c26ec5c69b5a0e8335bd60930989799dbd100157cc68e8081f6c3fe6a703d58d
outputs/cluster_pulls/r2_manager/cpu_salvage_summary.json	755	d8ee4652c3e1e67fe39765d6e5e9e5073be27f03d6a5786b8eda79d4e748a6e9
outputs/cluster_pulls/r2_manager/degree_based_router_v2.eval.json	4446	86e9db524c42d4b63fe76216532999357ea73db3eda1bc47e92a14cbb6c4035c
outputs/cluster_pulls/r2_manager/goal_first_context_blind_v2.eval.json	4401	15be37737f83fa5a1366043954151db5418fb01e9d55af0a65787a14320f0fb9
outputs/cluster_pulls/r2_manager/goal_first_manager_v2.eval.json	4596	e36326ccff44b2d66f610b2f2276a80aaaa8fa815afacdef886776d60a7dfe1a
outputs/cluster_pulls/r2_manager/predictions/degree_based_router_v2.predictions.jsonl	974127	34f77319372b29235c37af9efaa6a30c4b355e8dffaca82f867777ecd59a82be
outputs/cluster_pulls/r2_manager/predictions/goal_first_context_blind_v2.predictions.jsonl	1232221	3a05111910cdf5600597840a1f8c9f057a085f590484c9b78b9e4d32f49cf93f
outputs/cluster_pulls/r2_manager/predictions/goal_first_manager_v2.predictions.jsonl	1132622	b9e52d967bd91d87edaf28aab5a49e70e8db1028b4854f2fcabb5509f07b78e5
outputs/cluster_pulls/r2_manager/predictions/rich_conservative_manager_v2.predictions.jsonl	1146270	679b0bb4173b7625a5540c6a0b9b1435658000b245c3297beadde543b9c1b055
outputs/cluster_pulls/r2_manager/rich_conservative_manager_v2.eval.json	4576	73709f2d81a2bdf7bf7087730c8f906d5eb89acb79b8cf7028c8fea8c2183da1
outputs/cluster_pulls/r2_manager/run_manifest.json	2703	bf0234e28a820134dff299abfd2f987a97512e73b934a932715606e9527966f5
outputs/cluster_pulls/r3_manager/cpu_salvage_summary.json	755	d8ee4652c3e1e67fe39765d6e5e9e5073be27f03d6a5786b8eda79d4e748a6e9
outputs/cluster_pulls/r3_manager/evaluations/degree_based_router_v2.eval.json	4446	ed340d945b3966dc9a0e5c25cf488044a6059ac905c5820be6cbd25815b3ca60
outputs/cluster_pulls/r3_manager/evaluations/goal_first_context_blind_v2.eval.json	4401	6ca0e864b54e39dd375a33cf176d5202483ad5f9c35881dc86a4f5c5bbabeb15
outputs/cluster_pulls/r3_manager/evaluations/goal_first_manager_v2.eval.json	4596	e2b6acb4975a95f6a96d2b9164547587568c6279f05f6495a32bc47d6ce12a22
outputs/cluster_pulls/r3_manager/evaluations/rich_conservative_manager_v2.eval.json	4576	51184585500d250c252bbd03664ec239125f50af6c23805c8bc809c70af1147b
outputs/cluster_pulls/r3_manager/predictions/degree_based_router_v2.predictions.jsonl	974279	fb115ee30516f9cccd4c221fdded9cbbfa0fbb156b357fe8d14d38c994c98308
outputs/cluster_pulls/r3_manager/predictions/goal_first_context_blind_v2.predictions.jsonl	1232573	47cb88924d4d9783a3be8ab31b07f6fc0d00e5be45b91435b1a90d3b5911647b
outputs/cluster_pulls/r3_manager/predictions/goal_first_manager_v2.predictions.jsonl	1132774	0804ef80828c849f81874e391e6cf6a4cefc2e4c5b9ee09a5535cc82d3995338
outputs/cluster_pulls/r3_manager/predictions/rich_conservative_manager_v2.predictions.jsonl	1146422	93e2f4f9e9fed0b59c6d07b08bae87a735daa098433e005629298922e7cb8df7
outputs/cluster_pulls/r3_manager/run_manifest.json	2703	1ac0cf73fc9f9737f62720f792e43d20800af5b8243a6b0a4aa6e2761c543ede
outputs/cluster_pulls/r3_manager_pull.tgz	3010	8c5ccce66557b4ca77f97f49affb1e6d6a771617432fd07ba43bd2c1a1840d55
outputs/cluster_pulls/unified_55670/_remote_inventory.py	12129	7dac0f2f91e0dd7b5aac4ac0136cdefe4780c1dbd67d2b3fa3a386f045a3784f
outputs/cluster_pulls/unified_55670/_remote_sidecar_probe.py	2403	816d4afea5a514668f7eb23fa25bd09e184415663abd3439c2a4ac73237d0db1
outputs/cluster_pulls/unified_55670/_score_temp_evidence.py	15198	bc07ec8b5618f9697230db8c7bdd62c8974a7d6c92f310d8543e60ef8efc02c2
outputs/cluster_pulls/unified_55670/EVIDENCE_BRIEF.md	14984	101cc5b1a67ffbbfe0da4db25260aef1900e69bd717c61529487e08260d3730d
outputs/cluster_pulls/unified_55670/evidence_metrics_summary.json	41011	d5a7f3df51f275715f6e8e8a1a674439400614c98f23eb9b2a53e2b33e92d13d
outputs/cluster_pulls/unified_55670/mega_T0.0_R1/direct_base/direct_base_llm.eval.json	4331	b79b392cf8b26dcc605471f2a329c562dfee9bd8b225d7abb2b73d014f2f01db
outputs/cluster_pulls/unified_55670/mega_T0.0_R1/direct_base/direct_base_llm.predictions.jsonl	469277	ea03a739603ea72fc90ade06fff930ce86f6c887d9f0d9588b7d390579ce4a8f
outputs/cluster_pulls/unified_55670/mega_T0.0_R1/goal_first_v2/evaluations/degree_based_router_v2.eval.json	4724	8f80e66d5dacc3ba009cfbb4c9758c6a6202b5963a4e9d4f851db50e413e07d4
outputs/cluster_pulls/unified_55670/mega_T0.0_R1/goal_first_v2/evaluations/goal_first_context_blind_v2.eval.json	4693	e5b0fbf10fb51da00cd92db19376b0c0e574701d9c7578701d024390e81afc58
outputs/cluster_pulls/unified_55670/mega_T0.0_R1/goal_first_v2/evaluations/goal_first_manager_v2.eval.json	4870	1aa4788d9d0e402589f0db96067e6546d0577f1539af4da71bb42352b1178911
outputs/cluster_pulls/unified_55670/mega_T0.0_R1/goal_first_v2/evaluations/rich_conservative_manager_v2.eval.json	4830	6775405bffdc5b68d592937eaa3b42f19789b01e423b5ca55edb7b51ada36e46
outputs/cluster_pulls/unified_55670/mega_T0.0_R1/goal_first_v2/predictions/degree_based_router_v2.predictions.jsonl	938521	d7dbab20d7a4ba8fd1fb0ba7ea413fccd7762005d1b0194d3b289d8978cd3f4a
outputs/cluster_pulls/unified_55670/mega_T0.0_R1/goal_first_v2/predictions/goal_first_context_blind_v2.predictions.jsonl	1186394	a291baa0055e10d503536ab9b1429efc4c1752fe7d584188250ab705b38f5d1d
outputs/cluster_pulls/unified_55670/mega_T0.0_R1/goal_first_v2/predictions/goal_first_manager_v2.predictions.jsonl	1091241	c11969f383ec36605f856b6c26f2bffa787bbd27823451e2c076f515f5ac2af7
outputs/cluster_pulls/unified_55670/mega_T0.0_R1/goal_first_v2/predictions/rich_conservative_manager_v2.predictions.jsonl	1105104	d2f0e8cf3b8cb1439507a4d8d1352af409c41946470d4584ff9c6fd92f1567fd
outputs/cluster_pulls/unified_55670/mega_T0.0_R1/goal_first_v2/run_manifest.json	2883	69fb164c192a60d9c0b83cf1b9e326d3b4305b85f984edc21c14a400e060e6fd
outputs/cluster_pulls/unified_55670/mega_T0.0_R1/unofficial_adapter/t28_selected_adapter_llm.eval.json	4385	126ebb2fc99e1730f5c65d18c1d4cb25226e1946f4d11018c7c4e76e1d2a2b81
outputs/cluster_pulls/unified_55670/mega_T0.0_R1/unofficial_adapter/t28_selected_adapter_llm.predictions.jsonl	389187	db1090e792bfb26ee7a178641dd4cbed3833a92fe0719eb6fc0f2ff1056ea3be
outputs/cluster_pulls/unified_55670/mega_T0.3_R1/direct_base/direct_base_llm.eval.json	4309	c576029676c26d5e271c0c21a228ade5a2eef3f465d01b855151b6d3de0e9109
outputs/cluster_pulls/unified_55670/mega_T0.3_R1/direct_base/direct_base_llm.predictions.jsonl	486957	9ac8c7eb5fb7b9c712f1f90f48b497b8369a127b2378c41d4c97c22298a8c453
outputs/cluster_pulls/unified_55670/mega_T0.3_R1/goal_first_v2/evaluations/goal_first_manager_v2.eval.json	4918	3a24c58300d7dbbe467ff01c399c5b448c0c9dee27488170aae5346c17214f78
outputs/cluster_pulls/unified_55670/mega_T0.3_R1/goal_first_v2/evaluations/rich_conservative_manager_v2.eval.json	4920	9fab923c69a1f344a0e6f5763cfda8618f75c7f4e8a0073049bce024abb51c26
outputs/cluster_pulls/unified_55670/mega_T0.3_R1/goal_first_v2/predictions/degree_based_router_v2.predictions.jsonl	944295	40c0811e021fdda78190df5d314962260dccd2141993853f2659a798e4a7d3c1
outputs/cluster_pulls/unified_55670/mega_T0.3_R1/goal_first_v2/predictions/goal_first_context_blind_v2.predictions.jsonl	1235453	67ca3d5cd6e27463e2d6f2276f1ae80d9d15ce7a75ad3b17ccef0e60a67f09d1
outputs/cluster_pulls/unified_55670/mega_T0.3_R1/goal_first_v2/predictions/goal_first_manager_v2.predictions.jsonl	1113445	eb6cb83d69a3e03932c45de2da63adce89996cd1b06cb2566e238af38aace07c
outputs/cluster_pulls/unified_55670/mega_T0.3_R1/goal_first_v2/predictions/rich_conservative_manager_v2.predictions.jsonl	1128053	cfce4def2bf4f4c831aa943ea66ca816e28983f78d51ce6748cc2eeab87e88d1
outputs/cluster_pulls/unified_55670/mega_T0.3_R1/goal_first_v2/run_manifest.json	2504	dde87cae6764eab9cdf58152770f64371267e98f79e66ce63146456d806cbf67
outputs/cluster_pulls/unified_55670/mega_T0.3_R1/unofficial_adapter/t28_selected_adapter_llm.eval.json	4391	7b29365580bb066f7914a9a019ee1bc6e8c650435ead1163012628ef3c899fa1
outputs/cluster_pulls/unified_55670/mega_T0.3_R1/unofficial_adapter/t28_selected_adapter_llm.predictions.jsonl	429211	2f62fee5f0b4852a8cc3defe9d6a5bdaebdc649011b764c6b17b62ae7294aac2
outputs/cluster_pulls/unified_55670/pilot120_temp_inventory_55670.json	347065	ebfe70a2c7ac888897072a6897a4cef8719e9ca2990916321cf0dd3183dc2164
outputs/cluster_pulls/unified_55670/report_numbers.json	3299	2bb06675ffc0a72e20f71be46f663dec89cb7bf2f3facb2e505c6e2ba78e6b57
outputs/cluster_pulls/unified_55670/T0.5/evaluations/degree_based_router_v2.eval.json	4860	326cbc450c60f48aceb3e4c8399de5508f6cd7d4d106e429037a0849c0fc82dd
outputs/cluster_pulls/unified_55670/T0.5/evaluations/goal_first_context_blind_v2.eval.json	4611	1e749b937b37aed5ede9e7ac8f10178ebe02fb473ec648e3b682831363273dcf
outputs/cluster_pulls/unified_55670/T0.5/evaluations/goal_first_manager_v2.eval.json	4923	7ee81b5c52d155557c5f1e5bdd9274093a8b15e83d3e77f68abc41d832819fde
outputs/cluster_pulls/unified_55670/T0.5/evaluations/rich_conservative_manager_v2.eval.json	4970	0f43a761b4290423ff5e0e37dfe64b83e3b53419722bf1e854f6b07b14ac82c5
outputs/cluster_pulls/unified_55670/T0.5/predictions/degree_based_router_v2.predictions.jsonl	916457	3f0411606d50c4da199ecc9151ca686ad92806f66ed10bfa851bedd4c254efbd
outputs/cluster_pulls/unified_55670/T0.5/predictions/goal_first_context_blind_v2.predictions.jsonl	1083835	be168384f97209e5e0f3bb7783386d3f696523becb69470ff2428a58393a738e
outputs/cluster_pulls/unified_55670/T0.5/predictions/goal_first_manager_v2.predictions.jsonl	1009852	d3098593df2650fb47e95b4cdb93a6f42d3d9c0ec5ee284561dfb50e3c25db60
outputs/cluster_pulls/unified_55670/T0.5/predictions/rich_conservative_manager_v2.predictions.jsonl	1023673	dcc9ddb8a965c0e399e9dbf47325c3dce29761f62169cb03fc206eed4541e1e7
outputs/cluster_pulls/unified_55670/T0.5/progress.json	206	5c10fdd3eb5c26e7e45b7ad5263df1b3a8482641f3be851e024267d44ed3255b
outputs/cluster_pulls/unified_55670/T0.5/run_manifest.json	2377	cd71b2a1dba2320f4d44fba1102ea7903389e455c75f420aca17cf7d155c09a7
outputs/cluster_pulls/unified_55670/T0.5/scores/official_sidecar.json	14897	da364732eb52a7af4471c6f40c71a3ed9caaadfdb8c8302534c124016d267a65
outputs/cluster_pulls/unified_55670/T0.7/evaluations/degree_based_router_v2.eval.json	4922	df382d64c0a7e1ed539b38100ff23b81eb46b9e5d8cf0035df38fdf79bf429d7
outputs/cluster_pulls/unified_55670/T0.7/evaluations/goal_first_context_blind_v2.eval.json	4624	440e5e831fff6a92132583aa2b915180c1023d195251a27945fcbd4011bff8d9
outputs/cluster_pulls/unified_55670/T0.7/evaluations/goal_first_manager_v2.eval.json	5038	fd5cdb5cfb307842b82fbbc6ce95718527786dcf46b670fd416c02d299af1a09
outputs/cluster_pulls/unified_55670/T0.7/evaluations/rich_conservative_manager_v2.eval.json	5043	df7fc4826be994fa4756b306e6a8f3445cc0b670e57f2bb97ff22d9e2dcc288d
outputs/cluster_pulls/unified_55670/T0.7/predictions/degree_based_router_v2.predictions.jsonl	914100	4660b2f46814d1a8abe08f43da3f62771873d0a4151748784d13baf40834f6b5
outputs/cluster_pulls/unified_55670/T0.7/predictions/goal_first_context_blind_v2.predictions.jsonl	1091823	9f0a2415d0f4d8aef267934920e1438e98f290dffe2789943902e5fde9e5f3de
outputs/cluster_pulls/unified_55670/T0.7/predictions/goal_first_manager_v2.predictions.jsonl	1005616	f6912be54080393acac4b9baac507fb9218607b04b1fdbfff4b1f576d149c219
outputs/cluster_pulls/unified_55670/T0.7/predictions/rich_conservative_manager_v2.predictions.jsonl	1018462	339f8f70250a310d96acd08b0cd71792c7106a036f46d1b55d2a6ce0a13217e2
outputs/cluster_pulls/unified_55670/T0.7/progress.json	206	0d0d550daabe325842599ef62bc909c00d60a5fda5433d9674e3938269884623
outputs/cluster_pulls/unified_55670/T0.7/run_manifest.json	2377	82aafbb9e8b77c4e164fa249ce67f6ff4ff652198127444c0952894c65b2fb85
outputs/cluster_pulls/unified_55670/T0.7/scores/official_sidecar.json	14899	3b31130b3d191ef8146165267698d191e924b21ff49a846364c6a65b4dc9110f
outputs/cluster_pulls/unified_55670_live_20260918/p120-unified-55670.out	2194	d8d4b66ee601a06abffa400aebd5c29ddd6fbcac9e113b7dbe482e955ac95f78
outputs/cluster_pulls/unified_55670_live_20260918/pilot120_temp_priority-20260915/submission.tsv	202	dac9de6b4971e6c4f883849ea32dedb32aedeeffef21ccbaeaeffef86593887a
outputs/cluster_pulls/unified_55670_live_20260918/pilot120_temp_priority-20260915/T0.0/evaluations/degree_based_router_v2.eval.json	4873	360ad5254fc8bbc5587c0ff996a747425adc561808336fa4f2477e70569d2047
outputs/cluster_pulls/unified_55670_live_20260918/pilot120_temp_priority-20260915/T0.0/evaluations/goal_first_context_blind_v2.eval.json	4357	7dd1f96984c67379a63df38a1b88664103b7de2974dfca04662f9f139ac5db71
outputs/cluster_pulls/unified_55670_live_20260918/pilot120_temp_priority-20260915/T0.0/evaluations/goal_first_manager_v2.eval.json	5027	5858878e52c7e86c212d6a7c3a61d35932a241d6da134771405bac1a862d3dd3
outputs/cluster_pulls/unified_55670_live_20260918/pilot120_temp_priority-20260915/T0.0/evaluations/rich_conservative_manager_v2.eval.json	4949	c87531f6c8be1e392ed9d2050dd0781dac41d06e85540f7824a75a66fbdd2f21
outputs/cluster_pulls/unified_55670_live_20260918/pilot120_temp_priority-20260915/T0.0/predictions/degree_based_router_v2.predictions.jsonl	915505	b1e67982bc23672638411ebf4dd70a9f9a15f74511a645aecf463a27c850cab3
outputs/cluster_pulls/unified_55670_live_20260918/pilot120_temp_priority-20260915/T0.0/predictions/goal_first_context_blind_v2.predictions.jsonl	1105659	2b1ee4e4680459df60a6abeb75e420f880129103180ad6d1df5ec0f4f80df4db
outputs/cluster_pulls/unified_55670_live_20260918/pilot120_temp_priority-20260915/T0.0/predictions/goal_first_manager_v2.predictions.jsonl	1017727	faf129198e491141a934ba6e58cea378fe1c2b678701f801af59b837f6679583
outputs/cluster_pulls/unified_55670_live_20260918/pilot120_temp_priority-20260915/T0.0/predictions/rich_conservative_manager_v2.predictions.jsonl	1031580	bf00960e60ded41323a91c8c5bf52523c735af92e028c1836bb052c6afae30bf
outputs/cluster_pulls/unified_55670_live_20260918/pilot120_temp_priority-20260915/T0.0/progress.json	206	3381784a2568f528652f91133c8ba9e3518c6f83292f2aa8f6e8f7b941707892
outputs/cluster_pulls/unified_55670_live_20260918/pilot120_temp_priority-20260915/T0.0/run_manifest.json	2327	6a9bcb067f5e0897cfb5a9d8a027aa9c683c83b1b47a858bcb89d9b138784b89
outputs/cluster_pulls/unified_55670_live_20260918/pilot120_temp_priority-20260915/T0.3/predictions/degree_based_router_v2.predictions.jsonl	60058	8be70b159e2fb0f5951a0762ac2d9558685df91aec560036bccc1a4e5896ad63
outputs/cluster_pulls/unified_55670_live_20260918/pilot120_temp_priority-20260915/T0.3/predictions/goal_first_context_blind_v2.predictions.jsonl	67949	60da266f6cdb0d364a3bb8bd28833d04d37bc2aa499094540c1d7427e5f0ead0
outputs/cluster_pulls/unified_55670_live_20260918/pilot120_temp_priority-20260915/T0.3/predictions/goal_first_manager_v2.predictions.jsonl	65159	a07333d0d024eb1bd7968b8b21ca052f1fbf9f6f227ec545460ac2ae3902b83a
outputs/cluster_pulls/unified_55670_live_20260918/pilot120_temp_priority-20260915/T0.3/predictions/rich_conservative_manager_v2.predictions.jsonl	65651	9405aa2b1cb9d3a2bca5ad3944be4a20c1a140c86bae1317ffb929bb6852ff84
outputs/cluster_pulls/unified_55670_live_20260918/pilot120_temp_priority-20260915/T0.3/progress.json	184	0846ac451dde031185983c5dd388737f3201b96fd7750c1c53b00ad0dacfa811
outputs/cluster_pulls/unified_55670_live_20260918/pilot120_temp_priority-20260915/T0.3/run_manifest.json	1029	f6eb3c297061162b9fb769ee97079cc8903f5966a46e939ea175c1f2bfb769e0
outputs/cluster_pulls/unified_55670_live_20260918/pilot120_temp_priority-20260915/T0.5/evaluations/degree_based_router_v2.eval.json	4860	326cbc450c60f48aceb3e4c8399de5508f6cd7d4d106e429037a0849c0fc82dd
outputs/cluster_pulls/unified_55670_live_20260918/pilot120_temp_priority-20260915/T0.5/evaluations/goal_first_context_blind_v2.eval.json	4611	1e749b937b37aed5ede9e7ac8f10178ebe02fb473ec648e3b682831363273dcf
outputs/cluster_pulls/unified_55670_live_20260918/pilot120_temp_priority-20260915/T0.5/evaluations/goal_first_manager_v2.eval.json	4923	7ee81b5c52d155557c5f1e5bdd9274093a8b15e83d3e77f68abc41d832819fde
outputs/cluster_pulls/unified_55670_live_20260918/pilot120_temp_priority-20260915/T0.5/evaluations/rich_conservative_manager_v2.eval.json	4970	0f43a761b4290423ff5e0e37dfe64b83e3b53419722bf1e854f6b07b14ac82c5
outputs/cluster_pulls/unified_55670_live_20260918/pilot120_temp_priority-20260915/T0.5/predictions/degree_based_router_v2.predictions.jsonl	916457	3f0411606d50c4da199ecc9151ca686ad92806f66ed10bfa851bedd4c254efbd
outputs/cluster_pulls/unified_55670_live_20260918/pilot120_temp_priority-20260915/T0.5/predictions/goal_first_context_blind_v2.predictions.jsonl	1083835	be168384f97209e5e0f3bb7783386d3f696523becb69470ff2428a58393a738e
outputs/cluster_pulls/unified_55670_live_20260918/pilot120_temp_priority-20260915/T0.5/predictions/goal_first_manager_v2.predictions.jsonl	1009852	d3098593df2650fb47e95b4cdb93a6f42d3d9c0ec5ee284561dfb50e3c25db60
outputs/cluster_pulls/unified_55670_live_20260918/pilot120_temp_priority-20260915/T0.5/predictions/rich_conservative_manager_v2.predictions.jsonl	1023673	dcc9ddb8a965c0e399e9dbf47325c3dce29761f62169cb03fc206eed4541e1e7
outputs/cluster_pulls/unified_55670_live_20260918/pilot120_temp_priority-20260915/T0.5/progress.json	206	5c10fdd3eb5c26e7e45b7ad5263df1b3a8482641f3be851e024267d44ed3255b
outputs/cluster_pulls/unified_55670_live_20260918/pilot120_temp_priority-20260915/T0.5/run_manifest.json	2377	cd71b2a1dba2320f4d44fba1102ea7903389e455c75f420aca17cf7d155c09a7
outputs/cluster_pulls/unified_55670_live_20260918/pilot120_temp_priority-20260915/T0.7/evaluations/degree_based_router_v2.eval.json	4922	df382d64c0a7e1ed539b38100ff23b81eb46b9e5d8cf0035df38fdf79bf429d7
outputs/cluster_pulls/unified_55670_live_20260918/pilot120_temp_priority-20260915/T0.7/evaluations/goal_first_context_blind_v2.eval.json	4624	440e5e831fff6a92132583aa2b915180c1023d195251a27945fcbd4011bff8d9
outputs/cluster_pulls/unified_55670_live_20260918/pilot120_temp_priority-20260915/T0.7/evaluations/goal_first_manager_v2.eval.json	5038	fd5cdb5cfb307842b82fbbc6ce95718527786dcf46b670fd416c02d299af1a09
outputs/cluster_pulls/unified_55670_live_20260918/pilot120_temp_priority-20260915/T0.7/evaluations/rich_conservative_manager_v2.eval.json	5043	df7fc4826be994fa4756b306e6a8f3445cc0b670e57f2bb97ff22d9e2dcc288d
outputs/cluster_pulls/unified_55670_live_20260918/pilot120_temp_priority-20260915/T0.7/predictions/degree_based_router_v2.predictions.jsonl	914100	4660b2f46814d1a8abe08f43da3f62771873d0a4151748784d13baf40834f6b5
outputs/cluster_pulls/unified_55670_live_20260918/pilot120_temp_priority-20260915/T0.7/predictions/goal_first_context_blind_v2.predictions.jsonl	1091823	9f0a2415d0f4d8aef267934920e1438e98f290dffe2789943902e5fde9e5f3de
outputs/cluster_pulls/unified_55670_live_20260918/pilot120_temp_priority-20260915/T0.7/predictions/goal_first_manager_v2.predictions.jsonl	1005616	f6912be54080393acac4b9baac507fb9218607b04b1fdbfff4b1f576d149c219
outputs/cluster_pulls/unified_55670_live_20260918/pilot120_temp_priority-20260915/T0.7/predictions/rich_conservative_manager_v2.predictions.jsonl	1018462	339f8f70250a310d96acd08b0cd71792c7106a036f46d1b55d2a6ce0a13217e2
outputs/cluster_pulls/unified_55670_live_20260918/pilot120_temp_priority-20260915/T0.7/progress.json	206	0d0d550daabe325842599ef62bc909c00d60a5fda5433d9674e3938269884623
outputs/cluster_pulls/unified_55670_live_20260918/pilot120_temp_priority-20260915/T0.7/run_manifest.json	2377	82aafbb9e8b77c4e164fa249ce67f6ff4ff652198127444c0952894c65b2fb85
outputs/cluster_pulls/unified_55670_live_20260918/pilot120_temp_priority-20260915/T1.0/evaluations/degree_based_router_v2.eval.json	4906	58f3045b99a335fc0f35948feb2c599a6e87bb3fd94a02ce8bceb470bf0aced7
outputs/cluster_pulls/unified_55670_live_20260918/pilot120_temp_priority-20260915/T1.0/evaluations/goal_first_context_blind_v2.eval.json	4959	1ae8452bd40c0f7f3c5651e2754b4b02f474938b5b239fd9f8375654ce7037da
outputs/cluster_pulls/unified_55670_live_20260918/pilot120_temp_priority-20260915/T1.0/evaluations/goal_first_manager_v2.eval.json	5005	f4f653697019d7bdd8dc670347d0523065817543c41edd73e3cfc7c2b1b8be5a
outputs/cluster_pulls/unified_55670_live_20260918/pilot120_temp_priority-20260915/T1.0/evaluations/rich_conservative_manager_v2.eval.json	5051	94ef57180478f6c23cd5569ba9c1ba943bf2bba1831599cb96374b8814407edd
outputs/cluster_pulls/unified_55670_live_20260918/pilot120_temp_priority-20260915/T1.0/predictions/degree_based_router_v2.predictions.jsonl	922272	12a2cd8aa3eebeaaef1b55bc4cc61ff71a66030b56d5a5d49c41a02094745e17
outputs/cluster_pulls/unified_55670_live_20260918/pilot120_temp_priority-20260915/T1.0/predictions/goal_first_context_blind_v2.predictions.jsonl	1093644	53403bbf25755ab1315b958e272a4667916edc4efefdc7b2812221e6923f5946
outputs/cluster_pulls/unified_55670_live_20260918/pilot120_temp_priority-20260915/T1.0/predictions/goal_first_manager_v2.predictions.jsonl	1012819	e1f4f55eb00cc73a958b099dd03073d3b30844c2065924da1b192f2feeaba603
outputs/cluster_pulls/unified_55670_live_20260918/pilot120_temp_priority-20260915/T1.0/predictions/rich_conservative_manager_v2.predictions.jsonl	1027571	3f6f2e51ce7936508b9031c0c581ebc3048aa9191c117704af91342f4b7137f1
outputs/cluster_pulls/unified_55670_live_20260918/pilot120_temp_priority-20260915/T1.0/progress.json	206	a0f856b487781cad74b237d0d5c044720374ebd03614f46563344334018230f3
outputs/cluster_pulls/unified_55670_live_20260918/pilot120_temp_priority-20260915/T1.0/run_manifest.json	2603	99f52d57e8190338a781feb688862f628c7eb6ae8936c49b8634d04a088507c6
outputs/cluster_pulls/unified_55670_live_20260918/pilot120_temp_priority-20260915/unified_submission.tsv	132	363b67e4290130bf06d2afa189600727bfd4ff5d588ffb6ccbccd6b5fa46cad7
outputs/cluster_pulls/unified_55670_live_20260918/T0.3/evaluations/degree_based_router_v2.eval.json	4873	e1a686b02cddd9e2b10e97b26d9d010c8035115793b1a1376849053366b67453
outputs/cluster_pulls/unified_55670_live_20260918/T0.3/evaluations/goal_first_context_blind_v2.eval.json	4452	5b825a4d5958b438a9f326c5c4af5a6aff8f16f369fd0244f5ddd3a7e1fd705e
outputs/cluster_pulls/unified_55670_live_20260918/T0.3/evaluations/goal_first_manager_v2.eval.json	5005	32c0f6da73fa7bcca484b391a2b9dc0f7c834317eea64015d105386c99635178
outputs/cluster_pulls/unified_55670_live_20260918/T0.3/evaluations/rich_conservative_manager_v2.eval.json	5017	13bd44731da59a755b85e5c94d74889405dba1d5d40a5120a8e5381b19d7a471
outputs/cluster_pulls/unified_55670_live_20260918/T0.3/predictions/degree_based_router_v2.predictions.jsonl	913882	69cc8f5b7e26c1ad40ba5cf464bf7324aacf6a0f7fdca484e0fa72e48bd4539a
outputs/cluster_pulls/unified_55670_live_20260918/T0.3/predictions/goal_first_context_blind_v2.predictions.jsonl	1097975	584d1deeb43d07b6506c5e2968b9366fa8ec2daa92d9d5df5c1c3241c4149198
outputs/cluster_pulls/unified_55670_live_20260918/T0.3/predictions/goal_first_manager_v2.predictions.jsonl	1012902	665a76b9c720218127583036cd5181506fb1d5c25e939e2d91c6e8e0e5596f84
outputs/cluster_pulls/unified_55670_live_20260918/T0.3/predictions/rich_conservative_manager_v2.predictions.jsonl	1025110	16ca6c1f242b2a47dd388da543ab045e848db342234dad300d6238ddfa12d274
outputs/cluster_pulls/unified_55670_live_20260918/T0.3/progress.json	203	182b4fea7e399c7e05d7b97006fb2a58c1b22d68d5d148a27141b0c0ae5daacb
outputs/cluster_pulls/unified_55670_live_20260918/T0.3/run_manifest.json	2536	592cf8287325cb42ce52f77c2c0c211e22d6597184148b7644bbfb02d22ac681
outputs/cluster_pulls/unified_55670_live_20260918/T1.0/evaluations/degree_based_router_v2.eval.json	4614	b17d348a1a6b6830f78532fa8da748510b170f9bd7920c8ed04ca3a36c0eafe6
outputs/cluster_pulls/unified_55670_live_20260918/T1.0/evaluations/goal_first_context_blind_v2.eval.json	4632	20053162ff77e2feca692deaad41245242e1e7637eb722c6ce9a5022c1eaa9f7
outputs/cluster_pulls/unified_55670_live_20260918/T1.0/evaluations/goal_first_manager_v2.eval.json	4741	f9f60cff5da4d9bb56c9af633219650d901b6c7f2d7de21bad746b48c7b292bf
outputs/cluster_pulls/unified_55670_live_20260918/T1.0/evaluations/rich_conservative_manager_v2.eval.json	4786	42865a30deacc27283fde3f89b396ac4160b92e2f9a9dd5534a3c140a2ada6cb
outputs/cluster_pulls/unified_55670_live_20260918/T1.0/predictions/degree_based_router_v2.predictions.jsonl	940547	27d416dcc89a05bad1563da87c9b04227802a1b95a702324339fdfcba44e19bf
outputs/cluster_pulls/unified_55670_live_20260918/T1.0/predictions/goal_first_context_blind_v2.predictions.jsonl	1099441	502a63cb9b0143b837b944288dd1aedfcf9d837ea6162966c4da96de88703a72
outputs/cluster_pulls/unified_55670_live_20260918/T1.0/predictions/goal_first_manager_v2.predictions.jsonl	1035038	2c1caac0e67af7f2f97e1f6ff81272be589e0fc81878d4b0239eae784afb62b9
outputs/cluster_pulls/unified_55670_live_20260918/T1.0/predictions/rich_conservative_manager_v2.predictions.jsonl	1050357	37878bc4321ec9ba3746e79c760eb20ec8dfde65b0ab054f752d18af91e2bef7
outputs/cluster_pulls/unified_55670_live_20260918/T1.0/progress.json	184	1aad776bbacd11ef3739b9032ec0f840128ec0a962eee823692b8c1ee7d0241b
outputs/cluster_pulls/unified_55670_live_20260918/T1.0/run_manifest.json	2009	38c8aa44dc962a4551c43833b50d1ff3d06b7611ee4429470016a25fba1ec52c
outputs/cluster_pulls/unified_55670_repaired_20260918/T0.7/predictions/goal_first_manager_v2.predictions.jsonl	1014960	e6cb2070aa56c566f955ce064775ffaac489a82962135ee69445b6e53182f258
outputs/cpc_status_vs_value_20260914.json	5105	814855c37e10f11e426d965d9f090805f7786c5f5c88bc01f4d293d45656caf7
outputs/dataset_native_eligibility_audit_20260902.json	4284	17706a197ec0958a1e723c7474bf455791a6f1c1ffd4566584d44a6d36e18314
outputs/dataset_native_eligibility_audit_20260908.json	4284	17706a197ec0958a1e723c7474bf455791a6f1c1ffd4566584d44a6d36e18314
outputs/dataset_native_eligibility_audit_20260908_recheck.json	4284	17706a197ec0958a1e723c7474bf455791a6f1c1ffd4566584d44a6d36e18314
outputs/dataset_native_raw_data_audit_20260911.json	161990	0bec7b5009eb016e9ee4bde17927022e8c833a28092476d8561b866ac842a3db
outputs/environment_probes/resource_measurements.txt	477	7a43176a5f8b42b003219957d512769e00a4289ecc3c7f28725eab0bc812f562
outputs/environment_probes/t12-inference-wsl2.json	1495	b65dbb922ebc4cddb32796ba2c0821874efd80b21a0b5433a92f31e8f4e140b4
outputs/environment_probes/t12-training-wsl2.json	1707	407156ec2de5043b58ec3cbc3dad852314be8339413aaf7df90747faffe52a61
outputs/field_rescue_audit_20260918/_run.log	20988	c55705f47639f838deb224239176c7641a8d8398a7bba98a2d37057a2fe1bdb7
outputs/field_rescue_audit_20260918/field_rescue_summary.json	10516	1090eae2259987eea716d90350a1b7c6092478529b9e6401f218faeefb6b3995
outputs/field_rescue_audit_20260918/wording_harvest_rows_emit.json	6520	a5e6375183cd066d49a5a563ffa503655b1c01f55f8403447cc1835f94b93f57
outputs/field_rescue_audit_20260918/wording_harvest_rows_llm_route.json	7122	3ef0fd8f509a1eee608805802ec93105f23aafd8d7c53ee2a979b23f2e82ebe0
outputs/followon_native_scores_20260912/followon_native_score_summary.json	17225	8c11dd710c3825fbe329247dc339609c9a678c21378e4c1b934df8a36e31c719
outputs/followon_native_scores_20260912/gemma4/ambik_score.json	184766	a86f7b1f3ad2f5938bba8845f2e789c361ff36c024a340d4e2c224ac7bd506ee
outputs/followon_native_scores_20260912/gemma4/clara_score.json	2723199	1fadd3a714dd6f7f9b6d4cb6aeb5140f82a3062ab82e8fb55f952f8460a1bf86
outputs/followon_native_scores_20260912/gemma4/indirect_score.json	254034	53dcd7feeb58e034ba783f184f27c088cc6177a50b4e2b97decbd8400b0d3f69
outputs/followon_native_scores_20260912/gemma4/vague_score.json	772717	8b741deb2a0036f097b56d5e23d98e4f19f8a4a40fc8fec736f69a25a2534811
outputs/followon_native_scores_20260912/glm47/ambik_score.json	184804	8d68d7d4061c02d3c25788b30d73b9e02c54d62e126844cc1d150ad0cec12d86
outputs/followon_native_scores_20260912/glm47/clara_score.json	2715922	bc6551b679d4435c9baa729a7174452cb937ca9e7693b147d707869601ef4707
outputs/followon_native_scores_20260912/glm47/indirect_score.json	254127	5d57ee3b3fb737b22faf77950410b2808a0d80044c5201b50e8a04c85c73fc7f
outputs/followon_native_scores_20260912/glm47/vague_score.json	772707	5db5bdd2b579be94ec73c14ec16af4ae21d92bdb7f63fd2117305c4e4eccce3e
outputs/gfv2_intent_summary_goal_trace_proxy_20260912.json	2961	3a3da551b2536b18313718c1b6e007164f516b0a04cc879de9c41acfcd3fc9b1
outputs/gfv2_intent_summary_goal_trace_proxy_rows_20260912.jsonl	133238	8dc4aea096c807ad0e83a054e431eea090ec5f38a400db7823c5c6031501f952
outputs/gfv2_intent_summary_sgc_packet_20260913/blind_judge_pass_1_120.jsonl	294148	1ad2a8cdcc2f872fb4aeb1ce89acda5bdc1e0f0c9b18bb1a9b659ce670c4c620
outputs/gfv2_intent_summary_sgc_packet_20260913/blind_judge_pass_2_120.jsonl	285916	8fa81f6bcd47d89571bd6b22a5bc249b894c0aef1763484b15d69f5aa1e00cb0
outputs/gfv2_intent_summary_sgc_packet_20260913/blind_semantic_goal_judge_packet_240.jsonl	580064	76977c25a72f65477183c92a15992bf7cd20d953a70716e74c3c44295c0a839a
outputs/gfv2_intent_summary_sgc_packet_20260913/intent_observable_traces_240.jsonl	266793	f5a80382a2e117a35b5d5cc2b0f58dcfdc1f0eca7bd11ad0cc79d62563304a30
outputs/gfv2_intent_summary_sgc_packet_20260913/PACKET_AUDIT.json	1660	c91db351392a4d75717849f318c217d780c766143afe9f1760f5892b8cc8a9ad
outputs/gfv2_intent_summary_sgc_packet_20260913/README.md	766	8f2b9bdd88d189f03e469f4ecc38474a4ca81088a49dabde0b7986a0b3ffd46d
outputs/gfv2_intent_summary_sgc_packet_20260913/SEALED_evaluation_mapping.jsonl	27240	ad9a5399fc919a2388d6f3454cc02ad579635ea3f216f77ddc828b2780b24e2c
outputs/gfv2_local_lane_a_20260912.json	88723	947a1a133c5d2d713ea3853762d92f38dbaa2086e9efcf1b8bc93129323482ab
outputs/gfv2_local_lane_a_rows_20260912.jsonl	124826	487ca4d60ddb828948926fad7cb3d9b98bc48af40a24721c1c2e3703b3a274ba
outputs/gfv2_r1r2_ablation_20260912.json	21153	f2ddf93cc65618f394e251c8e99413bc58f3b994d359c0b899d1bd15f0cd8f3d
outputs/goal_and_route_ablation_20260913.json	4018	99acdee64c234bef9f03e914b1c9a2196c1b8ac42daaa077b9e3028d7aee39d9
outputs/goal_first_manager_v1_counterfactual_20260911.json	29464	7232b90d65fea03c90177650e5f54c5b029f8f2a3bf5aed2c701cc6826cf4a2b
outputs/goal_first_manager_v2_counterfactual_20260911.json	29813	af69a0079ba7a06879322d13e428ff21ae31c4dde6d772ac24aa5d4a9f86271a
outputs/hardware/raw_evidence_20260711_103304.txt	7310	92b87885a26e6ed94fa2734b0f6ce07356e3c9e6a8ef51a1a01799cb38a35896
outputs/hardware/raw_evidence_20260711_103314.txt	8996	09ffb902415309ea7603ed989ab77f96f8420cd55706933025f011f056ca6684
outputs/HOLE_PLUG_LEDGER_20260914.json	809	c9dcdbc2787e333f38e3230dfc28ad7813e74bfe830b3a9272d9551391699395
outputs/indirect_effective_input_ledger_20260911.jsonl	180146	1633b4b2d6d200b3f42abe69ce957740fda0e8d53df5b49e97f4dcd54ed98829
outputs/indirect_pragmatic_key_20260908.jsonl	247128	32eb20d42d2d8ea6f73820c7831a5e367f3310eb00f5dddf1837fea4c96720f8
outputs/indirect_pragmatic_packet_20260908.jsonl	397570	bff672bc6e5cd3637e3def9f7095dcb384328e714b6c63cf915ecdb161b3a307
outputs/indirect_requests_native_context_key_20260908.jsonl	319510	948f5871fa8fec1a0345d2dbc3053dd05beda386368e1b75ae833eb9aa3adedd
outputs/indirect_requests_native_context_packet_20260908.jsonl	367672	6b05ecce814cc00cf433f26a882ad5e69ccdbe79aac08f723c3aeb944aa8bc6c
outputs/live_six_closed_forms_20260913.json	2079	7476d299aea405c548909f11e833a2429c97cc8e373cce10d587b19a99a25879
outputs/local_proposal_gaps_20260913.json	3023	72ece70187628e8f9f9787164d528e174252f119b9f2440bd6acd4b4b3755281
outputs/manager_experiments/synthetic/synthetic_smoke-a97f9e8a1becee93/failures.jsonl	5608	130ba999758d40bc4c4eedced9751dc1aeb40ffde685e5eadd37dd0abbf176a5
outputs/manager_experiments/synthetic/synthetic_smoke-a97f9e8a1becee93/results.jsonl	384209	b76aca85b7d3630eff4edd991a8181ac2b92ee2f74f78581d2830fcf3d55b28e
outputs/manager_experiments/synthetic/synthetic_smoke-a97f9e8a1becee93/run_manifest.json	120212	504a4904d83d49a7fb915ae847b8a626406a79543a4596bd48371f4f2f7106e1
outputs/manager_experiments/synthetic/synthetic_smoke-a97f9e8a1becee93/summary.json	1715	4f78d081de56787da9e3b1c6d88e2134b8de8c56e0a726e1e2b80fbe61b41b83
outputs/manager_experiments/synthetic/synthetic_smoke-c93ba3e9b3056fd6/config_snapshot.json	1091	51e39500fe3f70a1ffe41a5e149e70be31e09979c1ba3c8e25c89e0dc2851c4e
outputs/manager_experiments/synthetic/synthetic_smoke-c93ba3e9b3056fd6/eval_all_stdout.json	1032	258bd09ba9318c977b2f8cd1b5d849e1f8f850c317020c5a1ce06a59558cfe73
outputs/manager_experiments/synthetic/synthetic_smoke-c93ba3e9b3056fd6/evaluation_bundles.json	1042237	7436f3d2c38a9707a6c7d5e329876bd16a0ef91d497101c3e2b344b64b09af31
outputs/manager_experiments/synthetic/synthetic_smoke-c93ba3e9b3056fd6/failures.jsonl	0	e3b0c44298fc1c149afbf4c8996fb92427ae41e4649b934ca495991b7852b855
outputs/manager_experiments/synthetic/synthetic_smoke-c93ba3e9b3056fd6/input_manifest.json	113875	079890b1816fef4d44fb8a55aee19fa023bf3bc85892504bb86c9a06d5dcd812
outputs/manager_experiments/synthetic/synthetic_smoke-c93ba3e9b3056fd6/results.jsonl	390289	f5f4a803edb213e012ce6eaff9a4881017dcf77f3f6f242a5e0b322fe114a672
outputs/manager_experiments/synthetic/synthetic_smoke-c93ba3e9b3056fd6/run_manifest.json	133072	a4ad093cb6e4e0518e0d48a2fec80e60d646cf7a21abf92d2ef0bea0fa760d97
outputs/manager_experiments/synthetic/synthetic_smoke-c93ba3e9b3056fd6/summary.json	1714	10a6c6c684a92aec507b008a82a800e5085d985554836f9fe987ea87f30d1c11
outputs/manager_experiments/synthetic/synthetic_smoke-c93ba3e9b3056fd6/verification_report.json	1908	cb9303fc026ffcf8fbf3016fbc835a2147d2cc229a52203ba1d8349be36bef9b
outputs/manager_experiments/synthetic/synthetic_smoke-ccb76d711822f2c7/failures.jsonl	0	e3b0c44298fc1c149afbf4c8996fb92427ae41e4649b934ca495991b7852b855
outputs/manager_experiments/synthetic/synthetic_smoke-ccb76d711822f2c7/results.jsonl	426722	c96a94250aa730a036dd1d0dc485c3ed22df2b3d0edac590856601d6f8f826f3
outputs/manager_experiments/synthetic/synthetic_smoke-ccb76d711822f2c7/run_manifest.json	1750	48911b1034cfe86f77a659adb316ceebd25d3549475434fcabc13e01079dfe8b
outputs/manager_experiments/synthetic/synthetic_smoke-ccb76d711822f2c7/summary.json	1693	7d4865289e0ec4ee86076587e439c78f939788eba24d80edc3e36d87ff053eda
outputs/manager_experiments/synthetic/synthetic_smoke_hardening_v1/failures.jsonl	0	e3b0c44298fc1c149afbf4c8996fb92427ae41e4649b934ca495991b7852b855
outputs/manager_experiments/synthetic/synthetic_smoke_hardening_v1/results.jsonl	428424	d911ead00f9cf9f0f0ceeab0ce10436af5d9e1df814ef903b7f45ac8ee8364eb
outputs/manager_experiments/synthetic/synthetic_smoke_hardening_v1/run_manifest.json	120038	fef22d68d553e236a5f1b72d88725d1cb7c48e6ab443a94bc617f53ee393fbb0
outputs/manager_experiments/synthetic/synthetic_smoke_hardening_v1/summary.json	1714	eb19b5aa517a715636784bf13f21414dd261e6394e13520455456702e364dd80
outputs/manager_experiments/synthetic/synthetic_smoke_hardening_v1/verification_report.json	1360	0908089871b14b0b1f1b6b151d59aad3859ca1f8c086a8d9be13daaab063f8e7
outputs/manager_experiments/synthetic/synthetic_smoke_hardening_verify_20260722_194432/config_snapshot.json	1091	51e39500fe3f70a1ffe41a5e149e70be31e09979c1ba3c8e25c89e0dc2851c4e
outputs/manager_experiments/synthetic/synthetic_smoke_hardening_verify_20260722_194432/failures.jsonl	0	e3b0c44298fc1c149afbf4c8996fb92427ae41e4649b934ca495991b7852b855
outputs/manager_experiments/synthetic/synthetic_smoke_hardening_verify_20260722_194432/input_manifest.json	101451	79ac15316b33509440d247f57be9898e33909b932e9d374a08b428b0f27f5f8b
outputs/manager_experiments/synthetic/synthetic_smoke_hardening_verify_20260722_194432/results.jsonl	428424	d911ead00f9cf9f0f0ceeab0ce10436af5d9e1df814ef903b7f45ac8ee8364eb
outputs/manager_experiments/synthetic/synthetic_smoke_hardening_verify_20260722_194432/run_manifest.json	120098	18603ca957e0a0ff5a0f5a683d5cf40c9e7e68e1ec3fc9edb0b7ca2d5e27bd0e
outputs/manager_experiments/synthetic/synthetic_smoke_hardening_verify_20260722_194432/summary.json	1714	898a59b7c4932a3e307b6010900d9b91d8a9b39f2cb22b80aceabd244f4820b2
outputs/manager_experiments/synthetic/synthetic_smoke_hardening_verify_20260722_194432/verification_report.json	1451	c621a0341ce0e79820a95a3d429c9f0dd3cf75de4762397f65c2c833f85e5d96
outputs/manifests/schema_v2_migration_manifest.json	4833	aedf91d769f0c715246e14a1e7fde95c102799b545786a46cc81aaee4c591fd3
outputs/manifests/schema_v2_weak_pool_manifest.json	4432	a78c11342e7939851f8b956299225fd8aa276544ddaf2d1b5ca90b9baff88b25
outputs/manifests/weak_pool_manifest.json	5017	daed5412fa30a587530cce4c4247ebd40f6106cdc0f7d4f7f333036e9c3bd5f8
outputs/mechanism_deep_dive_20260911.json	48697	0c20c08496564d533c6dbeb075ce94740e47fb74f9be73f15b8a2e244ad663e0
outputs/metrics/_t05_red.txt	2968	5baf9a37056158b0b1b7f60c6832d26491410a570449678a474cce83d0022015
outputs/metrics/_t08_analysis_min.json	17322	24a8d9d9a36949f770bb44ac7d695a6d931b49491e980d235aad2e3f248ef90b
outputs/metrics/_t08_analysis_scratch.json	38847	bcc4b84d3ac2fce5e9e307100de78b272cacac9c9f9b326b6af4bce34a808972
outputs/metrics/_t08_run_full.json	38852	375456e52fe70812dfcc8d9bcede127096fd5ab1c0aa445a2f7cfbdad33b6ece
outputs/metrics/ambik_conversion_summary.json	969	3d99f509ddc07de794e945ce650c2b21879c56a141d57502694372be04a4fff0
outputs/metrics/clara_conversion_summary.json	976	8450e4a3772e3594e995caf4e043b7bf84b0a4f615c1655df2b7ebbc8e34c7ac
outputs/metrics/clariq_conversion_summary.json	1273	278da0546f47f573baeca3217daaa179b6603147c39a4491d8eca512ffcf076e
outputs/metrics/codraw_icr_v2_conversion_summary.json	2322	70cf7fb6a0132e834196da6dca6c501b4f6836e6b6851c017316c51b4da78870
outputs/metrics/dataset_audit.json	39981	97e77bbae638bc394e61ee400ad0b89dd2023403b2304e96dc7df8728005585b
outputs/metrics/indirect_requests_conversion_summary.json	2254	dd98e8b70289bed1b8ae4bca903c8e85519132308e7fbe916a427dc12e2b8a23
outputs/metrics/schema_v2_migration_summary.json	518	a556c87a1319062a24ecd27a5c4142c8ec6f04741543283a27f44a9a037e3079
outputs/metrics/vague_conversion_summary.json	975	c881dba8b49ce6a1daed3eab1aeb308e7746784b899f05877d89e5475978f4cd
outputs/metrics/weak_pool_summary.json	3517	90d521eb1832fe01c4036c2f6c51fd1495e039bc27a82fd36ce513edb6222d6c
outputs/model_downloads/raw/download_20260711T101813Z.json	287	ef15d8988fc5c344d4e1e08dfea6a6b34c93883906f1aa0bf51b11717407efae
outputs/model_downloads/raw/dry_run_20260711T100737Z.json	1261	b40ed654d73e5652c6685d47d8b92d1666490961353654710255ec748bfce0db
outputs/model_downloads/raw/preflight_20260711T100700Z.json	763	d342c2aade58ac1d1cf49aa211685eaa0533cfef8517cc924686c6a364fea51f
outputs/model_downloads/raw/verify_20260711T102918Z.json	603	845ca240f268a5bf2db1e67682cf2d96dc9dd06e086dfa977fcbeb367f1c2b01
outputs/model_downloads/raw/verify_20260711T104451Z.json	603	845ca240f268a5bf2db1e67682cf2d96dc9dd06e086dfa977fcbeb367f1c2b01
outputs/model_downloads/raw/verify_20260711T104540Z.json	603	845ca240f268a5bf2db1e67682cf2d96dc9dd06e086dfa977fcbeb367f1c2b01
outputs/model_runs/raw/t12_smoke_syn-001.txt	586	f1f2350ee21f1ee74ad0f0ac3189b54ee10f4ca01eaaf6f9d6718e1f1c4c93c9
outputs/model_runs/synthetic_evaluation/raw/t12_syn-001.txt	586	f1f2350ee21f1ee74ad0f0ac3189b54ee10f4ca01eaaf6f9d6718e1f1c4c93c9
outputs/model_runs/synthetic_evaluation/raw/t12_syn-002.txt	434	b599504af7bfeebe239ca5b40972547f8d2465ba9107f1c2cb6f334847edc93c
outputs/model_runs/synthetic_evaluation/raw/t12_syn-003.txt	536	1ff0ffc88e6f9ce50e92c18aee011381d705f0d4cb84afd5dcd8d12b915b0366
outputs/model_runs/synthetic_evaluation/raw/t12_syn-004.txt	640	a01a5d002ef51bc5bd0237626064440360614f06964cf792b19c171e6357ffb9
outputs/model_runs/synthetic_evaluation/raw/t12_syn-005.txt	607	fc65f67f2312adb4f67776ddd6c969850f0405d8b8ce332bca596b361d409e45
outputs/model_runs/synthetic_evaluation/raw/t12_syn-006.txt	649	ce0931c81d0387d9b5cf0934fe0ff168b51c5c60176d8c0d157f5c97738f1a2b
outputs/model_runs/synthetic_evaluation/raw/t12_syn-007.txt	589	8d3b37d8d7f6c82e48c6143a82378ecfc90cb0f47a7b849dd3054aa7a31f28f2
outputs/model_runs/synthetic_evaluation/raw/t12_syn-008.txt	728	473ae7b8605258b371639959b432cb2728e6bd0b1d9b8402f6ee4ab86714a567
outputs/model_runs/synthetic_evaluation/raw/t12_syn-009.txt	493	cea4521a282cfbed22dbdaf649279c8f94f55e5cc8dc6336f5cccc6937e6425e
outputs/model_runs/synthetic_evaluation/raw/t12_syn-010.txt	486	54397132fb60f047158245a67f5a899d6b2fe40f80ecc6334746ddf31efa2f05
outputs/official_sidecar_followon_20260914.json	24554	ae91eaec11cdf2007c98bf7861f7d00335f505560b0b74a51f2b7eb3f3de949d
outputs/one_turn_recovery_20260922/00_FROZEN_PROTOCOL.md	2358	ab780a7cd4ef661868a1fc578b108fc7bae2dde47b335bb2aad84092d895285b
outputs/one_turn_recovery_20260922/01_frozen_manifest.json	4084	06f1ffb5f38aa59997b3473b9343682c96dc2bb000f20cfb58fc9ff9e0833b08
outputs/one_turn_recovery_20260922/02_primary_cohort_22.jsonl	34701	1b623af79f45eaeb80b3f556d93c928f0e805fa69d8c44b8de7a4f135fbc55a9
outputs/one_turn_recovery_20260922/03_secondary_cohort_26.jsonl	41112	c7c4595b0aaa9ea8f735a6d16d010a694337d8c7fcc64aa41b7d109b5ed20146
outputs/one_turn_recovery_20260922/04_oracle_responses.jsonl	62464	4e72e07df1136c416f5b3063c14cfd48d03a085a4a4fd13790dcd18820edc0ff
outputs/one_turn_recovery_20260922/README.md	1667	6398ac29f7b83b09dc93271e4937e295d4cc18e58a68f07f93194318e876de51
outputs/one_turn_recovery_20260922_cluster_xfer.tar.gz	1275933	cae32c4e480415c5556acdfb88256aad73f62440a8431ff66c03a9fb6977a7a7
outputs/p120_full_analysis_20260923.zip	2435630	0305b1e9ab062876ee6ee89778cc6028d2eaf01718b7dd0295944e7d9cb81a01
outputs/p120_results_in_progress_20260923.zip	565272	f700c007fe08f2cef22bd142342421961d87d90a2f44f7767cd5796949383d14
outputs/paper_writer_handoff_20260922/A_EVIDENCE_FOR_PAPER/00_START_HERE.md	2130	483b600ed6e589226420c13604117813453f40d026ddde7d41ec03cfb342db3e
outputs/paper_writer_handoff_20260922/A_EVIDENCE_FOR_PAPER/01_scope_and_boundaries.md	1335	d38b9b6b9e53efacb941c1327fce6d28ea4596845603f4da13b04f889289697a
outputs/paper_writer_handoff_20260922/A_EVIDENCE_FOR_PAPER/02_protocol_and_systems/00-how-to-read.md	1199	766b2bc0a648349da499a638d8ca978ba96545f07f4aebceddefb09ec39fdfbd
outputs/paper_writer_handoff_20260922/A_EVIDENCE_FOR_PAPER/02_protocol_and_systems/01-primary-question.md	4611	6258cdcae57821423b0a2eebbcda92f5d5ad6ecebd48d2196c211454ac4c706b
outputs/paper_writer_handoff_20260922/A_EVIDENCE_FOR_PAPER/02_protocol_and_systems/01b-the-six-systems.md	5153	05cf8cfffc36695cd532d06490b00c17da91248024aa887a4208a0c8492c80c0
outputs/paper_writer_handoff_20260922/A_EVIDENCE_FOR_PAPER/02_protocol_and_systems/02-introduction.md	3767	c66afc991f31f0bd06dedb5bcd062df2d3122ed7bebf0e9f063e586288c82ccb
outputs/paper_writer_handoff_20260922/A_EVIDENCE_FOR_PAPER/02_protocol_and_systems/02-what-we-are-measuring.md	1047	802c70fd874f248f70dc7e5eeea312f147ac9a607fa417b127c9f152f2f3b65c
outputs/paper_writer_handoff_20260922/A_EVIDENCE_FOR_PAPER/02_protocol_and_systems/03-problem-background.md	3256	73df455ca2dc9492cd3ab191ceb7f9068228cdd6e9ec0f41903802d758a8584f
outputs/paper_writer_handoff_20260922/A_EVIDENCE_FOR_PAPER/02_protocol_and_systems/04-research-question.md	4761	8f44b4d6d5078b9d559f86c2054ef3074ad1dafb9d72cf92cd4e70a620b1e428
outputs/paper_writer_handoff_20260922/A_EVIDENCE_FOR_PAPER/02_protocol_and_systems/05-methodology.md	7893	4f6d3a69402214287078fcbff3b9ba5310e2a857d6f9c37050386ae3426a2d32
outputs/paper_writer_handoff_20260922/A_EVIDENCE_FOR_PAPER/02_protocol_and_systems/17-experiment-map.md	7701	20264dae8a7c1801bec5e5980cfae4f075133f22b41d2b1b2d9b7f1c5e7299b4
outputs/paper_writer_handoff_20260922/A_EVIDENCE_FOR_PAPER/02_protocol_and_systems/glossary.md	1784	9dbb8bc6f08771df28d0dcc68499e1630b4c3ece78bca6aea90c08a36c73af3f
outputs/paper_writer_handoff_20260922/A_EVIDENCE_FOR_PAPER/02_protocol_and_systems/README.md	2314	aafdc691a3811e84d98a2c956b4df265da94bbdd664919792232602642f4861d
outputs/paper_writer_handoff_20260922/A_EVIDENCE_FOR_PAPER/03_gold_and_metrics/intent_gold_references_120.jsonl	204059	70deb7a53b21b63392393d243a5e5f92631dd582f6c1bc04363cdb5077c94462
outputs/paper_writer_handoff_20260922/A_EVIDENCE_FOR_PAPER/03_gold_and_metrics/pilot120_interpretation_gold_final.jsonl	531916	83e333bb68831ea4414f1d7f50d5c001ae65df2be7e6d86902412d9d0ce05fe1
outputs/paper_writer_handoff_20260922/A_EVIDENCE_FOR_PAPER/03_gold_and_metrics/pilot120_joined_ground_truth.jsonl	451713	44a3f13371040533ebf6767c4b70c46227ae40d4c01cedddfb8499260e5f673e
outputs/paper_writer_handoff_20260922/A_EVIDENCE_FOR_PAPER/03_gold_and_metrics/pilot120_joined_ground_truth_SLIM.jsonl	89048	737164caa97925bd67c4c4b19a483df37d3da83bf8da248cb7b80e461416f382
outputs/paper_writer_handoff_20260922/A_EVIDENCE_FOR_PAPER/03_gold_and_metrics/pilot_120_v1/COMPARE_TO_PILOT_GOLD.json	653	db03e507cd14aeb7e4320aa656c285138160f98497afbf75bb94965c2804ec80
outputs/paper_writer_handoff_20260922/A_EVIDENCE_FOR_PAPER/03_gold_and_metrics/pilot_120_v1/cpc_risk_review_20260914/cpc_defect_ledger.json	2275	43f63a494408791a965dc62eac1e38e2a60464b5a71d0cf4d45f3098788b3b65
outputs/paper_writer_handoff_20260922/A_EVIDENCE_FOR_PAPER/03_gold_and_metrics/pilot_120_v1/cpc_risk_review_20260914/gold_risk_proposal.jsonl	65570	f911d3125df03d51909be90b5a5a25c2a992bacfcd54024b68554ade286e717b
outputs/paper_writer_handoff_20260922/A_EVIDENCE_FOR_PAPER/03_gold_and_metrics/pilot_120_v1/cpc_risk_review_20260914/REVIEW.md	8186	b0e92a30e7694fe9aaf8f7cdfa74ff20e142cdee3c8b906b313bc441dc2bb8f0
outputs/paper_writer_handoff_20260922/A_EVIDENCE_FOR_PAPER/03_gold_and_metrics/pilot_120_v1/cpc_risk_review_20260914/risk_worksheet_official_scale.filled.jsonl	219214	29e39f021a3c61bf5f1bfea58aa96c4ee59e5911f8b66471af42e859a5b233cf
outputs/paper_writer_handoff_20260922/A_EVIDENCE_FOR_PAPER/03_gold_and_metrics/pilot_120_v1/cpc_risk_review_20260914/STATUS.json	808	e740ae34d1b1a0de5c78eb77e53b9876062831dfa31cf6c32bd029460a8dc1d7
outputs/paper_writer_handoff_20260922/A_EVIDENCE_FOR_PAPER/03_gold_and_metrics/pilot_120_v1/frozen/FROZEN_MANIFEST.json	6091	c61489101bfbc6cf0222538107abd272b50ce59c2f2a4292e95773f686d60230
outputs/paper_writer_handoff_20260922/A_EVIDENCE_FOR_PAPER/03_gold_and_metrics/pilot_120_v1/gold/CA-0007.json	1649	d1a7fd547c70efeb3447bc54cd22f118538ccd144bb972117439b864096cac90
outputs/paper_writer_handoff_20260922/A_EVIDENCE_FOR_PAPER/03_gold_and_metrics/pilot_120_v1/gold/CA-0012.json	1682	98cd0f57368ddf9421dbe812e8517ae3e6de79568acf8f9b4681e376e60fb53b
outputs/paper_writer_handoff_20260922/A_EVIDENCE_FOR_PAPER/03_gold_and_metrics/pilot_120_v1/gold/CA-0021.json	1533	56ae38c5212678889f6c692a07d6c1515ffcc7b5247a4ffda695d8b1287ab080
outputs/paper_writer_handoff_20260922/A_EVIDENCE_FOR_PAPER/03_gold_and_metrics/pilot_120_v1/gold/CA-0026.json	1601	627763a7eac05445c666b1b5a4f03300e33af163e4715424450c10f1be9a37d3
outputs/paper_writer_handoff_20260922/A_EVIDENCE_FOR_PAPER/03_gold_and_metrics/pilot_120_v1/gold/CA-0029.json	1375	945c2a218096acb1cdaccb3597aae5abe1811dc2f63aa995ac457ef3acd89c9f
outputs/paper_writer_handoff_20260922/A_EVIDENCE_FOR_PAPER/03_gold_and_metrics/pilot_120_v1/gold/CA-0032.json	1601	6e0d548987c60ae5aba6ce2d6935bea064d15065ab56a38ae66a77f9c27d440a
outputs/paper_writer_handoff_20260922/A_EVIDENCE_FOR_PAPER/03_gold_and_metrics/pilot_120_v1/gold/CA-0035.json	1615	b16aa762a3ee890b2cb6f5ac8ec54ae12ce4de1b8c2185bc15e8cad8fe0a098f
outputs/paper_writer_handoff_20260922/A_EVIDENCE_FOR_PAPER/03_gold_and_metrics/pilot_120_v1/gold/CA-0042.json	1663	a67ff9b61372ea6619b97c7d10cca655302cac8b73ae36db5ec0fda5d9c5467d
outputs/paper_writer_handoff_20260922/A_EVIDENCE_FOR_PAPER/03_gold_and_metrics/pilot_120_v1/gold/CA-0056.json	1620	90dd8bfa5a7bd468d00fe26dd412c04fca217b2c0e7933a938166570ab457e9c
outputs/paper_writer_handoff_20260922/A_EVIDENCE_FOR_PAPER/03_gold_and_metrics/pilot_120_v1/gold/CA-0058.json	1631	705cc7bdc49e25585c96fc5380f882de42a7281be14effee647a549172546525
outputs/paper_writer_handoff_20260922/A_EVIDENCE_FOR_PAPER/03_gold_and_metrics/pilot_120_v1/gold/CA-0063.json	1636	13327351375bd6615271cd210660b6de3d0f723054d9c7e8d35afcbeb691b5a5
outputs/paper_writer_handoff_20260922/A_EVIDENCE_FOR_PAPER/03_gold_and_metrics/pilot_120_v1/gold/CA-0070.json	1598	5c1215225f78387d71114697cea5a16be58d91d83491329191d416615e75567f
outputs/paper_writer_handoff_20260922/A_EVIDENCE_FOR_PAPER/03_gold_and_metrics/pilot_120_v1/gold/CA-0072.json	1465	4a43ebb62004665059ee96d4b63b0b51d29b455ebf3c42d71a78e3bd833db024
outputs/paper_writer_handoff_20260922/A_EVIDENCE_FOR_PAPER/03_gold_and_metrics/pilot_120_v1/gold/CA-0078.json	1583	9c03117b5dafddc9b04edfbf3c412b89e6fe9ffdb8e420b631e4a3b58a4a6a37
outputs/paper_writer_handoff_20260922/A_EVIDENCE_FOR_PAPER/03_gold_and_metrics/pilot_120_v1/gold/CA-0083.json	1425	139a4600302989bf5f0a9e9de0fafeba3374c86c08c87a05b1c573ef2438ceb0
outputs/paper_writer_handoff_20260922/A_EVIDENCE_FOR_PAPER/03_gold_and_metrics/pilot_120_v1/gold/CA-0086.json	1600	0813c53a8a3d41296e4b28a27a7ac7e80bde536684ddc7cca54312320b5333dc
outputs/paper_writer_handoff_20260922/A_EVIDENCE_FOR_PAPER/03_gold_and_metrics/pilot_120_v1/gold/CA-0092.json	1620	791dec4739b126ccab82ca2618bfc9d00e46cc3960b553f403d735ae27adb37f
outputs/paper_writer_handoff_20260922/A_EVIDENCE_FOR_PAPER/03_gold_and_metrics/pilot_120_v1/gold/CA-0105.json	1529	83791ccb1f2874dcef7a77d845c8eab3a618c134014522a7b97b89f88455e66b
outputs/paper_writer_handoff_20260922/A_EVIDENCE_FOR_PAPER/03_gold_and_metrics/pilot_120_v1/gold/CA-0133.json	1580	90be871e2aa6ef321edf7bfb33964766ba917357892776e5d3b9e7af9fcbbf24
outputs/paper_writer_handoff_20260922/A_EVIDENCE_FOR_PAPER/03_gold_and_metrics/pilot_120_v1/gold/CA-0149.json	1408	860b2571b2eee7818b878ad5ec77188295bc8e2846847a7f3209011a40c37833
outputs/paper_writer_handoff_20260922/A_EVIDENCE_FOR_PAPER/03_gold_and_metrics/pilot_120_v1/gold/CA-0158.json	1438	8de979ea19678a5297a683c2306ea4972b98b6e1ba91d1e0af5e0539eee4cf7d
outputs/paper_writer_handoff_20260922/A_EVIDENCE_FOR_PAPER/03_gold_and_metrics/pilot_120_v1/gold/CA-0163.json	1391	28ea0d799d6a752fee05157f3724d47828b101cbc4fa8acd16bfa76082120180
outputs/paper_writer_handoff_20260922/A_EVIDENCE_FOR_PAPER/03_gold_and_metrics/pilot_120_v1/gold/CA-0197.json	1575	673fa6e268cb9dbd070b0a7bb34a04378ea198dd2dfc7fb7a9b0a2def8b64f62
outputs/paper_writer_handoff_20260922/A_EVIDENCE_FOR_PAPER/03_gold_and_metrics/pilot_120_v1/gold/CA-0200.json	1491	028b1ba9d07d6445275917767ed298dcda2d0ef9306fa081d58d879369f604e8
outputs/paper_writer_handoff_20260922/A_EVIDENCE_FOR_PAPER/03_gold_and_metrics/pilot_120_v1/gold/CA-0203.json	1641	6ba98864c899a7119d4edbe18687754eb6eb04c732247df1195019e9505af752
outputs/paper_writer_handoff_20260922/A_EVIDENCE_FOR_PAPER/03_gold_and_metrics/pilot_120_v1/gold/CA-0211.json	1429	cb2b9d2281b35180ce84d41b6740afd76ef1af8d0c9316f42bdb3438fccc7504
outputs/paper_writer_handoff_20260922/A_EVIDENCE_FOR_PAPER/03_gold_and_metrics/pilot_120_v1/gold/CA-0215.json	1595	fd4f7a0a628d932fb88fcac8f6d82e90cd90f77ae50b08acee340d13d9022ea3
outputs/paper_writer_handoff_20260922/A_EVIDENCE_FOR_PAPER/03_gold_and_metrics/pilot_120_v1/gold/CA-0218.json	1659	5e6ecd26fe2677f5a29e20839ed28ab0629fba7ce9be6705667981efd3459e30
outputs/paper_writer_handoff_20260922/A_EVIDENCE_FOR_PAPER/03_gold_and_metrics/pilot_120_v1/gold/CA-0225.json	1622	a49a8f62d9cd4fb8a8326b6f165261ee1b858d378e3f90d4b8041ade0c12dde0
outputs/paper_writer_handoff_20260922/A_EVIDENCE_FOR_PAPER/03_gold_and_metrics/pilot_120_v1/gold/CA-0226.json	1645	91d2dc5b929e0fe5a172234da6705c6521b4723cadd23c9031e386d85a8daaeb
outputs/paper_writer_handoff_20260922/A_EVIDENCE_FOR_PAPER/03_gold_and_metrics/pilot_120_v1/gold/CA-0239.json	1389	0a6f9e4b8d0c35272d27729c5a1767eb9205da35d06e292a841b0018fc77b3f6
outputs/paper_writer_handoff_20260922/A_EVIDENCE_FOR_PAPER/03_gold_and_metrics/pilot_120_v1/gold/CA-0245.json	1600	1b6e0518c2904ded32c7a5a436bc51b85c0563a66b253e07a405d3322068b078
outputs/paper_writer_handoff_20260922/A_EVIDENCE_FOR_PAPER/03_gold_and_metrics/pilot_120_v1/gold/CA-0253.json	1425	e7e096323f2d6be1e874c882cf0e6f44cb83f8ea6906597561e1fa6037ccf306
outputs/paper_writer_handoff_20260922/A_EVIDENCE_FOR_PAPER/03_gold_and_metrics/pilot_120_v1/gold/CA-0259.json	1400	14da1245c153acb6486dff0051fb14c1f949d8abc68fc6f925b683347e9291d9
outputs/paper_writer_handoff_20260922/A_EVIDENCE_FOR_PAPER/03_gold_and_metrics/pilot_120_v1/gold/CA-0262.json	1631	7ce86035e2299e4278df34f8e76647b887c2a773e6e7a257ee338de3f8295e2b
outputs/paper_writer_handoff_20260922/A_EVIDENCE_FOR_PAPER/03_gold_and_metrics/pilot_120_v1/gold/CA-0271.json	1657	bde96bdad7546a1d46d664344bc4260721d12a159a9c5d35e6686e7a7be091a0
outputs/paper_writer_handoff_20260922/A_EVIDENCE_FOR_PAPER/03_gold_and_metrics/pilot_120_v1/gold/CA-0292.json	1429	4229c99375d72311d2fcc1e4806e56f448dce2224f01d365b2dcda8ae1eec681
outputs/paper_writer_handoff_20260922/A_EVIDENCE_FOR_PAPER/03_gold_and_metrics/pilot_120_v1/gold/CA-0313.json	1601	b529b35590ed3c5f487cf5d72dadac1b6d990a3d83e6969d3f0687aaab0eaef8
outputs/paper_writer_handoff_20260922/A_EVIDENCE_FOR_PAPER/03_gold_and_metrics/pilot_120_v1/gold/CA-0326.json	1622	e09892293ca3fd959954863b3ffce2d7a9050fd47f2ac052af302297b442683e
outputs/paper_writer_handoff_20260922/A_EVIDENCE_FOR_PAPER/03_gold_and_metrics/pilot_120_v1/gold/CA-0332.json	1439	eded1681d1571e50c0d3f6a22b658a1918166dd244a435a3fdcaf41f1d201c96
outputs/paper_writer_handoff_20260922/A_EVIDENCE_FOR_PAPER/03_gold_and_metrics/pilot_120_v1/gold/CA-0336.json	1450	f8f274343fd70564562557b791b7b49e8059b9502cb3763c47520fec8c12f623
outputs/paper_writer_handoff_20260922/A_EVIDENCE_FOR_PAPER/03_gold_and_metrics/pilot_120_v1/gold/CA-0360.json	1673	8a346311aaf593a4d599f44f73e70bead4f65dc95d0fb32a2a8bdafc5f9a8aaf
outputs/paper_writer_handoff_20260922/A_EVIDENCE_FOR_PAPER/03_gold_and_metrics/pilot_120_v1/gold/CA-0361.json	1515	7a2313b13abcfe97ec0f30dde9b692a978636809aecb55332efcef2cf8b9c9d9
outputs/paper_writer_handoff_20260922/A_EVIDENCE_FOR_PAPER/03_gold_and_metrics/pilot_120_v1/gold/CA-0369.json	1627	3c6dc6119c82a150869d3137080175ed61c7882a4aa73deb9e978e204260d83f
outputs/paper_writer_handoff_20260922/A_EVIDENCE_FOR_PAPER/03_gold_and_metrics/pilot_120_v1/gold/CA-0372.json	1542	39456c02e13741f3a1b149ee9db895cd1f893724af072144aa9a3734706ac3c8
outputs/paper_writer_handoff_20260922/A_EVIDENCE_FOR_PAPER/03_gold_and_metrics/pilot_120_v1/gold/CA-0382.json	1689	a97d0d8c19c9c006bf36433bc250eaa9c38f9051dd8c89a469f8377750c3cfba
outputs/paper_writer_handoff_20260922/A_EVIDENCE_FOR_PAPER/03_gold_and_metrics/pilot_120_v1/gold/CA-0394.json	1589	d4dc9f930b02fdc51cec63ebba0084c8f15d65f224e6ba09bd4aef68b1d56438
outputs/paper_writer_handoff_20260922/A_EVIDENCE_FOR_PAPER/03_gold_and_metrics/pilot_120_v1/gold/CA-0397.json	1622	75a0a610a19b7aa9e2af2972f0dbbf90e98a9c70deed4430c6d48041f5ae1655
outputs/paper_writer_handoff_20260922/A_EVIDENCE_FOR_PAPER/03_gold_and_metrics/pilot_120_v1/gold/CA-0418.json	1663	ecb3345218b9b7d0047be6cb3f659d0bb5d6095579ea7bffde846021c301c8ba
outputs/paper_writer_handoff_20260922/A_EVIDENCE_FOR_PAPER/03_gold_and_metrics/pilot_120_v1/gold/CA-0421.json	1576	8d362b02d22f3ce3fa7c435e7f2203e41d1fd49f627dc8f16b5316bb625126cb
outputs/paper_writer_handoff_20260922/A_EVIDENCE_FOR_PAPER/03_gold_and_metrics/pilot_120_v1/gold/CA-0422.json	1601	6c926e0d445db0cc05ef5198e68dc4564a46238ed0149e7f18b9cfcae837ac00
outputs/paper_writer_handoff_20260922/A_EVIDENCE_FOR_PAPER/03_gold_and_metrics/pilot_120_v1/gold/CA-0426.json	1645	1482585449b102800b5f8be4fdb3b3b820669f770951be8b7a634858234f0a71
outputs/paper_writer_handoff_20260922/A_EVIDENCE_FOR_PAPER/03_gold_and_metrics/pilot_120_v1/gold/CA-0437.json	1426	76e21ee7f93d9508d3b159768395c234a86139fbf0d1a3425b4d99acf6107ca7
outputs/paper_writer_handoff_20260922/A_EVIDENCE_FOR_PAPER/03_gold_and_metrics/pilot_120_v1/gold/CA-0440.json	1629	8c5b9eb13b5d4274fda0188ab511cddd5c1962bb61e19aa7a62aceb595c493ee
outputs/paper_writer_handoff_20260922/A_EVIDENCE_FOR_PAPER/03_gold_and_metrics/pilot_120_v1/gold/CA-0453.json	1620	22251a7a67db8c6ff83d0d3f9f6aae9ca2c786bf940457570d0518cb0e4c6910
outputs/paper_writer_handoff_20260922/A_EVIDENCE_FOR_PAPER/03_gold_and_metrics/pilot_120_v1/gold/CA-0460.json	1688	f6f0f00ae1a3f26c1d9731f643aa950b610f8d0e409f06ee96a1ebca10eee731
outputs/paper_writer_handoff_20260922/A_EVIDENCE_FOR_PAPER/03_gold_and_metrics/pilot_120_v1/gold/CA-0469.json	1625	4fc5defda40282dcc25592a72694b4f3a9b755472210e9794ac10ee12ddb65f0
outputs/paper_writer_handoff_20260922/A_EVIDENCE_FOR_PAPER/03_gold_and_metrics/pilot_120_v1/gold/CA-0470.json	1696	e7aedda54e46384fd430fc51d81d1e9458a8ecacdc25acfa5ae29b01c8827a3d
outputs/paper_writer_handoff_20260922/A_EVIDENCE_FOR_PAPER/03_gold_and_metrics/pilot_120_v1/gold/CA-0512.json	1649	59ba8fd7d4e200660a8bb352213bfa1cda3b120baa7d0d64a3ef1d156c96e207
outputs/paper_writer_handoff_20260922/A_EVIDENCE_FOR_PAPER/03_gold_and_metrics/pilot_120_v1/gold/CA-0533.json	1636	8b029f8e2c8c603c3c8e608a5d7a3f94daff715e84b0ab1b0237fcf4f9bcabb0
outputs/paper_writer_handoff_20260922/A_EVIDENCE_FOR_PAPER/03_gold_and_metrics/pilot_120_v1/gold/CA-0552.json	1677	d6f62b77cbf67894cf245602e37d891daaa7df63827bdb3d49bc96e14262d85f
outputs/paper_writer_handoff_20260922/A_EVIDENCE_FOR_PAPER/03_gold_and_metrics/pilot_120_v1/gold/CA-0560.json	1452	c0106ac5bbcf64e2ecf55078dc0e3961cfa54124e90e25f25cce264b4a20e39b
outputs/paper_writer_handoff_20260922/A_EVIDENCE_FOR_PAPER/03_gold_and_metrics/pilot_120_v1/gold/CA-0565.json	1389	2534fea1986a8739a52af503cf18a9e3264cf116002027cd15cb0b5a302e9127
outputs/paper_writer_handoff_20260922/A_EVIDENCE_FOR_PAPER/03_gold_and_metrics/pilot_120_v1/gold/CA-0573.json	1697	55c9ee493fe01d57afe6bbb265e3b4fca4eb8a4bd0aee4ea23b895ba239ac2d4
outputs/paper_writer_handoff_20260922/A_EVIDENCE_FOR_PAPER/03_gold_and_metrics/pilot_120_v1/gold/CA-0576.json	1601	2a7f5a18fbec32a30426e94cace0794d8770c883c2583b46632a0d266c011996
outputs/paper_writer_handoff_20260922/A_EVIDENCE_FOR_PAPER/03_gold_and_metrics/pilot_120_v1/gold/CA-0596.json	1645	c0653196997e33e1ca5e6f4fed845f18bbb584da3483232eb62bbf2a790b9064
outputs/paper_writer_handoff_20260922/A_EVIDENCE_FOR_PAPER/03_gold_and_metrics/pilot_120_v1/gold/CA-0598.json	1479	dcd4304dcb55d8a4afba1fb12bd3bdfcf7abf65284467dedbc45a2b154e3a32e
outputs/paper_writer_handoff_20260922/A_EVIDENCE_FOR_PAPER/03_gold_and_metrics/pilot_120_v1/gold/CA-0604.json	1455	bb95d38e43c93157b76729eb3fa0ba77f97beafabd1f2e1a19f57f5da7055287
outputs/paper_writer_handoff_20260922/A_EVIDENCE_FOR_PAPER/03_gold_and_metrics/pilot_120_v1/gold/CA-0608.json	1614	9f45a8950793e11f6e3fdb1b7c151508629e0a59715549f763c2cf4ca4073e44
outputs/paper_writer_handoff_20260922/A_EVIDENCE_FOR_PAPER/03_gold_and_metrics/pilot_120_v1/gold/CA-0611.json	1515	f855612ffa43d54d3c7192f34ad4143d42b98959645a5f6dac6ca46ba8fe2028
outputs/paper_writer_handoff_20260922/A_EVIDENCE_FOR_PAPER/03_gold_and_metrics/pilot_120_v1/gold/CA-0618.json	1421	d3f8b715fb37d4febcc67c0ceb7bfc05fadcbfe6298f52b05a2cf52b73b37d14
outputs/paper_writer_handoff_20260922/A_EVIDENCE_FOR_PAPER/03_gold_and_metrics/pilot_120_v1/gold/CA-0623.json	1369	cf6392168b7ed6848ac810b917c6a104cc66966b0586798ba37100a12e7bcc54
outputs/paper_writer_handoff_20260922/A_EVIDENCE_FOR_PAPER/03_gold_and_metrics/pilot_120_v1/gold/CA-0647.json	1577	71631090d197619649e93ec1325f917dd208bb600472fde39781a6e3c7f1d00a
outputs/paper_writer_handoff_20260922/A_EVIDENCE_FOR_PAPER/03_gold_and_metrics/pilot_120_v1/gold/CA-0648.json	1652	375f28db2d5539e3e3b80931645bee5ce1256f0270bad95f25225410ffe554a1
outputs/paper_writer_handoff_20260922/A_EVIDENCE_FOR_PAPER/03_gold_and_metrics/pilot_120_v1/gold/CA-0654.json	1602	7e2cbf000aa542f3d66819452c099dc86af90fc9a02a2a945764a2df4734b564
outputs/paper_writer_handoff_20260922/A_EVIDENCE_FOR_PAPER/03_gold_and_metrics/pilot_120_v1/gold/CA-0671.json	1354	dbd604c5bad991c44fbd5c523a9c56018971c84d089f4bd32f8f8787c87fded9
outputs/paper_writer_handoff_20260922/A_EVIDENCE_FOR_PAPER/03_gold_and_metrics/pilot_120_v1/gold/CA-0677.json	1577	ae37dc2c477c03a9b707b07ec3bf79ce5473160519f4d8e8c8e0a17374b2c7c6
outputs/paper_writer_handoff_20260922/A_EVIDENCE_FOR_PAPER/03_gold_and_metrics/pilot_120_v1/gold/CA-0679.json	1683	82e5ad33d9bb1820a5597e03d677ae8ca54a93c7cdf94b04fd0462b3a4210e73
outputs/paper_writer_handoff_20260922/A_EVIDENCE_FOR_PAPER/03_gold_and_metrics/pilot_120_v1/gold/CA-0680.json	1429	980af385ebc1787dcbe08dce0bc8ba85a6c9b1e92d122364590eea57da11682d
outputs/paper_writer_handoff_20260922/A_EVIDENCE_FOR_PAPER/03_gold_and_metrics/pilot_120_v1/gold/CA-0686.json	1536	ea449abedc3d4af2a46b8bcee31b1c2e855546ba214c36c4db5bfe81b8ce28b7
outputs/paper_writer_handoff_20260922/A_EVIDENCE_FOR_PAPER/03_gold_and_metrics/pilot_120_v1/gold/CA-0695.json	1362	292c72706a235adca1307afe16a673ffbbea45c1b577261335d265f49cca8a7f
outputs/paper_writer_handoff_20260922/A_EVIDENCE_FOR_PAPER/03_gold_and_metrics/pilot_120_v1/gold/CA-0702.json	1578	de8e3ea7aae85c028ee5a18afa7d3588657f53640d90ebde727253afa4ff03cb
outputs/paper_writer_handoff_20260922/A_EVIDENCE_FOR_PAPER/03_gold_and_metrics/pilot_120_v1/gold/CA-0703.json	1577	b16bdc9df04ae8f3617a361cf385a63163619d40179c6c910d5dc1fab18ee740
outputs/paper_writer_handoff_20260922/A_EVIDENCE_FOR_PAPER/03_gold_and_metrics/pilot_120_v1/gold/CA-0714.json	1639	c6b45c970b833ed8f16a8c6fc127f4f2ac373f6f2f24e074e2b02a94422a58f7
outputs/paper_writer_handoff_20260922/A_EVIDENCE_FOR_PAPER/03_gold_and_metrics/pilot_120_v1/gold/CA-0718.json	1457	048c41f65278787e63a7002b53ba442398e7e86e719d7680552c07b28dd764b2
outputs/paper_writer_handoff_20260922/A_EVIDENCE_FOR_PAPER/03_gold_and_metrics/pilot_120_v1/gold/CA-0727.json	1560	e0269edbc1e05f35650193d9337e79e7dbd25eae8e3e80b7166f6a6a8dd3024d
outputs/paper_writer_handoff_20260922/A_EVIDENCE_FOR_PAPER/03_gold_and_metrics/pilot_120_v1/gold/CA-0733.json	1507	202cb3b7b00201d4dbfbf648253cb92bdac06c57daf25a1b2adabc8897147dc1
outputs/paper_writer_handoff_20260922/A_EVIDENCE_FOR_PAPER/03_gold_and_metrics/pilot_120_v1/gold/CA-0735.json	1651	592e2452a4e2440113da73226f3a027382b9444280b1670a515a7489c2cf1ab1
outputs/paper_writer_handoff_20260922/A_EVIDENCE_FOR_PAPER/03_gold_and_metrics/pilot_120_v1/gold/CA-0739.json	1611	7546ca7d6cfae65cefa3ba7bfed28f9cfa8192b235c686e9c800a9eea45d3a92
outputs/paper_writer_handoff_20260922/A_EVIDENCE_FOR_PAPER/03_gold_and_metrics/pilot_120_v1/gold/CA-0762.json	1589	770b06fc40cb9e02a7a33583333cab9ce35abb9e3f1548ce796d774d83d12c12
outputs/paper_writer_handoff_20260922/A_EVIDENCE_FOR_PAPER/03_gold_and_metrics/pilot_120_v1/gold/CA-0772.json	1591	0c1ec8249554f82b4a3bea9a3702f9d0ec3162fd4d021d8338a9ea5a662ac09e
outputs/paper_writer_handoff_20260922/A_EVIDENCE_FOR_PAPER/03_gold_and_metrics/pilot_120_v1/gold/CA-0778.json	1578	0757590cec5ee65938250fabeb86ac22ea94c35f327a8ca35bf9786eb814e959
outputs/paper_writer_handoff_20260922/A_EVIDENCE_FOR_PAPER/03_gold_and_metrics/pilot_120_v1/gold/CA-0786.json	1586	c1de92a2f9dceb689a987f61a3b043a727d3eb37b276a70251b907aaa77a3edc
outputs/paper_writer_handoff_20260922/A_EVIDENCE_FOR_PAPER/03_gold_and_metrics/pilot_120_v1/gold/CA-0797.json	1683	9aea27888ca39e4d7310ab26d0fb04654b3d6cefd3a3bc77800df76bd27dd167
outputs/paper_writer_handoff_20260922/A_EVIDENCE_FOR_PAPER/03_gold_and_metrics/pilot_120_v1/gold/CA-0798.json	1577	d51281899c2a8566b41fe2818e219fcd1c01c2a67f495954c07f7dc5e312dd17
outputs/paper_writer_handoff_20260922/A_EVIDENCE_FOR_PAPER/03_gold_and_metrics/pilot_120_v1/gold/CA-0805.json	1429	3a10eed4f901f6b3049e89a138c3231c34ad3f3535673790a1877038787ae253
outputs/paper_writer_handoff_20260922/A_EVIDENCE_FOR_PAPER/03_gold_and_metrics/pilot_120_v1/gold/CA-0808.json	1589	a7268a4ccb9d4bab54e5a7311fb76716c71a0414b120252772435b003e46bbe3
outputs/paper_writer_handoff_20260922/A_EVIDENCE_FOR_PAPER/03_gold_and_metrics/pilot_120_v1/gold/CA-0827.json	1514	fc9c934dd93bc7b53dc5acf92a6a781fc9eebf673b28330cab775ae575d0fec0
outputs/paper_writer_handoff_20260922/A_EVIDENCE_FOR_PAPER/03_gold_and_metrics/pilot_120_v1/gold/CA-0828.json	1413	a29aeed7ee3aa6e9117fc61dd3c9a4a946922b1fb801f1ec19943040496d7612
outputs/paper_writer_handoff_20260922/A_EVIDENCE_FOR_PAPER/03_gold_and_metrics/pilot_120_v1/gold/CA-0836.json	1611	8e80fdc362ce351de1dd4c93c080e566e63f148b2b915bf97bc5f8b5d0082866
outputs/paper_writer_handoff_20260922/A_EVIDENCE_FOR_PAPER/03_gold_and_metrics/pilot_120_v1/gold/CA-0841.json	1652	88f47180fa2efce7a5fee65daf6debd2a1c233bd7083a396c39b08717f1b4b36
outputs/paper_writer_handoff_20260922/A_EVIDENCE_FOR_PAPER/03_gold_and_metrics/pilot_120_v1/gold/CA-0845.json	1368	92a698f224d57bdc176ec0bad3a8204865f99ab5757bc9dd7c1040c4273e90a0
outputs/paper_writer_handoff_20260922/A_EVIDENCE_FOR_PAPER/03_gold_and_metrics/pilot_120_v1/gold/CA-0846.json	1416	de444c2dd4f078ef7414ee978541b6e109c64c5adb1d00970ad4cdecf7c78c2a
outputs/paper_writer_handoff_20260922/A_EVIDENCE_FOR_PAPER/03_gold_and_metrics/pilot_120_v1/gold/CA-0851.json	1362	64b791c7a5bce649a2286b32eaac2905f0b05a671202c56d43413f1519c08295
outputs/paper_writer_handoff_20260922/A_EVIDENCE_FOR_PAPER/03_gold_and_metrics/pilot_120_v1/gold/CA-0855.json	1598	20dcc9d5d09751d97a933c5d5786e206e87917c2b1906a94d7d0e95b66e8e14e
outputs/paper_writer_handoff_20260922/A_EVIDENCE_FOR_PAPER/03_gold_and_metrics/pilot_120_v1/gold/CA-0866.json	1450	9ddbe634869028ab77d4aa05fb621a134a82b15d2196f009e85c11c18c21094c
outputs/paper_writer_handoff_20260922/A_EVIDENCE_FOR_PAPER/03_gold_and_metrics/pilot_120_v1/gold/CA-0876.json	1577	6d0a1465aa1747969fc9f71efdeecb886951914a448c5ee825824e468ed29403
outputs/paper_writer_handoff_20260922/A_EVIDENCE_FOR_PAPER/03_gold_and_metrics/pilot_120_v1/gold/CA-0878.json	1558	40534170fabe0015596afe4914e06bb3193443263500ccf710f52f7f877d19f6
outputs/paper_writer_handoff_20260922/A_EVIDENCE_FOR_PAPER/03_gold_and_metrics/pilot_120_v1/gold/CA-0889.json	1585	7b932b95f12f24db2bfb48323d46f3131fd114b3b0e658a513d9746bcce3a145
outputs/paper_writer_handoff_20260922/A_EVIDENCE_FOR_PAPER/03_gold_and_metrics/pilot_120_v1/gold/CA-0904.json	1427	ffbca61473bc801549babc286fc7f14f506ce83d2e4f46eb49e9d05ed08bc5d6
outputs/paper_writer_handoff_20260922/A_EVIDENCE_FOR_PAPER/03_gold_and_metrics/pilot_120_v1/gold/CA-0907.json	1611	c0128f05ca73e664c5e907ab8017a3699493533848754ed19131bba03599ece6
outputs/paper_writer_handoff_20260922/A_EVIDENCE_FOR_PAPER/03_gold_and_metrics/pilot_120_v1/gold/CA-0908.json	1661	60f0f6eb1a072341fd67d76033e72d1b572bdf159eab401c0d90c2e6a71dbbc4
outputs/paper_writer_handoff_20260922/A_EVIDENCE_FOR_PAPER/03_gold_and_metrics/pilot_120_v1/gold/CA-0909.json	1603	ea50e31602b6816bbbb30d7b58ed5c14c297b2360c20c08b6d7ae939fd4dfb31
outputs/paper_writer_handoff_20260922/A_EVIDENCE_FOR_PAPER/03_gold_and_metrics/pilot_120_v1/gold/CA-0923.json	1363	f7f989cae43ec143ceaab4d5f193b8b0bd9c7a856ee571051a01062d154efbbe
outputs/paper_writer_handoff_20260922/A_EVIDENCE_FOR_PAPER/03_gold_and_metrics/pilot_120_v1/gold/CA-0940.json	1518	777cb56d0ff5bcda6eee795d83d889556136a32362d4b188e39142b0e09d64c6
outputs/paper_writer_handoff_20260922/A_EVIDENCE_FOR_PAPER/03_gold_and_metrics/pilot_120_v1/gold/CA-0945.json	1659	3f16c3b79b1d39f50b0ac3ec9e29126454202cab35836aa39d4a86c0f31190f5
outputs/paper_writer_handoff_20260922/A_EVIDENCE_FOR_PAPER/03_gold_and_metrics/pilot_120_v1/gold/CA-0961.json	1509	31083d464b35daceb8cbb082a29f42a3c10576d15b36eb6e28cb15f2656f8030
outputs/paper_writer_handoff_20260922/A_EVIDENCE_FOR_PAPER/03_gold_and_metrics/pilot_120_v1/gold/CA-0963.json	1603	4623eb0879ebe869e696c331022a57ebc55046fad7c84fa9cf7af01291701a78
outputs/paper_writer_handoff_20260922/A_EVIDENCE_FOR_PAPER/03_gold_and_metrics/pilot_120_v1/gold/CA-0967.json	1537	dda42e2c23820e457c3702f24b657fe411d0044466435c65609d939cd03e4a04
outputs/paper_writer_handoff_20260922/A_EVIDENCE_FOR_PAPER/03_gold_and_metrics/pilot_120_v1/gold/CA-0972.json	1658	ebae9f440fec88eb0d42a7ffbc0b07ac141b81b11e93ec9a4275ab318712edcd
outputs/paper_writer_handoff_20260922/A_EVIDENCE_FOR_PAPER/03_gold_and_metrics/pilot_120_v1/gold_manifest.json	683	4b2beb34976c4e411741d617e9bbd1397754802053e6de3630caec6ca6d38062
outputs/paper_writer_handoff_20260922/A_EVIDENCE_FOR_PAPER/03_gold_and_metrics/pilot_120_v1/GOLD_POLICY.json	1611	3c1f0a4d43c29996062a4a2ecd321e4023a38f5fad950801f96e07e23aac4a34
outputs/paper_writer_handoff_20260922/A_EVIDENCE_FOR_PAPER/03_gold_and_metrics/pilot_120_v1/gold_v2_officialization_20260914/cpc/confirm_cards/CA-0007.json	2489	b12bdcfc60f28241522bd04f93eac4d23190c8f74fbcb8aa046da018afd86eaf
outputs/paper_writer_handoff_20260922/A_EVIDENCE_FOR_PAPER/03_gold_and_metrics/pilot_120_v1/gold_v2_officialization_20260914/cpc/confirm_cards/CA-0026.json	2001	d003d1f55532b41f226b9c43b918e6d585a47560ac022771eb49dda149b76812
outputs/paper_writer_handoff_20260922/A_EVIDENCE_FOR_PAPER/03_gold_and_metrics/pilot_120_v1/gold_v2_officialization_20260914/cpc/confirm_cards/CA-0032.json	2043	b231300cf8707df14af0eba1cf9930fd2bef8c7efbf3522ad2d3a46969d08822
outputs/paper_writer_handoff_20260922/A_EVIDENCE_FOR_PAPER/03_gold_and_metrics/pilot_120_v1/gold_v2_officialization_20260914/cpc/confirm_cards/CA-0035.json	2112	a392ff5d80fe2bd35fad6671531085fbff14c5b2b6d16826e4d439d4a75cf5eb
outputs/paper_writer_handoff_20260922/A_EVIDENCE_FOR_PAPER/03_gold_and_metrics/pilot_120_v1/gold_v2_officialization_20260914/cpc/confirm_cards/CA-0056.json	2779	dc62cca7020acebfe33caeb1a8e049f9a479178e5dbaeff55525dd17fab01f36
outputs/paper_writer_handoff_20260922/A_EVIDENCE_FOR_PAPER/03_gold_and_metrics/pilot_120_v1/gold_v2_officialization_20260914/cpc/confirm_cards/CA-0078.json	2353	5e827cb3b7513753a7257e8c321f58248282276c08d218557b4581395da5e046
outputs/paper_writer_handoff_20260922/A_EVIDENCE_FOR_PAPER/03_gold_and_metrics/pilot_120_v1/gold_v2_officialization_20260914/cpc/confirm_cards/CA-0092.json	2688	c6da4a85db2dd67c85e9c8fccaaa8e27981ba8f8f827d013115f0c84fb31604f
outputs/paper_writer_handoff_20260922/A_EVIDENCE_FOR_PAPER/03_gold_and_metrics/pilot_120_v1/gold_v2_officialization_20260914/cpc/confirm_cards/CA-0203.json	2452	a2c470338f45f12f6c88113de8bf51c1f81f3b4ae8108bfc393122f75d2e3a6a
outputs/paper_writer_handoff_20260922/A_EVIDENCE_FOR_PAPER/03_gold_and_metrics/pilot_120_v1/gold_v2_officialization_20260914/cpc/confirm_cards/CA-0215.json	2226	44de5e440198bdef67e2b3ffb1381ca980290f8ae4282a65713a912cd7863da6
outputs/paper_writer_handoff_20260922/A_EVIDENCE_FOR_PAPER/03_gold_and_metrics/pilot_120_v1/gold_v2_officialization_20260914/cpc/confirm_cards/CA-0226.json	2858	27e905c5e4209f6ec9ae9fbe316dc0429fa4f29860397b2627ef4c86ee2d52e4
outputs/paper_writer_handoff_20260922/A_EVIDENCE_FOR_PAPER/03_gold_and_metrics/pilot_120_v1/gold_v2_officialization_20260914/cpc/confirm_cards/CA-0239.json	2304	db6add07c8f2b1e49b5b4ff4cbc0da45dae2cfdcf9cc243eb70879f0b7cb06f4
outputs/paper_writer_handoff_20260922/A_EVIDENCE_FOR_PAPER/03_gold_and_metrics/pilot_120_v1/gold_v2_officialization_20260914/cpc/confirm_cards/CA-0253.json	2475	285809fcf325d1d16f2b18393c802608421f343b63916009492cbb76fa8769af
outputs/paper_writer_handoff_20260922/A_EVIDENCE_FOR_PAPER/03_gold_and_metrics/pilot_120_v1/gold_v2_officialization_20260914/cpc/confirm_cards/CA-0313.json	2114	03fed241e60cda1c31e69e2407cfee47dba0dc56482014ad6c6637bbaa9b6cb6
outputs/paper_writer_handoff_20260922/A_EVIDENCE_FOR_PAPER/03_gold_and_metrics/pilot_120_v1/gold_v2_officialization_20260914/cpc/confirm_cards/CA-0336.json	2278	c8164be7cad4362aaf7371f3491ec2bc74ed4af6e008edc664439671327b80be
outputs/paper_writer_handoff_20260922/A_EVIDENCE_FOR_PAPER/03_gold_and_metrics/pilot_120_v1/gold_v2_officialization_20260914/cpc/confirm_cards/CA-0369.json	2421	6be71a61b3edad9a95a84dff690ac94624c0c5ef263262b89d8ba6208d5cefed
outputs/paper_writer_handoff_20260922/A_EVIDENCE_FOR_PAPER/03_gold_and_metrics/pilot_120_v1/gold_v2_officialization_20260914/cpc/confirm_cards/CA-0394.json	2422	cc14f3111a6f7679a90f0ebdcb2ea73071c0447e0511e42f45bc39ed4d2f5292
outputs/paper_writer_handoff_20260922/A_EVIDENCE_FOR_PAPER/03_gold_and_metrics/pilot_120_v1/gold_v2_officialization_20260914/cpc/confirm_cards/CA-0418.json	2164	6891bd0ffdae9d40cde59c93e46594bd58687cfbc580dc61dfd922b6f0c5aa59
outputs/paper_writer_handoff_20260922/A_EVIDENCE_FOR_PAPER/03_gold_and_metrics/pilot_120_v1/gold_v2_officialization_20260914/cpc/confirm_cards/CA-0426.json	2918	44f4f49e722f1098c6e5566d6a263cf95faa14a3437ff975443562c0f528f9fe
outputs/paper_writer_handoff_20260922/A_EVIDENCE_FOR_PAPER/03_gold_and_metrics/pilot_120_v1/gold_v2_officialization_20260914/cpc/confirm_cards/CA-0469.json	2029	9bf0598ac2919360f244a657cbeb680cf1adaffb92d50395ade4909249d8a301
outputs/paper_writer_handoff_20260922/A_EVIDENCE_FOR_PAPER/03_gold_and_metrics/pilot_120_v1/gold_v2_officialization_20260914/cpc/confirm_cards/CA-0512.json	2530	7954046f65134cfb47785d9b17685698eac3577f45b4f8d570b8da9c75dc4adf
outputs/paper_writer_handoff_20260922/A_EVIDENCE_FOR_PAPER/03_gold_and_metrics/pilot_120_v1/gold_v2_officialization_20260914/cpc/confirm_cards/CA-0552.json	2365	862989b66a6431857eac1c4d0a57329098c0e3b129f616b96eff11098a4e9068
outputs/paper_writer_handoff_20260922/A_EVIDENCE_FOR_PAPER/03_gold_and_metrics/pilot_120_v1/gold_v2_officialization_20260914/cpc/confirm_cards/CA-0565.json	2416	e6a271a1a7401feb3d1460656b6540bfe687363698e4ddffcac5c16c58b01fd1
outputs/paper_writer_handoff_20260922/A_EVIDENCE_FOR_PAPER/03_gold_and_metrics/pilot_120_v1/gold_v2_officialization_20260914/cpc/confirm_cards/CA-0573.json	2545	65bf7c205eef03e2e65879ded5d0d238cc1ed18f6afea880c162f606a02e1f01
outputs/paper_writer_handoff_20260922/A_EVIDENCE_FOR_PAPER/03_gold_and_metrics/pilot_120_v1/gold_v2_officialization_20260914/cpc/confirm_cards/CA-0596.json	2770	4cd034e5e01600656552a1868828e88d2dfc5a583679090dede30b7142f0e318
outputs/paper_writer_handoff_20260922/A_EVIDENCE_FOR_PAPER/03_gold_and_metrics/pilot_120_v1/gold_v2_officialization_20260914/cpc/confirm_cards/CA-0647.json	2105	bfd6a6405c8cb422b0fa569702395b0e244fe2c93c0d43040cf2c53fb35d01e2
outputs/paper_writer_handoff_20260922/A_EVIDENCE_FOR_PAPER/03_gold_and_metrics/pilot_120_v1/gold_v2_officialization_20260914/cpc/confirm_cards/CA-0677.json	2056	2d412b1d47cbd606e2755d4d5b645ce0b178b89642bedd418c800f6c4e8e5e05
outputs/paper_writer_handoff_20260922/A_EVIDENCE_FOR_PAPER/03_gold_and_metrics/pilot_120_v1/gold_v2_officialization_20260914/cpc/confirm_cards/CA-0679.json	2526	b6649b26f53b1f5c9ab23daf82d156b3a00784e8805e2602bd330909a6f98340
outputs/paper_writer_handoff_20260922/A_EVIDENCE_FOR_PAPER/03_gold_and_metrics/pilot_120_v1/gold_v2_officialization_20260914/cpc/confirm_cards/CA-0702.json	2446	c9645dc9c4340ac8ee4b4ef14ea8cf63e216c61bfb5fe9733dc5302c9558683f
outputs/paper_writer_handoff_20260922/A_EVIDENCE_FOR_PAPER/03_gold_and_metrics/pilot_120_v1/gold_v2_officialization_20260914/cpc/confirm_cards/CA-0714.json	2350	22b36d3302dbddd80dd26cfd1ebfc165a350f6da309002e26341be430e9e4003
outputs/paper_writer_handoff_20260922/A_EVIDENCE_FOR_PAPER/03_gold_and_metrics/pilot_120_v1/gold_v2_officialization_20260914/cpc/confirm_cards/CA-0735.json	2392	1985ec89d994a071dfc623dc7d81fa29e09a222167b1c04a6267a1078fe137cd
outputs/paper_writer_handoff_20260922/A_EVIDENCE_FOR_PAPER/03_gold_and_metrics/pilot_120_v1/gold_v2_officialization_20260914/cpc/confirm_cards/CA-0739.json	2535	969a0c9206bc0b42acc2e4f093d2cbbbcaf99cc5b22f8d8e5daa5a9efe2a0e32
outputs/paper_writer_handoff_20260922/A_EVIDENCE_FOR_PAPER/03_gold_and_metrics/pilot_120_v1/gold_v2_officialization_20260914/cpc/confirm_cards/CA-0762.json	2271	619c21dc6df51cb8aa228cb3413f02e4bf3bb6bd41a88010da47fdab2ed3ad70
outputs/paper_writer_handoff_20260922/A_EVIDENCE_FOR_PAPER/03_gold_and_metrics/pilot_120_v1/gold_v2_officialization_20260914/cpc/confirm_cards/CA-0772.json	2009	05ecc42f2218d052b5208f9de4c0d11a3a14b5ccb814c7ecebca7579541bd1ca
outputs/paper_writer_handoff_20260922/A_EVIDENCE_FOR_PAPER/03_gold_and_metrics/pilot_120_v1/gold_v2_officialization_20260914/cpc/confirm_cards/CA-0778.json	2455	dbdf08fc321df8c5e80e7b8b2029fb4ef1ff1de9c08bb1178eb5134cc57debf3
outputs/paper_writer_handoff_20260922/A_EVIDENCE_FOR_PAPER/03_gold_and_metrics/pilot_120_v1/gold_v2_officialization_20260914/cpc/confirm_cards/CA-0797.json	2325	2456bf059acd237a90f0ec5b134621146886e214b3614c0b99dfd945820aaa59
outputs/paper_writer_handoff_20260922/A_EVIDENCE_FOR_PAPER/03_gold_and_metrics/pilot_120_v1/gold_v2_officialization_20260914/cpc/confirm_cards/CA-0836.json	2644	c7fdd86f6b5a5d62adbbbe064e041f88058715fc6cb537c77942b3bffbca77a5
outputs/paper_writer_handoff_20260922/A_EVIDENCE_FOR_PAPER/03_gold_and_metrics/pilot_120_v1/gold_v2_officialization_20260914/cpc/confirm_cards/CA-0876.json	1992	38f57da2f01c1ee1a7a1cd26e10d19678ca925094fae6b52fc705a092439b7ef
outputs/paper_writer_handoff_20260922/A_EVIDENCE_FOR_PAPER/03_gold_and_metrics/pilot_120_v1/gold_v2_officialization_20260914/cpc/confirm_cards/CA-0878.json	2514	8dfa6a8239132dd727cf7ac2305b6a4a9f34e9bde1e446650622f906249fd42b
outputs/paper_writer_handoff_20260922/A_EVIDENCE_FOR_PAPER/03_gold_and_metrics/pilot_120_v1/gold_v2_officialization_20260914/cpc/confirm_cards/CA-0904.json	2398	8c8507d113e0b0fb4cf178cf2be993d7b1ea435fe09ffebe183cc1c1e1935a2c
outputs/paper_writer_handoff_20260922/A_EVIDENCE_FOR_PAPER/03_gold_and_metrics/pilot_120_v1/gold_v2_officialization_20260914/cpc/confirm_cards/CA-0907.json	2520	a237f593d2053f5845e279786247d4aa5330e1d2f2d46d6d064ed64886b1ef3b
outputs/paper_writer_handoff_20260922/A_EVIDENCE_FOR_PAPER/03_gold_and_metrics/pilot_120_v1/gold_v2_officialization_20260914/cpc/confirm_cards/CA-0908.json	2566	b076abf19baa7e339fd0008f06f9677f83095632f8fd64e3922b195867deb9e4
outputs/paper_writer_handoff_20260922/A_EVIDENCE_FOR_PAPER/03_gold_and_metrics/pilot_120_v1/gold_v2_officialization_20260914/cpc/confirm_cards/CA-0909.json	2492	51e509418f051ed04c47cbadde414a756b5a4cdd9660d93b114b4f1468f70ffb
outputs/paper_writer_handoff_20260922/A_EVIDENCE_FOR_PAPER/03_gold_and_metrics/pilot_120_v1/gold_v2_officialization_20260914/cpc/confirm_cards/CA-0945.json	2469	f055aaa0c603eec28e70e4af42264dde8db67bf9f1e277c96ac7570855f6eabe
outputs/paper_writer_handoff_20260922/A_EVIDENCE_FOR_PAPER/03_gold_and_metrics/pilot_120_v1/gold_v2_officialization_20260914/cpc/confirm_cards/CA-0967.json	2521	d35bd8a6c5b59e0e224b895b607b4d87f28e08fc79cd1474a0661dbe8dfda259
outputs/paper_writer_handoff_20260922/A_EVIDENCE_FOR_PAPER/03_gold_and_metrics/pilot_120_v1/gold_v2_officialization_20260914/cpc/licensed_action_fills.json	1143	64976fb279aafa2b00b456757dfeefe67a46e8b66fa87a5f96ff95052c00ba9f
outputs/paper_writer_handoff_20260922/A_EVIDENCE_FOR_PAPER/03_gold_and_metrics/pilot_120_v1/gold_v2_officialization_20260914/cpc/pilot_120_gold_cpc_official.jsonl	233899	ab990cbaf32967390adf59cf860a159c5461c1c0f6dba07d0eb2ce989a7beee7
outputs/paper_writer_handoff_20260922/A_EVIDENCE_FOR_PAPER/03_gold_and_metrics/pilot_120_v1/gold_v2_officialization_20260914/cpc/pilot_120_gold_cpc_official.manifest.json	1944	89b65c30b0df92677440fd1066b0414e322782ec5511de093ea684d31036ab1d
outputs/paper_writer_handoff_20260922/A_EVIDENCE_FOR_PAPER/03_gold_and_metrics/pilot_120_v1/gold_v2_officialization_20260914/cpc/repair_log.json	12226	cb2b25ebc0f5d2eabd103fb2f83de20b764de4e97405ef018e07fb1afbd9a856
outputs/paper_writer_handoff_20260922/A_EVIDENCE_FOR_PAPER/03_gold_and_metrics/pilot_120_v1/gold_v2_officialization_20260914/cpc/spotcheck_pack.json	56430	5310d098e9ea2d998a2696c66ed0eeb39d122ba6244fc6cdc27e19beac8193f1
outputs/paper_writer_handoff_20260922/A_EVIDENCE_FOR_PAPER/03_gold_and_metrics/pilot_120_v1/gold_v2_officialization_20260914/cpc/spotcheck_report.json	3016	8306320a4799add07146c240103dc13c78179dbb1879c3497e86a00a32f3efab
outputs/paper_writer_handoff_20260922/A_EVIDENCE_FOR_PAPER/03_gold_and_metrics/pilot_120_v1/gold_v2_officialization_20260914/cpc/working_copy_repaired.jsonl	356785	85d4ebf2ef82863813f3e25d92df99912bddaac9c4104d245ccd1f36bdc51d55
outputs/paper_writer_handoff_20260922/A_EVIDENCE_FOR_PAPER/03_gold_and_metrics/pilot_120_v1/gold_v2_officialization_20260914/HUMAN_GATE_SMARTER_MODEL_PROMPT.md	1780	e16b606aee2c0eb31313145be74bb149937deba39a82c493843b5c3924ac2c44
outputs/paper_writer_handoff_20260922/A_EVIDENCE_FOR_PAPER/03_gold_and_metrics/pilot_120_v1/gold_v2_officialization_20260914/risk/adjudication_decisions.jsonl	53526	7d4855f0016c1456b4de4b501cd357975d50178fb0c3c38af83cd82985dcd55b
outputs/paper_writer_handoff_20260922/A_EVIDENCE_FOR_PAPER/03_gold_and_metrics/pilot_120_v1/gold_v2_officialization_20260914/risk/adjudication_packets/CA-0007.json	1742	f067e2142207a0496a970d1877127af736392c1422102d62e219447e6509f03f
outputs/paper_writer_handoff_20260922/A_EVIDENCE_FOR_PAPER/03_gold_and_metrics/pilot_120_v1/gold_v2_officialization_20260914/risk/adjudication_packets/CA-0012.json	1610	90fbba181db545a5992b7f6b5de7b50b5cce8ae8bdc17aa992bf062fff2ec7fa
outputs/paper_writer_handoff_20260922/A_EVIDENCE_FOR_PAPER/03_gold_and_metrics/pilot_120_v1/gold_v2_officialization_20260914/risk/adjudication_packets/CA-0021.json	2114	e3794965db04e9f80a4b6148b4ebda526c3f41417e5098d3d87f6c307f931136
outputs/paper_writer_handoff_20260922/A_EVIDENCE_FOR_PAPER/03_gold_and_metrics/pilot_120_v1/gold_v2_officialization_20260914/risk/adjudication_packets/CA-0026.json	1134	829035f1f39ad5158be076cdb4d46ecf25968684d5f4d8b560ff4ae710c0b4e5
outputs/paper_writer_handoff_20260922/A_EVIDENCE_FOR_PAPER/03_gold_and_metrics/pilot_120_v1/gold_v2_officialization_20260914/risk/adjudication_packets/CA-0029.json	1526	a8905c0e9c58727ac3397a7c8aa56e120e1b4eedb97ed1387087fcdbc96f86c6
outputs/paper_writer_handoff_20260922/A_EVIDENCE_FOR_PAPER/03_gold_and_metrics/pilot_120_v1/gold_v2_officialization_20260914/risk/adjudication_packets/CA-0032.json	1286	3f8961927939433f2b7a9007f0cec2c8e0a9b6d44944f61f5926a893a34387b1
outputs/paper_writer_handoff_20260922/A_EVIDENCE_FOR_PAPER/03_gold_and_metrics/pilot_120_v1/gold_v2_officialization_20260914/risk/adjudication_packets/CA-0035.json	1294	4675330c036c97affc22003226174e7dd2e2c2cf99725aac83580a400958c1ea
outputs/paper_writer_handoff_20260922/A_EVIDENCE_FOR_PAPER/03_gold_and_metrics/pilot_120_v1/gold_v2_officialization_20260914/risk/adjudication_packets/CA-0042.json	1428	cda5243cf1c13273172082a6f1ad9f991e5b3e1dd7712bb63c5c762bc7abf0b1
outputs/paper_writer_handoff_20260922/A_EVIDENCE_FOR_PAPER/03_gold_and_metrics/pilot_120_v1/gold_v2_officialization_20260914/risk/adjudication_packets/CA-0058.json	1807	65f591cabaabe2fd33fe0e953f4027f58d0ecbc497deb46ac2e68ff7f960a26b
outputs/paper_writer_handoff_20260922/A_EVIDENCE_FOR_PAPER/03_gold_and_metrics/pilot_120_v1/gold_v2_officialization_20260914/risk/adjudication_packets/CA-0072.json	1503	4fd596d837ab7e77e02961b2c7abd087f4dd709814d71fe3be2308b93127f97a
outputs/paper_writer_handoff_20260922/A_EVIDENCE_FOR_PAPER/03_gold_and_metrics/pilot_120_v1/gold_v2_officialization_20260914/risk/adjudication_packets/CA-0083.json	1439	ad02a5cc25545df16594e19ab7682788b61e0bf85f063463e0153ea7778dd66d
outputs/paper_writer_handoff_20260922/A_EVIDENCE_FOR_PAPER/03_gold_and_metrics/pilot_120_v1/gold_v2_officialization_20260914/risk/adjudication_packets/CA-0086.json	1721	7d6af96fc16082e79e986d369a330152cbe0d43b0c1fe642aa7183640485c1fd
outputs/paper_writer_handoff_20260922/A_EVIDENCE_FOR_PAPER/03_gold_and_metrics/pilot_120_v1/gold_v2_officialization_20260914/risk/adjudication_packets/CA-0105.json	1762	bb1e8cd06bf05b973d91538baf552866b233fb18e6d67c3b9a04061d2653e814
outputs/paper_writer_handoff_20260922/A_EVIDENCE_FOR_PAPER/03_gold_and_metrics/pilot_120_v1/gold_v2_officialization_20260914/risk/adjudication_packets/CA-0149.json	2012	aa0c4edc7abf19343d93d206adb0b61594cd11cf7239414ec9135bf06a3b7e4b
outputs/paper_writer_handoff_20260922/A_EVIDENCE_FOR_PAPER/03_gold_and_metrics/pilot_120_v1/gold_v2_officialization_20260914/risk/adjudication_packets/CA-0163.json	1876	15036de6ccd8a51a5bd1ec1b9973172cde9fadaae65e9b507922908272e0d200
outputs/paper_writer_handoff_20260922/A_EVIDENCE_FOR_PAPER/03_gold_and_metrics/pilot_120_v1/gold_v2_officialization_20260914/risk/adjudication_packets/CA-0197.json	1579	9c9ab5319a1044ac16d9b50566237bd214f6518cb2e3d7681838e325512ba742
outputs/paper_writer_handoff_20260922/A_EVIDENCE_FOR_PAPER/03_gold_and_metrics/pilot_120_v1/gold_v2_officialization_20260914/risk/adjudication_packets/CA-0200.json	1970	91c04ce3d299be8730146c58ceb6a4504a47d550a552677176ae2cc9b69fb51c
outputs/paper_writer_handoff_20260922/A_EVIDENCE_FOR_PAPER/03_gold_and_metrics/pilot_120_v1/gold_v2_officialization_20260914/risk/adjudication_packets/CA-0203.json	1571	7235e9f9108055540ae2fef1e9b30c61ef51d2d00af54a4e2adea77277c877ed
outputs/paper_writer_handoff_20260922/A_EVIDENCE_FOR_PAPER/03_gold_and_metrics/pilot_120_v1/gold_v2_officialization_20260914/risk/adjudication_packets/CA-0226.json	1896	7b1ea6d4dbebc4d6f566291f57b9d955a131fde61a3679674ee96d564a798835
outputs/paper_writer_handoff_20260922/A_EVIDENCE_FOR_PAPER/03_gold_and_metrics/pilot_120_v1/gold_v2_officialization_20260914/risk/adjudication_packets/CA-0239.json	1412	7451536a4edbe27a84715167c8e3cd0d71be0f62a576ff0508bf20218cb759ac
outputs/paper_writer_handoff_20260922/A_EVIDENCE_FOR_PAPER/03_gold_and_metrics/pilot_120_v1/gold_v2_officialization_20260914/risk/adjudication_packets/CA-0253.json	1586	507d67be01effcd127a3588c6b38e568dddf55a503fa6ec83a2fd5b2dc55552e
outputs/paper_writer_handoff_20260922/A_EVIDENCE_FOR_PAPER/03_gold_and_metrics/pilot_120_v1/gold_v2_officialization_20260914/risk/adjudication_packets/CA-0259.json	1260	89fc6d0d1077679cf01e5f233a693bc8e0ea06fc5eeefaaf101f49b71f0376cb
outputs/paper_writer_handoff_20260922/A_EVIDENCE_FOR_PAPER/03_gold_and_metrics/pilot_120_v1/gold_v2_officialization_20260914/risk/adjudication_packets/CA-0262.json	1860	a05ddb19da10239dfc8659f37f33e8a539e13f352311559dc21ea50de2e0c052
outputs/paper_writer_handoff_20260922/A_EVIDENCE_FOR_PAPER/03_gold_and_metrics/pilot_120_v1/gold_v2_officialization_20260914/risk/adjudication_packets/CA-0271.json	1537	6e16aa7e62b1bc5467a4b7da695f029dbeb2374b0f721fa0fe46368d8c7bb6a9
outputs/paper_writer_handoff_20260922/A_EVIDENCE_FOR_PAPER/03_gold_and_metrics/pilot_120_v1/gold_v2_officialization_20260914/risk/adjudication_packets/CA-0313.json	1198	64eaa19817cc4ed3ea8cb66fb19210cb3264d2666860787a1b5f6a711c426900
outputs/paper_writer_handoff_20260922/A_EVIDENCE_FOR_PAPER/03_gold_and_metrics/pilot_120_v1/gold_v2_officialization_20260914/risk/adjudication_packets/CA-0336.json	1379	3afac26390e3d2a68de25bae8f0e3b1a8746cce9c9922a52104954c26e7d291d
outputs/paper_writer_handoff_20260922/A_EVIDENCE_FOR_PAPER/03_gold_and_metrics/pilot_120_v1/gold_v2_officialization_20260914/risk/adjudication_packets/CA-0360.json	1279	0881c8cd8e85a021c7423b4fe7695456bc3a38bf50128c4ac7ec5822dbd183e6
outputs/paper_writer_handoff_20260922/A_EVIDENCE_FOR_PAPER/03_gold_and_metrics/pilot_120_v1/gold_v2_officialization_20260914/risk/adjudication_packets/CA-0361.json	1931	10b9109263d0786dcbbe0b08e881a09c99e603ecb74dcbd326fe546263716925
outputs/paper_writer_handoff_20260922/A_EVIDENCE_FOR_PAPER/03_gold_and_metrics/pilot_120_v1/gold_v2_officialization_20260914/risk/adjudication_packets/CA-0369.json	1471	bf17986ba3fbb74f14a941ba442e5e7742298d89d1701d9440744931dbc1f709
outputs/paper_writer_handoff_20260922/A_EVIDENCE_FOR_PAPER/03_gold_and_metrics/pilot_120_v1/gold_v2_officialization_20260914/risk/adjudication_packets/CA-0397.json	1394	942c9b7c68cc21f5ffc30553bbdd3104399df348c9791ba18b4947c4f3165787
outputs/paper_writer_handoff_20260922/A_EVIDENCE_FOR_PAPER/03_gold_and_metrics/pilot_120_v1/gold_v2_officialization_20260914/risk/adjudication_packets/CA-0418.json	1226	686cd6be546a47a8d0cd4adaa1ec3593b347ff925b855b6bf52560c6809e3b4b
outputs/paper_writer_handoff_20260922/A_EVIDENCE_FOR_PAPER/03_gold_and_metrics/pilot_120_v1/gold_v2_officialization_20260914/risk/adjudication_packets/CA-0421.json	1574	0f10f9445417aea7d149dc021109e48b43594e5f89186dc6b1f279c681379f54
outputs/paper_writer_handoff_20260922/A_EVIDENCE_FOR_PAPER/03_gold_and_metrics/pilot_120_v1/gold_v2_officialization_20260914/risk/adjudication_packets/CA-0426.json	1878	0a956be723a9d90e88764563bafb1dccff4b95d5ce2769682620c3c398e28138
outputs/paper_writer_handoff_20260922/A_EVIDENCE_FOR_PAPER/03_gold_and_metrics/pilot_120_v1/gold_v2_officialization_20260914/risk/adjudication_packets/CA-0440.json	1471	1a5de09b335eb80caac2d618ffbf8fc5bf914c5e1f3fa1e23882bc1446f9bfaa
outputs/paper_writer_handoff_20260922/A_EVIDENCE_FOR_PAPER/03_gold_and_metrics/pilot_120_v1/gold_v2_officialization_20260914/risk/adjudication_packets/CA-0453.json	1446	ed8c934dac53175c786354fe5e65fdcd33524d7ab37a148d4b49098840471498
outputs/paper_writer_handoff_20260922/A_EVIDENCE_FOR_PAPER/03_gold_and_metrics/pilot_120_v1/gold_v2_officialization_20260914/risk/adjudication_packets/CA-0469.json	1154	4c3d6ec9b53992ed227151ebfc29e380f8b37a366bb7070121ee318e847646f1
outputs/paper_writer_handoff_20260922/A_EVIDENCE_FOR_PAPER/03_gold_and_metrics/pilot_120_v1/gold_v2_officialization_20260914/risk/adjudication_packets/CA-0470.json	1828	9b12e024b74d03f0246d646a5417d2300bfc7add0ffae84d3c311f70256cfab7
outputs/paper_writer_handoff_20260922/A_EVIDENCE_FOR_PAPER/03_gold_and_metrics/pilot_120_v1/gold_v2_officialization_20260914/risk/adjudication_packets/CA-0533.json	1282	4a29936656dba571ac87a10413f7f27d194c81e827d49bbdb2304f41764f607d
outputs/paper_writer_handoff_20260922/A_EVIDENCE_FOR_PAPER/03_gold_and_metrics/pilot_120_v1/gold_v2_officialization_20260914/risk/adjudication_packets/CA-0565.json	1510	ae18601052c60e64afce9ea8614256f742454c424a634bafdf38d8a4f575a125
outputs/paper_writer_handoff_20260922/A_EVIDENCE_FOR_PAPER/03_gold_and_metrics/pilot_120_v1/gold_v2_officialization_20260914/risk/adjudication_packets/CA-0573.json	1483	46d250ab5cb08a84198df5a50a14a01cfae79ac4b0aa7a0549bfbfbbbe05a245
outputs/paper_writer_handoff_20260922/A_EVIDENCE_FOR_PAPER/03_gold_and_metrics/pilot_120_v1/gold_v2_officialization_20260914/risk/adjudication_packets/CA-0576.json	1207	7a605857ca2cb8dc40a01cdce427cedb5990e5b9992947a0d30a43cc5f9f0da8
outputs/paper_writer_handoff_20260922/A_EVIDENCE_FOR_PAPER/03_gold_and_metrics/pilot_120_v1/gold_v2_officialization_20260914/risk/adjudication_packets/CA-0618.json	1349	afddb9dcee0ffadc3272e368db29c5b141f5299e17a5a4a28f902851db78558c
outputs/paper_writer_handoff_20260922/A_EVIDENCE_FOR_PAPER/03_gold_and_metrics/pilot_120_v1/gold_v2_officialization_20260914/risk/adjudication_packets/CA-0623.json	1717	c68a4dd2cf53d84268d19a2936787f9d3359e84e26c88b1f364e452490247b86
outputs/paper_writer_handoff_20260922/A_EVIDENCE_FOR_PAPER/03_gold_and_metrics/pilot_120_v1/gold_v2_officialization_20260914/risk/adjudication_packets/CA-0648.json	1246	24ecc494a8fb832e4c74f07c14b3d9c92ab034f3e94be9380b08a818928c56e0
outputs/paper_writer_handoff_20260922/A_EVIDENCE_FOR_PAPER/03_gold_and_metrics/pilot_120_v1/gold_v2_officialization_20260914/risk/adjudication_packets/CA-0679.json	1359	bda944f5c55f8e9ea01b099fbce266012dc48b773916596abf839ce90aced714
outputs/paper_writer_handoff_20260922/A_EVIDENCE_FOR_PAPER/03_gold_and_metrics/pilot_120_v1/gold_v2_officialization_20260914/risk/adjudication_packets/CA-0680.json	1604	73e597b7b043a4a7ca54def8ecfc498f21d2936ada07ac298fbaf5e5a0c37556
outputs/paper_writer_handoff_20260922/A_EVIDENCE_FOR_PAPER/03_gold_and_metrics/pilot_120_v1/gold_v2_officialization_20260914/risk/adjudication_packets/CA-0695.json	1336	b77474f3f80e6216f7ebc2c4aecdae97a30693db0b95ec9a7c2a7c72a833a70b
outputs/paper_writer_handoff_20260922/A_EVIDENCE_FOR_PAPER/03_gold_and_metrics/pilot_120_v1/gold_v2_officialization_20260914/risk/adjudication_packets/CA-0703.json	1119	0c2961624cc6f5df02e59bfd700fb48a3ccb60037cbec0f488e39b9cdb21a08a
outputs/paper_writer_handoff_20260922/A_EVIDENCE_FOR_PAPER/03_gold_and_metrics/pilot_120_v1/gold_v2_officialization_20260914/risk/adjudication_packets/CA-0718.json	1806	ff3ab9fb82b3f22a7fa2fa9a44c95c7fe2488a33b4c57facef5b1658d45d2b93
outputs/paper_writer_handoff_20260922/A_EVIDENCE_FOR_PAPER/03_gold_and_metrics/pilot_120_v1/gold_v2_officialization_20260914/risk/adjudication_packets/CA-0727.json	1455	47730752a646279350dea80282fa7bf48029add5789a964797a6736a43602378
outputs/paper_writer_handoff_20260922/A_EVIDENCE_FOR_PAPER/03_gold_and_metrics/pilot_120_v1/gold_v2_officialization_20260914/risk/adjudication_packets/CA-0733.json	1763	8abb0e026c8f25e6d5285f58ad2b5f1051b3a3cca1d88c21ecd47a324300e28c
outputs/paper_writer_handoff_20260922/A_EVIDENCE_FOR_PAPER/03_gold_and_metrics/pilot_120_v1/gold_v2_officialization_20260914/risk/adjudication_packets/CA-0739.json	1574	a598b9c96e137523ee90e266cdee231801343e451de232e4fa9050a9cbc8c6b2
outputs/paper_writer_handoff_20260922/A_EVIDENCE_FOR_PAPER/03_gold_and_metrics/pilot_120_v1/gold_v2_officialization_20260914/risk/adjudication_packets/CA-0772.json	1166	13f9366426deeb1590044069704b639e8faa935de8e44c2247c1f1b14be93901
outputs/paper_writer_handoff_20260922/A_EVIDENCE_FOR_PAPER/03_gold_and_metrics/pilot_120_v1/gold_v2_officialization_20260914/risk/adjudication_packets/CA-0797.json	1442	1727c96a0a9e7158bd4436c9c046e2fda3d61bbec4fd2018a2e16a2988c91ad8
outputs/paper_writer_handoff_20260922/A_EVIDENCE_FOR_PAPER/03_gold_and_metrics/pilot_120_v1/gold_v2_officialization_20260914/risk/adjudication_packets/CA-0805.json	1509	69a2f13c89c0299d3b6825c13337175cf2b9d91ce0dafd41a777c68c05c33b3e
outputs/paper_writer_handoff_20260922/A_EVIDENCE_FOR_PAPER/03_gold_and_metrics/pilot_120_v1/gold_v2_officialization_20260914/risk/adjudication_packets/CA-0828.json	1903	dbe5c5a5a52a260bd732ec8682504a3367ab771bfdf38b97b6e3a07e700354b3
outputs/paper_writer_handoff_20260922/A_EVIDENCE_FOR_PAPER/03_gold_and_metrics/pilot_120_v1/gold_v2_officialization_20260914/risk/adjudication_packets/CA-0855.json	1359	e55869dd33c06c9221f87e507ca1bb69d3178a02d5a42bf9d70f4ce06c49aa2a
outputs/paper_writer_handoff_20260922/A_EVIDENCE_FOR_PAPER/03_gold_and_metrics/pilot_120_v1/gold_v2_officialization_20260914/risk/adjudication_packets/CA-0876.json	1108	0b25e06669cb6759a5e6fc52e02420502432bc95bfeb16edc5c4c9e8e03c0c24
outputs/paper_writer_handoff_20260922/A_EVIDENCE_FOR_PAPER/03_gold_and_metrics/pilot_120_v1/gold_v2_officialization_20260914/risk/adjudication_packets/CA-0907.json	1542	72dd9569bf1d58ec45716b52f220b1e70fbf352a4718b6798dec8a05c273f982
outputs/paper_writer_handoff_20260922/A_EVIDENCE_FOR_PAPER/03_gold_and_metrics/pilot_120_v1/gold_v2_officialization_20260914/risk/adjudication_packets/CA-0908.json	1383	f65339810fb8a82b119fb260b4d64705f00632c8d587a9df82a414e8fe3a0e8e
outputs/paper_writer_handoff_20260922/A_EVIDENCE_FOR_PAPER/03_gold_and_metrics/pilot_120_v1/gold_v2_officialization_20260914/risk/adjudication_packets/CA-0909.json	1551	7972685ca3882d7252a172b8cd6d7b75633c93a59f88356b532a0ad2bc9e9749
outputs/paper_writer_handoff_20260922/A_EVIDENCE_FOR_PAPER/03_gold_and_metrics/pilot_120_v1/gold_v2_officialization_20260914/risk/adjudication_packets/CA-0923.json	1564	421163ec83481c569f016b3230e320c94ef75f5fc00b4f6d59fce0668316e1fb
outputs/paper_writer_handoff_20260922/A_EVIDENCE_FOR_PAPER/03_gold_and_metrics/pilot_120_v1/gold_v2_officialization_20260914/risk/adjudication_packets/CA-0945.json	1384	028d52caae66dc853bd611c0d6487ebd3560124ac4ca8b4135b1dedb2ea65dab
outputs/paper_writer_handoff_20260922/A_EVIDENCE_FOR_PAPER/03_gold_and_metrics/pilot_120_v1/gold_v2_officialization_20260914/risk/adjudication_packets/CA-0961.json	1831	1db550801b11532ebcedcf18492ea108d0e716c0fdf8edadc18d89368aca733a
outputs/paper_writer_handoff_20260922/A_EVIDENCE_FOR_PAPER/03_gold_and_metrics/pilot_120_v1/gold_v2_officialization_20260914/risk/adjudication_packets/CA-0963.json	1375	dd98db4be3f5f24082e448197b2a0ee865d2c57cc3a2bebbd59a837ea27bac32
outputs/paper_writer_handoff_20260922/A_EVIDENCE_FOR_PAPER/03_gold_and_metrics/pilot_120_v1/gold_v2_officialization_20260914/risk/adjudication_packets/CA-0967.json	1564	15eaaa07870af24a3ce787f47b5c0efaadd608b7cfc7b584f39e5fadcd9e6e09
outputs/paper_writer_handoff_20260922/A_EVIDENCE_FOR_PAPER/03_gold_and_metrics/pilot_120_v1/gold_v2_officialization_20260914/risk/adjudication_packets/CA-0972.json	1539	196c55c8d465c6050332259d368469bc73c2a7ae58d6a4a00e2bd04b34f193a0
outputs/paper_writer_handoff_20260922/A_EVIDENCE_FOR_PAPER/03_gold_and_metrics/pilot_120_v1/gold_v2_officialization_20260914/risk/ADJUDICATION_SUMMARY.json	926	fa6a2aa3311f54a567a69976bf4829944fe87d83180486acfe553537115d784a
outputs/paper_writer_handoff_20260922/A_EVIDENCE_FOR_PAPER/03_gold_and_metrics/pilot_120_v1/gold_v2_officialization_20260914/risk/annotator_a_gpt/CA-0007.json	365	239eca9ffbb1251e66a7d54f1d566c704a25c312e695c6113e1391682e1e11ca
outputs/paper_writer_handoff_20260922/A_EVIDENCE_FOR_PAPER/03_gold_and_metrics/pilot_120_v1/gold_v2_officialization_20260914/risk/annotator_a_gpt/CA-0012.json	418	bfa1f543494aefa1a16bbaaf59b43fe3ec971c5adc16e104116d278804d89d56
outputs/paper_writer_handoff_20260922/A_EVIDENCE_FOR_PAPER/03_gold_and_metrics/pilot_120_v1/gold_v2_officialization_20260914/risk/annotator_a_gpt/CA-0021.json	426	6e3c41cf7f8be0341c8a9a951a786a1b2a967e0baf388dde258dde83b994803c
outputs/paper_writer_handoff_20260922/A_EVIDENCE_FOR_PAPER/03_gold_and_metrics/pilot_120_v1/gold_v2_officialization_20260914/risk/annotator_a_gpt/CA-0026.json	401	e0a5a7f759cbac175c7440d10c86b99058cd27d05989c501caad509af8df2a5f
outputs/paper_writer_handoff_20260922/A_EVIDENCE_FOR_PAPER/03_gold_and_metrics/pilot_120_v1/gold_v2_officialization_20260914/risk/annotator_a_gpt/CA-0029.json	401	9fb82140211173d24468ad8a8357ee206798089d711a69faeaa39262c9044125
outputs/paper_writer_handoff_20260922/A_EVIDENCE_FOR_PAPER/03_gold_and_metrics/pilot_120_v1/gold_v2_officialization_20260914/risk/annotator_a_gpt/CA-0032.json	399	4f912a592592aea37ab1990076244fd591af8ae78dc8a293e1b9ad19778f3dae
outputs/paper_writer_handoff_20260922/A_EVIDENCE_FOR_PAPER/03_gold_and_metrics/pilot_120_v1/gold_v2_officialization_20260914/risk/annotator_a_gpt/CA-0035.json	407	853dd872ebd71e34140f6aa9d935acee599b594d13f775c2cb5d71b52f6a0c97
outputs/paper_writer_handoff_20260922/A_EVIDENCE_FOR_PAPER/03_gold_and_metrics/pilot_120_v1/gold_v2_officialization_20260914/risk/annotator_a_gpt/CA-0042.json	402	4255e14bb6ab8e1efa9874e9f381b221422b49eb1fcc4552c5d57239e81a3043
outputs/paper_writer_handoff_20260922/A_EVIDENCE_FOR_PAPER/03_gold_and_metrics/pilot_120_v1/gold_v2_officialization_20260914/risk/annotator_a_gpt/CA-0056.json	421	1606cdc229213aaf2ea8593f78f666ac63ccbad0f8608d33c7422352946ad071
outputs/paper_writer_handoff_20260922/A_EVIDENCE_FOR_PAPER/03_gold_and_metrics/pilot_120_v1/gold_v2_officialization_20260914/risk/annotator_a_gpt/CA-0058.json	426	555df495e776d654d9b8de982b1925c600f63756a3f2f3dc46c3cfc74105c131
outputs/paper_writer_handoff_20260922/A_EVIDENCE_FOR_PAPER/03_gold_and_metrics/pilot_120_v1/gold_v2_officialization_20260914/risk/annotator_a_gpt/CA-0063.json	423	1d96d048b077fa8cd8a192ec0308eceaf645526cda69f05776cde132caecd9f1
outputs/paper_writer_handoff_20260922/A_EVIDENCE_FOR_PAPER/03_gold_and_metrics/pilot_120_v1/gold_v2_officialization_20260914/risk/annotator_a_gpt/CA-0070.json	380	b67c9b2f45abd0e2c32cc57e2579e1f3c27d465a4c6a8db5dbc071a198ed4ac4
outputs/paper_writer_handoff_20260922/A_EVIDENCE_FOR_PAPER/03_gold_and_metrics/pilot_120_v1/gold_v2_officialization_20260914/risk/annotator_a_gpt/CA-0072.json	345	757c31b2e914f5238c545348807c2e39647632a1b3c8a27a0fc6d80d59e50210
outputs/paper_writer_handoff_20260922/A_EVIDENCE_FOR_PAPER/03_gold_and_metrics/pilot_120_v1/gold_v2_officialization_20260914/risk/annotator_a_gpt/CA-0078.json	364	197ad6390fb6c34a1601fd6c6b1c10491f6ad93b22a706abbbfb3cc1340d2bb2
outputs/paper_writer_handoff_20260922/A_EVIDENCE_FOR_PAPER/03_gold_and_metrics/pilot_120_v1/gold_v2_officialization_20260914/risk/annotator_a_gpt/CA-0083.json	345	71eacefac330a48fb00a019b57206b1cae03e43ee345ec3634a83a8f31caf381
outputs/paper_writer_handoff_20260922/A_EVIDENCE_FOR_PAPER/03_gold_and_metrics/pilot_120_v1/gold_v2_officialization_20260914/risk/annotator_a_gpt/CA-0086.json	348	a701edf9d9b2c011a68ce7a476c8824dc4fb6f983d670f1a4aecbe5aed8c7d1c
outputs/paper_writer_handoff_20260922/A_EVIDENCE_FOR_PAPER/03_gold_and_metrics/pilot_120_v1/gold_v2_officialization_20260914/risk/annotator_a_gpt/CA-0092.json	367	35760e5f8a7e8bb16a8fc93866b29601322700643de9bd0e48cf73c5fd84bc66
outputs/paper_writer_handoff_20260922/A_EVIDENCE_FOR_PAPER/03_gold_and_metrics/pilot_120_v1/gold_v2_officialization_20260914/risk/annotator_a_gpt/CA-0105.json	328	0344f0ad4bf9a965b141d2924908621cf7c9e7d08d6c69ae1c8fc0e4bec2bebd
outputs/paper_writer_handoff_20260922/A_EVIDENCE_FOR_PAPER/03_gold_and_metrics/pilot_120_v1/gold_v2_officialization_20260914/risk/annotator_a_gpt/CA-0133.json	370	65dbfc4fb1ea9de0671affa3274aa477f64143c567347fe00121e13208000208
outputs/paper_writer_handoff_20260922/A_EVIDENCE_FOR_PAPER/03_gold_and_metrics/pilot_120_v1/gold_v2_officialization_20260914/risk/annotator_a_gpt/CA-0149.json	349	ae5ef49c159f20cf5afe665f861f391aeb861c861272f53b6d64659dbcc8d16e
outputs/paper_writer_handoff_20260922/A_EVIDENCE_FOR_PAPER/03_gold_and_metrics/pilot_120_v1/gold_v2_officialization_20260914/risk/annotator_a_gpt/CA-0158.json	335	132b61ec0982234d418344e05c65850ccddaa07c625ebe2c7d0b06e11495ce90
outputs/paper_writer_handoff_20260922/A_EVIDENCE_FOR_PAPER/03_gold_and_metrics/pilot_120_v1/gold_v2_officialization_20260914/risk/annotator_a_gpt/CA-0163.json	337	ec88e0bd0d3f0118e0e77b43aadd2e03511e5c5fd147131ef97a382d20f5d6c2
outputs/paper_writer_handoff_20260922/A_EVIDENCE_FOR_PAPER/03_gold_and_metrics/pilot_120_v1/gold_v2_officialization_20260914/risk/annotator_a_gpt/CA-0197.json	416	15f1c26604f41213ba62fdee99ad6a978d56638650bb8939b1744b0bf51a54cc
outputs/paper_writer_handoff_20260922/A_EVIDENCE_FOR_PAPER/03_gold_and_metrics/pilot_120_v1/gold_v2_officialization_20260914/risk/annotator_a_gpt/CA-0200.json	426	8896798cf32cd6a4e3498032689c05da98df5b876cb40171183906b2b5c538a4
outputs/paper_writer_handoff_20260922/A_EVIDENCE_FOR_PAPER/03_gold_and_metrics/pilot_120_v1/gold_v2_officialization_20260914/risk/annotator_a_gpt/CA-0203.json	418	0601da03a429170ad4fbef9f739ed626bdddb2bcc521ca4fcde94f5ad98b7b8c
outputs/paper_writer_handoff_20260922/A_EVIDENCE_FOR_PAPER/03_gold_and_metrics/pilot_120_v1/gold_v2_officialization_20260914/risk/annotator_a_gpt/CA-0211.json	348	d270cbeb04e8c4cbe9ecdd63e7c69bdd40646e9467ae640af84818519e915e89
outputs/paper_writer_handoff_20260922/A_EVIDENCE_FOR_PAPER/03_gold_and_metrics/pilot_120_v1/gold_v2_officialization_20260914/risk/annotator_a_gpt/CA-0215.json	344	aa5c0198aa0509fad33a16338d157125d77b9391da2be1f4215649a77ed50e4b
outputs/paper_writer_handoff_20260922/A_EVIDENCE_FOR_PAPER/03_gold_and_metrics/pilot_120_v1/gold_v2_officialization_20260914/risk/annotator_a_gpt/CA-0218.json	338	3515cc765315b0b97f83f6524314d4128c85d57377f024119b5066b068c2cc17
outputs/paper_writer_handoff_20260922/A_EVIDENCE_FOR_PAPER/03_gold_and_metrics/pilot_120_v1/gold_v2_officialization_20260914/risk/annotator_a_gpt/CA-0225.json	334	e73220ad06a596945932c7ffeb6ffffc7db2ab26cd0ff23d085965d4ec47253b
outputs/paper_writer_handoff_20260922/A_EVIDENCE_FOR_PAPER/03_gold_and_metrics/pilot_120_v1/gold_v2_officialization_20260914/risk/annotator_a_gpt/CA-0226.json	353	88dfcaf6564294b07cfaba6ce1310ae33b2003056ef1fa02b8e486aafaf9d71d
outputs/paper_writer_handoff_20260922/A_EVIDENCE_FOR_PAPER/03_gold_and_metrics/pilot_120_v1/gold_v2_officialization_20260914/risk/annotator_a_gpt/CA-0239.json	391	04693f285efc5cdfb28d85cd417d320ae1cc926822eee9e4cb8d8d680ad4efb8
outputs/paper_writer_handoff_20260922/A_EVIDENCE_FOR_PAPER/03_gold_and_metrics/pilot_120_v1/gold_v2_officialization_20260914/risk/annotator_a_gpt/CA-0245.json	328	f4a6f40874c05f3611403ea46f8086b055298d0a6d79d1014e7112bba72a562d
outputs/paper_writer_handoff_20260922/A_EVIDENCE_FOR_PAPER/03_gold_and_metrics/pilot_120_v1/gold_v2_officialization_20260914/risk/annotator_a_gpt/CA-0253.json	332	b019920fd47442c95039a61f321a330e1575be691db7167f1a12dba43fddce1d
outputs/paper_writer_handoff_20260922/A_EVIDENCE_FOR_PAPER/03_gold_and_metrics/pilot_120_v1/gold_v2_officialization_20260914/risk/annotator_a_gpt/CA-0259.json	359	2b7fe9cc4226890a4c002016cf1bb25ed57036be75db8fe389c8f0992cc3cb42
outputs/paper_writer_handoff_20260922/A_EVIDENCE_FOR_PAPER/03_gold_and_metrics/pilot_120_v1/gold_v2_officialization_20260914/risk/annotator_a_gpt/CA-0262.json	426	44daf83783422291e0928fbb2dbcbfc0b41c46f9de1a4cd46837246946bd47ab
outputs/paper_writer_handoff_20260922/A_EVIDENCE_FOR_PAPER/03_gold_and_metrics/pilot_120_v1/gold_v2_officialization_20260914/risk/annotator_a_gpt/CA-0271.json	426	5b25c089e66e7e2e43c18ee701200f9e716db59f828a20385b546b8aa755bd18
outputs/paper_writer_handoff_20260922/A_EVIDENCE_FOR_PAPER/03_gold_and_metrics/pilot_120_v1/gold_v2_officialization_20260914/risk/annotator_a_gpt/CA-0292.json	341	cd0eb608a71e29ff744de311f01427a48db001391ac20e407ebeed270d56695a
outputs/paper_writer_handoff_20260922/A_EVIDENCE_FOR_PAPER/03_gold_and_metrics/pilot_120_v1/gold_v2_officialization_20260914/risk/annotator_a_gpt/CA-0313.json	348	3524b0da7efe695017481ea4a97a08fb482d68c312fd104db57d30781909691b
outputs/paper_writer_handoff_20260922/A_EVIDENCE_FOR_PAPER/03_gold_and_metrics/pilot_120_v1/gold_v2_officialization_20260914/risk/annotator_a_gpt/CA-0326.json	352	034ebd337d9fe47caeb474388a20ae4535112fc5dd65a249705d360d7f4bc5a2
outputs/paper_writer_handoff_20260922/A_EVIDENCE_FOR_PAPER/03_gold_and_metrics/pilot_120_v1/gold_v2_officialization_20260914/risk/annotator_a_gpt/CA-0332.json	341	ecba681be45027b982d7ef7d51e1df582ae58b833b39c4a942846ddfbbccfb24
outputs/paper_writer_handoff_20260922/A_EVIDENCE_FOR_PAPER/03_gold_and_metrics/pilot_120_v1/gold_v2_officialization_20260914/risk/annotator_a_gpt/CA-0336.json	322	d8ef4d0455c00897e1c3cc96772550217aaca58986213583b21df1030e60c79f
outputs/paper_writer_handoff_20260922/A_EVIDENCE_FOR_PAPER/03_gold_and_metrics/pilot_120_v1/gold_v2_officialization_20260914/risk/annotator_a_gpt/CA-0360.json	333	b263273b2fb6cb118b78ffaf85c5f91a1ee7c62a65f4a94f6650bf37107b3d39
outputs/paper_writer_handoff_20260922/A_EVIDENCE_FOR_PAPER/03_gold_and_metrics/pilot_120_v1/gold_v2_officialization_20260914/risk/annotator_a_gpt/CA-0361.json	426	1fff9179825e56a4b72ce1dc03a29d5cb0685fee9caee31c63167c2774a0c285
outputs/paper_writer_handoff_20260922/A_EVIDENCE_FOR_PAPER/03_gold_and_metrics/pilot_120_v1/gold_v2_officialization_20260914/risk/annotator_a_gpt/CA-0369.json	416	9e0137ee7bd11b37bff8fd01fa94776043c3785b4be051149562a383525106b0
outputs/paper_writer_handoff_20260922/A_EVIDENCE_FOR_PAPER/03_gold_and_metrics/pilot_120_v1/gold_v2_officialization_20260914/risk/annotator_a_gpt/CA-0372.json	337	542c9efc9035f3b2fb3df88d91e91fc057f8a8d81d35c20106b6d0047304e95d
outputs/paper_writer_handoff_20260922/A_EVIDENCE_FOR_PAPER/03_gold_and_metrics/pilot_120_v1/gold_v2_officialization_20260914/risk/annotator_a_gpt/CA-0382.json	329	cdda09ca3d149597630796b5254ae2a2f4b2d41308ed3289f3c0bfb2f08a6a2c
outputs/paper_writer_handoff_20260922/A_EVIDENCE_FOR_PAPER/03_gold_and_metrics/pilot_120_v1/gold_v2_officialization_20260914/risk/annotator_a_gpt/CA-0394.json	382	8a1d74fe7ce45f94582ec12807e97f74e6d35fe5ffa941e699f8152afe62240d
outputs/paper_writer_handoff_20260922/A_EVIDENCE_FOR_PAPER/03_gold_and_metrics/pilot_120_v1/gold_v2_officialization_20260914/risk/annotator_a_gpt/CA-0397.json	332	e3ee7dc136c29765161ed38b6d8318911768eab32f32b36eae8f02aae27accce
outputs/paper_writer_handoff_20260922/A_EVIDENCE_FOR_PAPER/03_gold_and_metrics/pilot_120_v1/gold_v2_officialization_20260914/risk/annotator_a_gpt/CA-0418.json	348	6aa8d3f7ffaf93438f8dbda4c9ea513ffe66b2e9efef80e2c19802f59b36d6de
outputs/paper_writer_handoff_20260922/A_EVIDENCE_FOR_PAPER/03_gold_and_metrics/pilot_120_v1/gold_v2_officialization_20260914/risk/annotator_a_gpt/CA-0421.json	415	0096081245a967bc5eb575f8cd9b7ccb61e6f48c16965cff912bd1dcf1053b4b
outputs/paper_writer_handoff_20260922/A_EVIDENCE_FOR_PAPER/03_gold_and_metrics/pilot_120_v1/gold_v2_officialization_20260914/risk/annotator_a_gpt/CA-0422.json	338	2bad1e8ec2023b80abc8ae9400203aff67413e682f3a4b1df7af69c7c94df08d
outputs/paper_writer_handoff_20260922/A_EVIDENCE_FOR_PAPER/03_gold_and_metrics/pilot_120_v1/gold_v2_officialization_20260914/risk/annotator_a_gpt/CA-0426.json	337	16d30eacb99bcad717f22258b489141a8f62b6cb8d67b83f9329ad03212f9c65
outputs/paper_writer_handoff_20260922/A_EVIDENCE_FOR_PAPER/03_gold_and_metrics/pilot_120_v1/gold_v2_officialization_20260914/risk/annotator_a_gpt/CA-0437.json	341	f66ffdfb1e93982a7b9474387cacf9cabd6ba251e8362465e77e1ce1f1aa9ccb
outputs/paper_writer_handoff_20260922/A_EVIDENCE_FOR_PAPER/03_gold_and_metrics/pilot_120_v1/gold_v2_officialization_20260914/risk/annotator_a_gpt/CA-0440.json	364	bd57e69c40beeb279626a0ecce7728dd4dbdbb0dbeaa9b4e1587b7e11ca8934b
outputs/paper_writer_handoff_20260922/A_EVIDENCE_FOR_PAPER/03_gold_and_metrics/pilot_120_v1/gold_v2_officialization_20260914/risk/annotator_a_gpt/CA-0453.json	400	34470d85b129d404dfdefa00bb1111bea3bce183696d490d47610aa0b66a103b
outputs/paper_writer_handoff_20260922/A_EVIDENCE_FOR_PAPER/03_gold_and_metrics/pilot_120_v1/gold_v2_officialization_20260914/risk/annotator_a_gpt/CA-0460.json	358	51496fcb84b9bf082704a63e6df2ab4286d281ec875105115cdbb3b3edf05033
outputs/paper_writer_handoff_20260922/A_EVIDENCE_FOR_PAPER/03_gold_and_metrics/pilot_120_v1/gold_v2_officialization_20260914/risk/annotator_a_gpt/CA-0469.json	403	2b7984d142cb8da22937b3e1a3b5f40deae8a46eced58ffff72810e47dcf9968
outputs/paper_writer_handoff_20260922/A_EVIDENCE_FOR_PAPER/03_gold_and_metrics/pilot_120_v1/gold_v2_officialization_20260914/risk/annotator_a_gpt/CA-0470.json	395	83059273d36762cf732edfd153dbb01e89cb4f75487f2c72984711d696da1b70
outputs/paper_writer_handoff_20260922/A_EVIDENCE_FOR_PAPER/03_gold_and_metrics/pilot_120_v1/gold_v2_officialization_20260914/risk/annotator_a_gpt/CA-0512.json	369	19bbec6e5cfd7f65371856b7db9cfe06c169aef42973ba54e7ea194fc45eb650
outputs/paper_writer_handoff_20260922/A_EVIDENCE_FOR_PAPER/03_gold_and_metrics/pilot_120_v1/gold_v2_officialization_20260914/risk/annotator_a_gpt/CA-0533.json	426	50a3accce7d6afc81202ca79c4049f6b5d057eede77ca638204e2738178e6d54
outputs/paper_writer_handoff_20260922/A_EVIDENCE_FOR_PAPER/03_gold_and_metrics/pilot_120_v1/gold_v2_officialization_20260914/risk/annotator_a_gpt/CA-0552.json	369	063e5001b4e0416c11b1c13a56a7802e600c6f53bd4c5674a6e5e958edc24cff
outputs/paper_writer_handoff_20260922/A_EVIDENCE_FOR_PAPER/03_gold_and_metrics/pilot_120_v1/gold_v2_officialization_20260914/risk/annotator_a_gpt/CA-0560.json	343	1a06cbcf97941ead7ca9039b7707ac82d36d50065384a7a8ae9ba509d2d3e050
outputs/paper_writer_handoff_20260922/A_EVIDENCE_FOR_PAPER/03_gold_and_metrics/pilot_120_v1/gold_v2_officialization_20260914/risk/annotator_a_gpt/CA-0565.json	394	ca82bc12df1d1a4ffdc3faa87e2e8b10e6461463dab449b90d0c2e25a5d80a56
outputs/paper_writer_handoff_20260922/A_EVIDENCE_FOR_PAPER/03_gold_and_metrics/pilot_120_v1/gold_v2_officialization_20260914/risk/annotator_a_gpt/CA-0573.json	335	1fe79ed9fc3533790c3f96d641bba1b0e60481fdf656b8ba325efb5f07d9cba7
outputs/paper_writer_handoff_20260922/A_EVIDENCE_FOR_PAPER/03_gold_and_metrics/pilot_120_v1/gold_v2_officialization_20260914/risk/annotator_a_gpt/CA-0576.json	400	e22ad3f79352089a17e41c30c3b059c7685630b27a5cc28b764314a8c62deef9
outputs/paper_writer_handoff_20260922/A_EVIDENCE_FOR_PAPER/03_gold_and_metrics/pilot_120_v1/gold_v2_officialization_20260914/risk/annotator_a_gpt/CA-0596.json	329	bf323f95552f4673898bc48ebd0f1ed5e4e6183f95a5569c7957a39fb4e0123a
outputs/paper_writer_handoff_20260922/A_EVIDENCE_FOR_PAPER/03_gold_and_metrics/pilot_120_v1/gold_v2_officialization_20260914/risk/annotator_a_gpt/CA-0598.json	347	909ca92b2b8f917e19121e2fab0ab5782493d16b3ff1fee9cd8979e2cb580cb5
outputs/paper_writer_handoff_20260922/A_EVIDENCE_FOR_PAPER/03_gold_and_metrics/pilot_120_v1/gold_v2_officialization_20260914/risk/annotator_a_gpt/CA-0604.json	366	2ba496c1a5d0a40ef5d075d60183eae7580374a1fa0ea42dfea17d8327f98f18
outputs/paper_writer_handoff_20260922/A_EVIDENCE_FOR_PAPER/03_gold_and_metrics/pilot_120_v1/gold_v2_officialization_20260914/risk/annotator_a_gpt/CA-0608.json	360	fc5e9af69c52c46bd03e0f7280bc4c251aebdb345e098092094d3e57f3242ae1
outputs/paper_writer_handoff_20260922/A_EVIDENCE_FOR_PAPER/03_gold_and_metrics/pilot_120_v1/gold_v2_officialization_20260914/risk/annotator_a_gpt/CA-0611.json	337	a9cd84003b45444856f3fab64f08c3fec9652810e909761747284ef57da0f99c
outputs/paper_writer_handoff_20260922/A_EVIDENCE_FOR_PAPER/03_gold_and_metrics/pilot_120_v1/gold_v2_officialization_20260914/risk/annotator_a_gpt/CA-0618.json	339	3a326de1a2b2b6f13bdea7abbcc9baed5cb3ee41a58473163f187e4ccb054dd1
outputs/paper_writer_handoff_20260922/A_EVIDENCE_FOR_PAPER/03_gold_and_metrics/pilot_120_v1/gold_v2_officialization_20260914/risk/annotator_a_gpt/CA-0623.json	347	6884320614d2d2dec96aea761edd6cff4919f3eb98bd92a38f24f8e946f39fbc
outputs/paper_writer_handoff_20260922/A_EVIDENCE_FOR_PAPER/03_gold_and_metrics/pilot_120_v1/gold_v2_officialization_20260914/risk/annotator_a_gpt/CA-0647.json	368	1f4a5c3b692ebeca0c33bebd6137c77b729ab80e884528d698f54ecd60b51cb2
outputs/paper_writer_handoff_20260922/A_EVIDENCE_FOR_PAPER/03_gold_and_metrics/pilot_120_v1/gold_v2_officialization_20260914/risk/annotator_a_gpt/CA-0648.json	348	a4082048e11b34ec2598cb585af2a14329d4aef5faa3f15038cee98da1a2913b
outputs/paper_writer_handoff_20260922/A_EVIDENCE_FOR_PAPER/03_gold_and_metrics/pilot_120_v1/gold_v2_officialization_20260914/risk/annotator_a_gpt/CA-0654.json	351	f43d9f027d61d653cbdb4d955bbe1373c7053e7a73102377351f0a02cf5f8f67
outputs/paper_writer_handoff_20260922/A_EVIDENCE_FOR_PAPER/03_gold_and_metrics/pilot_120_v1/gold_v2_officialization_20260914/risk/annotator_a_gpt/CA-0671.json	371	0fdb70de6fa830621a52e5d4a0de1ce6eeb76f3f306e51bdba02b47b6394ce93
outputs/paper_writer_handoff_20260922/A_EVIDENCE_FOR_PAPER/03_gold_and_metrics/pilot_120_v1/gold_v2_officialization_20260914/risk/annotator_a_gpt/CA-0677.json	325	75fb92d50430901532af36a355bc5dcc91403a7bca19b2640134ab05a683164e
outputs/paper_writer_handoff_20260922/A_EVIDENCE_FOR_PAPER/03_gold_and_metrics/pilot_120_v1/gold_v2_officialization_20260914/risk/annotator_a_gpt/CA-0679.json	426	ac61e7a257241b7394daf95483980d1387bfd53a0c768ea801e5d0271cc1e34b
outputs/paper_writer_handoff_20260922/A_EVIDENCE_FOR_PAPER/03_gold_and_metrics/pilot_120_v1/gold_v2_officialization_20260914/risk/annotator_a_gpt/CA-0680.json	402	f8dfb18b348767ec4fce52662deb0ed00d9a8b0a232c221807b3a21888c2b9b4
outputs/paper_writer_handoff_20260922/A_EVIDENCE_FOR_PAPER/03_gold_and_metrics/pilot_120_v1/gold_v2_officialization_20260914/risk/annotator_a_gpt/CA-0686.json	367	2169090289f363a940ffe9967e5d197a903b7d2e163eabc32c4cf7966357f458
outputs/paper_writer_handoff_20260922/A_EVIDENCE_FOR_PAPER/03_gold_and_metrics/pilot_120_v1/gold_v2_officialization_20260914/risk/annotator_a_gpt/CA-0695.json	346	d6659d029b32799702cc617ed6d993c1371fe59791c9ae78cdbd841e0ba6f91b
outputs/paper_writer_handoff_20260922/A_EVIDENCE_FOR_PAPER/03_gold_and_metrics/pilot_120_v1/gold_v2_officialization_20260914/risk/annotator_a_gpt/CA-0702.json	334	d211699ce3ea14dc779b140eea292fab4bfacb05dc841488ede1ea8e14901c47
outputs/paper_writer_handoff_20260922/A_EVIDENCE_FOR_PAPER/03_gold_and_metrics/pilot_120_v1/gold_v2_officialization_20260914/risk/annotator_a_gpt/CA-0703.json	400	030062611ba408a5cb7e5e2ef70770792ac471482b5b8bf1c70defd1d81f20e8
outputs/paper_writer_handoff_20260922/A_EVIDENCE_FOR_PAPER/03_gold_and_metrics/pilot_120_v1/gold_v2_officialization_20260914/risk/annotator_a_gpt/CA-0714.json	347	8f2e536f44b6cf8e7292446e0ed6641425f35b4f4899cd63e0a59b7c95ff90df
outputs/paper_writer_handoff_20260922/A_EVIDENCE_FOR_PAPER/03_gold_and_metrics/pilot_120_v1/gold_v2_officialization_20260914/risk/annotator_a_gpt/CA-0718.json	426	f5bab0c06815cd8de3e216f582a27d4728a626eb2fc07d67939930275dd2d2fe
outputs/paper_writer_handoff_20260922/A_EVIDENCE_FOR_PAPER/03_gold_and_metrics/pilot_120_v1/gold_v2_officialization_20260914/risk/annotator_a_gpt/CA-0727.json	350	e5bf0d58ae447752e4fa811a359f8e3a79fe38cfe0a35bcd1e55dbe685678d32
outputs/paper_writer_handoff_20260922/A_EVIDENCE_FOR_PAPER/03_gold_and_metrics/pilot_120_v1/gold_v2_officialization_20260914/risk/annotator_a_gpt/CA-0733.json	336	8c7e738e3f71c1da0500baa2243b26c5ab1bc6733c2a097338e0862afa77dd51
outputs/paper_writer_handoff_20260922/A_EVIDENCE_FOR_PAPER/03_gold_and_metrics/pilot_120_v1/gold_v2_officialization_20260914/risk/annotator_a_gpt/CA-0735.json	350	6c61b32bdb8764c40b3fa003283f5976edccd87ff5625b19c28402f6a2387466
outputs/paper_writer_handoff_20260922/A_EVIDENCE_FOR_PAPER/03_gold_and_metrics/pilot_120_v1/gold_v2_officialization_20260914/risk/annotator_a_gpt/CA-0739.json	420	b5980eb343c9a4fb45fbac62b4b04a32556861af43a575c4116d654d4beba6b4
outputs/paper_writer_handoff_20260922/A_EVIDENCE_FOR_PAPER/03_gold_and_metrics/pilot_120_v1/gold_v2_officialization_20260914/risk/annotator_a_gpt/CA-0762.json	343	1dfdfabb088c8f6d923fac12e1b5978250cc27e96b6f16fee6596ef2bb7f5a0e
outputs/paper_writer_handoff_20260922/A_EVIDENCE_FOR_PAPER/03_gold_and_metrics/pilot_120_v1/gold_v2_officialization_20260914/risk/annotator_a_gpt/CA-0772.json	403	2e7c06695da4d9f8eadc0ae9281556a847993266c6816fbcb379c56df50d037a
outputs/paper_writer_handoff_20260922/A_EVIDENCE_FOR_PAPER/03_gold_and_metrics/pilot_120_v1/gold_v2_officialization_20260914/risk/annotator_a_gpt/CA-0778.json	330	3d33eef208e88f7829d7bf2a9ad7e86e28403c15d309deae78b43c8a6896b9cc
outputs/paper_writer_handoff_20260922/A_EVIDENCE_FOR_PAPER/03_gold_and_metrics/pilot_120_v1/gold_v2_officialization_20260914/risk/annotator_a_gpt/CA-0786.json	350	210f83291e3e1f0a18763b3df120654cae1ee55ebba892b1424d407544d46330
outputs/paper_writer_handoff_20260922/A_EVIDENCE_FOR_PAPER/03_gold_and_metrics/pilot_120_v1/gold_v2_officialization_20260914/risk/annotator_a_gpt/CA-0797.json	426	79f393c9170ccc85c327a64124f4cac0670a3359a3d68327e94a68bae4c6890b
outputs/paper_writer_handoff_20260922/A_EVIDENCE_FOR_PAPER/03_gold_and_metrics/pilot_120_v1/gold_v2_officialization_20260914/risk/annotator_a_gpt/CA-0798.json	333	7ccd816ed5b9a79316ac383eec631cf1cfba17368b89463d029abdbc74946015
outputs/paper_writer_handoff_20260922/A_EVIDENCE_FOR_PAPER/03_gold_and_metrics/pilot_120_v1/gold_v2_officialization_20260914/risk/annotator_a_gpt/CA-0805.json	391	bfeac7068b8cba00c6c85b0f019478a60e6f20cc214b21cd2f8f932dc54dede3
outputs/paper_writer_handoff_20260922/A_EVIDENCE_FOR_PAPER/03_gold_and_metrics/pilot_120_v1/gold_v2_officialization_20260914/risk/annotator_a_gpt/CA-0808.json	339	cae1a6090c76a7cec5dde10c3f27d8b1d549f4bba76f2d1880bddd5044dd4cb3
outputs/paper_writer_handoff_20260922/A_EVIDENCE_FOR_PAPER/03_gold_and_metrics/pilot_120_v1/gold_v2_officialization_20260914/risk/annotator_a_gpt/CA-0827.json	356	f490c974b14ef2dae207fbfa91a0291d8a8533c70e6362863f5d11522842f755
outputs/paper_writer_handoff_20260922/A_EVIDENCE_FOR_PAPER/03_gold_and_metrics/pilot_120_v1/gold_v2_officialization_20260914/risk/annotator_a_gpt/CA-0828.json	348	cb1c036175a1647928f07403ca8ace972fdb1a3b71f0925adb3bcc689a4b2d84
outputs/paper_writer_handoff_20260922/A_EVIDENCE_FOR_PAPER/03_gold_and_metrics/pilot_120_v1/gold_v2_officialization_20260914/risk/annotator_a_gpt/CA-0836.json	373	666175c23b9e28fe36005d08979bc88d92f36febc27cff2c3a2cd5eaab1928fd
outputs/paper_writer_handoff_20260922/A_EVIDENCE_FOR_PAPER/03_gold_and_metrics/pilot_120_v1/gold_v2_officialization_20260914/risk/annotator_a_gpt/CA-0841.json	321	9ece57b690e2308a8a84e39b4e7ce5c5dee607a6e9d54ce80425e99c41713902
outputs/paper_writer_handoff_20260922/A_EVIDENCE_FOR_PAPER/03_gold_and_metrics/pilot_120_v1/gold_v2_officialization_20260914/risk/annotator_a_gpt/CA-0845.json	350	770e6e810042ec06c5d42edf8f43336e2b1cb550b3f3804f0e73ded09e1b1a97
outputs/paper_writer_handoff_20260922/A_EVIDENCE_FOR_PAPER/03_gold_and_metrics/pilot_120_v1/gold_v2_officialization_20260914/risk/annotator_a_gpt/CA-0846.json	336	9442cd7d9809be499da6961059ac97dd05a8aa0e57be7640661119b6c07643e4
outputs/paper_writer_handoff_20260922/A_EVIDENCE_FOR_PAPER/03_gold_and_metrics/pilot_120_v1/gold_v2_officialization_20260914/risk/annotator_a_gpt/CA-0851.json	354	a466c47c6277641f7329d6ab92c739a73ea28c6572304581c0c275577e557e65
outputs/paper_writer_handoff_20260922/A_EVIDENCE_FOR_PAPER/03_gold_and_metrics/pilot_120_v1/gold_v2_officialization_20260914/risk/annotator_a_gpt/CA-0855.json	426	9012473eb6db721fb19fbff6899abcd0e4619dfa360f92e89e74d5ea22ff8ad4
outputs/paper_writer_handoff_20260922/A_EVIDENCE_FOR_PAPER/03_gold_and_metrics/pilot_120_v1/gold_v2_officialization_20260914/risk/annotator_a_gpt/CA-0866.json	345	69d133968d20840bc608a1b25c63ff669cd27fa51e3ae5b22205f0f1ac687f8a
outputs/paper_writer_handoff_20260922/A_EVIDENCE_FOR_PAPER/03_gold_and_metrics/pilot_120_v1/gold_v2_officialization_20260914/risk/annotator_a_gpt/CA-0876.json	394	0de22f47131b19e3f694e3578f92cd1584bbd883eb8d693441e06716a0028e48
outputs/paper_writer_handoff_20260922/A_EVIDENCE_FOR_PAPER/03_gold_and_metrics/pilot_120_v1/gold_v2_officialization_20260914/risk/annotator_a_gpt/CA-0878.json	379	055aa96cc93eb5c328053cef8ee36f8b731bad7f894ad816791c9c6a89b2c854
outputs/paper_writer_handoff_20260922/A_EVIDENCE_FOR_PAPER/03_gold_and_metrics/pilot_120_v1/gold_v2_officialization_20260914/risk/annotator_a_gpt/CA-0889.json	326	c2d1f8e30815b60cb494ba06ace0aa83021698da29a4a8ea9fc12fb3a189b899
outputs/paper_writer_handoff_20260922/A_EVIDENCE_FOR_PAPER/03_gold_and_metrics/pilot_120_v1/gold_v2_officialization_20260914/risk/annotator_a_gpt/CA-0904.json	333	0ed12e2164cfd89090b5aa4761fd9b07fb616827312e0a43c6fa965c75456bdb
outputs/paper_writer_handoff_20260922/A_EVIDENCE_FOR_PAPER/03_gold_and_metrics/pilot_120_v1/gold_v2_officialization_20260914/risk/annotator_a_gpt/CA-0907.json	417	0566adb6255fa737f3d2492044965a5303060306e33dc2318b7660128e9d19b5
outputs/paper_writer_handoff_20260922/A_EVIDENCE_FOR_PAPER/03_gold_and_metrics/pilot_120_v1/gold_v2_officialization_20260914/risk/annotator_a_gpt/CA-0908.json	346	ef24ff97772592cb2eaef85733f8fbac8fc77f168c2fb2703526e26a7535eb93
outputs/paper_writer_handoff_20260922/A_EVIDENCE_FOR_PAPER/03_gold_and_metrics/pilot_120_v1/gold_v2_officialization_20260914/risk/annotator_a_gpt/CA-0909.json	331	ab5a9b3fe2d2422002c546844db51dd26df7d217957c811963fc8715ecbcf42c
outputs/paper_writer_handoff_20260922/A_EVIDENCE_FOR_PAPER/03_gold_and_metrics/pilot_120_v1/gold_v2_officialization_20260914/risk/annotator_a_gpt/CA-0923.json	342	1f0aa41050cdfa2c16599d8eb4f22ca7105cd4564f04c442b63b7e96f5a4f60d
outputs/paper_writer_handoff_20260922/A_EVIDENCE_FOR_PAPER/03_gold_and_metrics/pilot_120_v1/gold_v2_officialization_20260914/risk/annotator_a_gpt/CA-0940.json	349	9452f21dff6b18b278008e6b397c4a14ee1a82c4f0ffc835eb872f6d6a51f0a4
outputs/paper_writer_handoff_20260922/A_EVIDENCE_FOR_PAPER/03_gold_and_metrics/pilot_120_v1/gold_v2_officialization_20260914/risk/annotator_a_gpt/CA-0945.json	359	71b0bf86bb62ab588ebac8d9f2d7eb540a7b7144c8c706a4f1929723f458cea6
outputs/paper_writer_handoff_20260922/A_EVIDENCE_FOR_PAPER/03_gold_and_metrics/pilot_120_v1/gold_v2_officialization_20260914/risk/annotator_a_gpt/CA-0961.json	426	292ea4fb4603212ede5d9f0b2c66ddac7924036d1c36a0a4ae7a8551bf1dadb4
outputs/paper_writer_handoff_20260922/A_EVIDENCE_FOR_PAPER/03_gold_and_metrics/pilot_120_v1/gold_v2_officialization_20260914/risk/annotator_a_gpt/CA-0963.json	331	287206ea38bab4bb731ad2d8bfbac1a525333f18a56b75a580674e4e545c1375
outputs/paper_writer_handoff_20260922/A_EVIDENCE_FOR_PAPER/03_gold_and_metrics/pilot_120_v1/gold_v2_officialization_20260914/risk/annotator_a_gpt/CA-0967.json	418	b519a831c3b38340d672a639c2c3703fd9e5699866852720551bc5ca9dcb8791
outputs/paper_writer_handoff_20260922/A_EVIDENCE_FOR_PAPER/03_gold_and_metrics/pilot_120_v1/gold_v2_officialization_20260914/risk/annotator_a_gpt/CA-0972.json	419	dc837844e8468cc0a0a82290e3b7e7123b0fa8ab57ee2fef56ccf59d6d2fec29
outputs/paper_writer_handoff_20260922/A_EVIDENCE_FOR_PAPER/03_gold_and_metrics/pilot_120_v1/gold_v2_officialization_20260914/risk/annotator_b_grok/CA-0007.json	568	4f66c4cadb65624c1509fc5347071a49fead815fe3ccf40c4b2d8960e741a8bb
outputs/paper_writer_handoff_20260922/A_EVIDENCE_FOR_PAPER/03_gold_and_metrics/pilot_120_v1/gold_v2_officialization_20260914/risk/annotator_b_grok/CA-0012.json	564	c276d93863e81503598d4cda08ff6de0b711cdbf57899094347956716279a180
outputs/paper_writer_handoff_20260922/A_EVIDENCE_FOR_PAPER/03_gold_and_metrics/pilot_120_v1/gold_v2_officialization_20260914/risk/annotator_b_grok/CA-0021.json	620	1a78e5ae81e5b95b1c4f4c7c0e9121ffaad5a67bcc561f4a0e2af8ac66b09d0a
outputs/paper_writer_handoff_20260922/A_EVIDENCE_FOR_PAPER/03_gold_and_metrics/pilot_120_v1/gold_v2_officialization_20260914/risk/annotator_b_grok/CA-0026.json	417	20f8bd2628d084ea1220456df1b63a0a21761bb895b3d465a6242d59d4098080
outputs/paper_writer_handoff_20260922/A_EVIDENCE_FOR_PAPER/03_gold_and_metrics/pilot_120_v1/gold_v2_officialization_20260914/risk/annotator_b_grok/CA-0029.json	472	7706c23504405040613541a99ad04592025a21d892394c48b54c7587214bf4bd
outputs/paper_writer_handoff_20260922/A_EVIDENCE_FOR_PAPER/03_gold_and_metrics/pilot_120_v1/gold_v2_officialization_20260914/risk/annotator_b_grok/CA-0032.json	525	d3ce3bf45688ee5de3e4ecb357139900c9af98ee7adc264a2814e978ddc45227
outputs/paper_writer_handoff_20260922/A_EVIDENCE_FOR_PAPER/03_gold_and_metrics/pilot_120_v1/gold_v2_officialization_20260914/risk/annotator_b_grok/CA-0035.json	466	a2456c487be71ad150950422b325b9fe6e882abce40855b0ec0f45c59bd7ad75
outputs/paper_writer_handoff_20260922/A_EVIDENCE_FOR_PAPER/03_gold_and_metrics/pilot_120_v1/gold_v2_officialization_20260914/risk/annotator_b_grok/CA-0042.json	503	0585bad096c92589acc229c2f800f81c63f7be3ea81a6d246ce29762ccce77b9
outputs/paper_writer_handoff_20260922/A_EVIDENCE_FOR_PAPER/03_gold_and_metrics/pilot_120_v1/gold_v2_officialization_20260914/risk/annotator_b_grok/CA-0056.json	530	d6b9c5930dbf50f8c8ea021077574c1556843f6afd64cc56b70eda0aada15d63
outputs/paper_writer_handoff_20260922/A_EVIDENCE_FOR_PAPER/03_gold_and_metrics/pilot_120_v1/gold_v2_officialization_20260914/risk/annotator_b_grok/CA-0058.json	421	05ea34210ac4e24bd3a971da2277bcdc95eb3ab98754a949bc379f732c755139
outputs/paper_writer_handoff_20260922/A_EVIDENCE_FOR_PAPER/03_gold_and_metrics/pilot_120_v1/gold_v2_officialization_20260914/risk/annotator_b_grok/CA-0063.json	530	4c0fb1b880b6289ffcb606052a715ad2ea3a4f7b101c31d4b431a34c05b9919a
outputs/paper_writer_handoff_20260922/A_EVIDENCE_FOR_PAPER/03_gold_and_metrics/pilot_120_v1/gold_v2_officialization_20260914/risk/annotator_b_grok/CA-0070.json	505	445896539ebc5ec577298c4cf059d5f65dea952d666d2494b937930acd6e5c19
outputs/paper_writer_handoff_20260922/A_EVIDENCE_FOR_PAPER/03_gold_and_metrics/pilot_120_v1/gold_v2_officialization_20260914/risk/annotator_b_grok/CA-0072.json	462	1da5110081f2ef880e9bbbfee5eb8c5808fee735a6470bd666d172e8f35106c7
outputs/paper_writer_handoff_20260922/A_EVIDENCE_FOR_PAPER/03_gold_and_metrics/pilot_120_v1/gold_v2_officialization_20260914/risk/annotator_b_grok/CA-0078.json	417	deabe1f8aa36d782915928e48613f121b9d1bd210caaf6a909d4c30607f8f3a8
outputs/paper_writer_handoff_20260922/A_EVIDENCE_FOR_PAPER/03_gold_and_metrics/pilot_120_v1/gold_v2_officialization_20260914/risk/annotator_b_grok/CA-0083.json	416	7a64cb6fbf1f7fdb2252966e3c895402503df54709d5eb2cf7306fb7227e373a
outputs/paper_writer_handoff_20260922/A_EVIDENCE_FOR_PAPER/03_gold_and_metrics/pilot_120_v1/gold_v2_officialization_20260914/risk/annotator_b_grok/CA-0086.json	494	7f0b801a4689460d97add80c38b8f39fa5f791360a47dfd74ccc281d6f80effa
outputs/paper_writer_handoff_20260922/A_EVIDENCE_FOR_PAPER/03_gold_and_metrics/pilot_120_v1/gold_v2_officialization_20260914/risk/annotator_b_grok/CA-0092.json	494	e76f4db1b4b4ee3a68a757eafbb1e5baa7dac3dae9a11653369ecd4d5f1445cb
outputs/paper_writer_handoff_20260922/A_EVIDENCE_FOR_PAPER/03_gold_and_metrics/pilot_120_v1/gold_v2_officialization_20260914/risk/annotator_b_grok/CA-0105.json	532	01188aa99bbcf839496063e27ed25a3508c79bd8defb03cbcdcba7b64648c62a
outputs/paper_writer_handoff_20260922/A_EVIDENCE_FOR_PAPER/03_gold_and_metrics/pilot_120_v1/gold_v2_officialization_20260914/risk/annotator_b_grok/CA-0133.json	540	9548acb4f0b69d0ead665e79f1cf84b197f3c67eab21d6cbd21379fb21b94bf4
outputs/paper_writer_handoff_20260922/A_EVIDENCE_FOR_PAPER/03_gold_and_metrics/pilot_120_v1/gold_v2_officialization_20260914/risk/annotator_b_grok/CA-0149.json	551	0739fef22167995bc4a28016b8a7a2daefaec6aa80cb7d2cf2c6ef7e41e726d4
outputs/paper_writer_handoff_20260922/A_EVIDENCE_FOR_PAPER/03_gold_and_metrics/pilot_120_v1/gold_v2_officialization_20260914/risk/annotator_b_grok/CA-0158.json	455	4a510df6fea2d90cde3411f62702aea53e4d89d4d5697011ba3d917fb9e8b422
outputs/paper_writer_handoff_20260922/A_EVIDENCE_FOR_PAPER/03_gold_and_metrics/pilot_120_v1/gold_v2_officialization_20260914/risk/annotator_b_grok/CA-0163.json	549	8b13ed466f9a3c2ad560b06e53e24a06e17bfb7b347db8bbfd9ddba7deee79f5
outputs/paper_writer_handoff_20260922/A_EVIDENCE_FOR_PAPER/03_gold_and_metrics/pilot_120_v1/gold_v2_officialization_20260914/risk/annotator_b_grok/CA-0197.json	488	fc4ba658cd56af264f80098cb663f831ad75242b0354d2294719ee7e88a5d2b7
outputs/paper_writer_handoff_20260922/A_EVIDENCE_FOR_PAPER/03_gold_and_metrics/pilot_120_v1/gold_v2_officialization_20260914/risk/annotator_b_grok/CA-0200.json	556	6cb52fa4d03dc2a3e1f94dd0a72015cb382b57876d8980d8fb946b6cad7ebe62
outputs/paper_writer_handoff_20260922/A_EVIDENCE_FOR_PAPER/03_gold_and_metrics/pilot_120_v1/gold_v2_officialization_20260914/risk/annotator_b_grok/CA-0203.json	464	b5df14370979c18eec9db7b8ec5313493fe115f19dce8c04f565f9f02ecd8d8e
outputs/paper_writer_handoff_20260922/A_EVIDENCE_FOR_PAPER/03_gold_and_metrics/pilot_120_v1/gold_v2_officialization_20260914/risk/annotator_b_grok/CA-0211.json	492	56af31d3b39194e2f943b8fee16f2915092a88f1bab60dc9faf97149c066673b
outputs/paper_writer_handoff_20260922/A_EVIDENCE_FOR_PAPER/03_gold_and_metrics/pilot_120_v1/gold_v2_officialization_20260914/risk/annotator_b_grok/CA-0215.json	449	58b156fcecb4e98c72ba487529239a8120b522130a1679d902e49dab4ea3a66f
outputs/paper_writer_handoff_20260922/A_EVIDENCE_FOR_PAPER/03_gold_and_metrics/pilot_120_v1/gold_v2_officialization_20260914/risk/annotator_b_grok/CA-0218.json	464	b72ce7050a86eddeff1d63462cd5503c7ac1f0d4cd70c3f74d960916d5f8dd99
outputs/paper_writer_handoff_20260922/A_EVIDENCE_FOR_PAPER/03_gold_and_metrics/pilot_120_v1/gold_v2_officialization_20260914/risk/annotator_b_grok/CA-0225.json	416	ec01cc260a1b8b42460d01e08ca3bcf91d431db15bfc3b337e8c8383bf909477
outputs/paper_writer_handoff_20260922/A_EVIDENCE_FOR_PAPER/03_gold_and_metrics/pilot_120_v1/gold_v2_officialization_20260914/risk/annotator_b_grok/CA-0226.json	464	55848eecee21d35906e2c6be343586e7d123938bc72d0891c26c7c94f377b6fd
outputs/paper_writer_handoff_20260922/A_EVIDENCE_FOR_PAPER/03_gold_and_metrics/pilot_120_v1/gold_v2_officialization_20260914/risk/annotator_b_grok/CA-0239.json	438	5820124b18989fef95a6fa057056c979de7be3846be3ff223efb83b95acbb57e
outputs/paper_writer_handoff_20260922/A_EVIDENCE_FOR_PAPER/03_gold_and_metrics/pilot_120_v1/gold_v2_officialization_20260914/risk/annotator_b_grok/CA-0245.json	395	92951b18b3ecdac8cd5f5383e07fa1eae76f8d3519564473ce5cac04ede9904c
outputs/paper_writer_handoff_20260922/A_EVIDENCE_FOR_PAPER/03_gold_and_metrics/pilot_120_v1/gold_v2_officialization_20260914/risk/annotator_b_grok/CA-0253.json	509	2367ff0d714a74eeb2b0ef01022fae9b0cbecb7df7250f70d9f13d8adf61e766
outputs/paper_writer_handoff_20260922/A_EVIDENCE_FOR_PAPER/03_gold_and_metrics/pilot_120_v1/gold_v2_officialization_20260914/risk/annotator_b_grok/CA-0259.json	398	644abf1c94232b5adb50cf87c5218e039a316ee61657f8ed2048a514d54e85d3
outputs/paper_writer_handoff_20260922/A_EVIDENCE_FOR_PAPER/03_gold_and_metrics/pilot_120_v1/gold_v2_officialization_20260914/risk/annotator_b_grok/CA-0262.json	358	644eccdb7cd9b55063f02d02af21db84352cac7686256746f7c3eb6346b4e432
outputs/paper_writer_handoff_20260922/A_EVIDENCE_FOR_PAPER/03_gold_and_metrics/pilot_120_v1/gold_v2_officialization_20260914/risk/annotator_b_grok/CA-0271.json	446	08a6cd90bf46a3847dc6c77c48b93cf2eb2b022f2179769d3e03ceccdea08620
outputs/paper_writer_handoff_20260922/A_EVIDENCE_FOR_PAPER/03_gold_and_metrics/pilot_120_v1/gold_v2_officialization_20260914/risk/annotator_b_grok/CA-0292.json	394	e940d794e7cc18646ffdf0e77cdde2ea154c95f5d192bfb07510e3118f068cca
outputs/paper_writer_handoff_20260922/A_EVIDENCE_FOR_PAPER/03_gold_and_metrics/pilot_120_v1/gold_v2_officialization_20260914/risk/annotator_b_grok/CA-0313.json	420	b102a55e8ea384be666d000a91c37807f455c2dc380a924ef35038aa036f4115
outputs/paper_writer_handoff_20260922/A_EVIDENCE_FOR_PAPER/03_gold_and_metrics/pilot_120_v1/gold_v2_officialization_20260914/risk/annotator_b_grok/CA-0326.json	401	bf42cb4f11e5ea624da4a58bee6dc85f8ffcd07de053151548b623cdb566258d
outputs/paper_writer_handoff_20260922/A_EVIDENCE_FOR_PAPER/03_gold_and_metrics/pilot_120_v1/gold_v2_officialization_20260914/risk/annotator_b_grok/CA-0332.json	390	37705159bd85abec9320bb4abca7be6933a3e0043961dd4f6d45c6ccd6db26b0
outputs/paper_writer_handoff_20260922/A_EVIDENCE_FOR_PAPER/03_gold_and_metrics/pilot_120_v1/gold_v2_officialization_20260914/risk/annotator_b_grok/CA-0336.json	444	9b50ecc7b6732278a4f77fafa03214d3c752ac9ba5034684bbbd98c3f6d474b5
outputs/paper_writer_handoff_20260922/A_EVIDENCE_FOR_PAPER/03_gold_and_metrics/pilot_120_v1/gold_v2_officialization_20260914/risk/annotator_b_grok/CA-0360.json	414	595e0cf6a46c03aa74e083c178d094a84dc062e6282b2fe679b0d2c932c69e31
outputs/paper_writer_handoff_20260922/A_EVIDENCE_FOR_PAPER/03_gold_and_metrics/pilot_120_v1/gold_v2_officialization_20260914/risk/annotator_b_grok/CA-0361.json	430	86217bcec5a360c56038081d66de71cfd259d2124f4d72e1ae7db99a071b59e2
outputs/paper_writer_handoff_20260922/A_EVIDENCE_FOR_PAPER/03_gold_and_metrics/pilot_120_v1/gold_v2_officialization_20260914/risk/annotator_b_grok/CA-0369.json	393	3b1724a51d1005c820ebdbb64b6d9fde83da04331573e39b52ce92b6fbe99cc8
outputs/paper_writer_handoff_20260922/A_EVIDENCE_FOR_PAPER/03_gold_and_metrics/pilot_120_v1/gold_v2_officialization_20260914/risk/annotator_b_grok/CA-0372.json	397	5e757d4c83690b901a58feffb4d320f236b428959b163d00ab2a7aa33ab545ec
outputs/paper_writer_handoff_20260922/A_EVIDENCE_FOR_PAPER/03_gold_and_metrics/pilot_120_v1/gold_v2_officialization_20260914/risk/annotator_b_grok/CA-0382.json	431	fd63497a25334c046d088af18434189e69f94b94032d7fceb26ddee26fad9f4c
outputs/paper_writer_handoff_20260922/A_EVIDENCE_FOR_PAPER/03_gold_and_metrics/pilot_120_v1/gold_v2_officialization_20260914/risk/annotator_b_grok/CA-0394.json	410	6249b4a6064424e8e8fa8e62be96294e407a4b24ac6aadd69b9ee9c170375bee
outputs/paper_writer_handoff_20260922/A_EVIDENCE_FOR_PAPER/03_gold_and_metrics/pilot_120_v1/gold_v2_officialization_20260914/risk/annotator_b_grok/CA-0397.json	449	d227f5330f1673b73740795be05b49bf2742325e8df4b424fe9edb145681d60a
outputs/paper_writer_handoff_20260922/A_EVIDENCE_FOR_PAPER/03_gold_and_metrics/pilot_120_v1/gold_v2_officialization_20260914/risk/annotator_b_grok/CA-0418.json	365	72d1e2aa10d0a48d24f3ff03b48c15182ad9f1dfb3e0d1fed2971067e9fc0999
outputs/paper_writer_handoff_20260922/A_EVIDENCE_FOR_PAPER/03_gold_and_metrics/pilot_120_v1/gold_v2_officialization_20260914/risk/annotator_b_grok/CA-0421.json	387	e27e37c07481b6b7f074920de555140a94c1bfcdbd7a790023f51367949cb2d1
outputs/paper_writer_handoff_20260922/A_EVIDENCE_FOR_PAPER/03_gold_and_metrics/pilot_120_v1/gold_v2_officialization_20260914/risk/annotator_b_grok/CA-0422.json	396	17140edcc8ac5d4e3ce04428400e7fb28c745bd60c38a26c329c48cb4624a0cc
outputs/paper_writer_handoff_20260922/A_EVIDENCE_FOR_PAPER/03_gold_and_metrics/pilot_120_v1/gold_v2_officialization_20260914/risk/annotator_b_grok/CA-0426.json	399	b88ab905d475c72bcb08be286020cc9c381fe5e5eb4514e76cfb4efdffec391f
outputs/paper_writer_handoff_20260922/A_EVIDENCE_FOR_PAPER/03_gold_and_metrics/pilot_120_v1/gold_v2_officialization_20260914/risk/annotator_b_grok/CA-0437.json	416	227a826f5dd992b12ef81d9f294e3b8bd5c2210a7ef6bf035d90c2c61a66b83a
outputs/paper_writer_handoff_20260922/A_EVIDENCE_FOR_PAPER/03_gold_and_metrics/pilot_120_v1/gold_v2_officialization_20260914/risk/annotator_b_grok/CA-0440.json	420	89edc87e91c0f66f03154d8d028d2b0285c578784a62e062b45a3829a0b24438
outputs/paper_writer_handoff_20260922/A_EVIDENCE_FOR_PAPER/03_gold_and_metrics/pilot_120_v1/gold_v2_officialization_20260914/risk/annotator_b_grok/CA-0453.json	512	88b0d12a16a3bee37005f0c3a557d721858b32361c6704a272815506db4f035c
outputs/paper_writer_handoff_20260922/A_EVIDENCE_FOR_PAPER/03_gold_and_metrics/pilot_120_v1/gold_v2_officialization_20260914/risk/annotator_b_grok/CA-0460.json	461	efdff8214b65ce80e4b303aedefb9602542aab9415505da982536eed74d3f23e
outputs/paper_writer_handoff_20260922/A_EVIDENCE_FOR_PAPER/03_gold_and_metrics/pilot_120_v1/gold_v2_officialization_20260914/risk/annotator_b_grok/CA-0469.json	404	e4cfa24f6900c21a5f149032c2c9140948a7864f5494b8eb3c5f78d4b41cc94b
outputs/paper_writer_handoff_20260922/A_EVIDENCE_FOR_PAPER/03_gold_and_metrics/pilot_120_v1/gold_v2_officialization_20260914/risk/annotator_b_grok/CA-0470.json	438	cc738b8c194560574841a9b6ff8f2aa4fe2ae9fe55fbdaddaca427aca5315235
outputs/paper_writer_handoff_20260922/A_EVIDENCE_FOR_PAPER/03_gold_and_metrics/pilot_120_v1/gold_v2_officialization_20260914/risk/annotator_b_grok/CA-0512.json	400	326c465b5aa9e3580d17b8d3473509a15d80ac62ad441548c0335af840708dff
outputs/paper_writer_handoff_20260922/A_EVIDENCE_FOR_PAPER/03_gold_and_metrics/pilot_120_v1/gold_v2_officialization_20260914/risk/annotator_b_grok/CA-0533.json	379	341505fcb3e7682b894687613024e8f48a0e50e4cf199ab36218b07cba634d20
outputs/paper_writer_handoff_20260922/A_EVIDENCE_FOR_PAPER/03_gold_and_metrics/pilot_120_v1/gold_v2_officialization_20260914/risk/annotator_b_grok/CA-0552.json	408	2ca33704b7f5ae237c021be5735c9b0050defab8d7d8dd5431ed20ec4d3b6f71
outputs/paper_writer_handoff_20260922/A_EVIDENCE_FOR_PAPER/03_gold_and_metrics/pilot_120_v1/gold_v2_officialization_20260914/risk/annotator_b_grok/CA-0560.json	412	8251bf8b0d86592c6c9dd14b8e3014719eb17c8d9b9d3ca040b3fc95934a374c
outputs/paper_writer_handoff_20260922/A_EVIDENCE_FOR_PAPER/03_gold_and_metrics/pilot_120_v1/gold_v2_officialization_20260914/risk/annotator_b_grok/CA-0565.json	443	6fbd51da7d2f3f8437c784249e1ecd44f435484740ba4f6807ec36db5248b8df
outputs/paper_writer_handoff_20260922/A_EVIDENCE_FOR_PAPER/03_gold_and_metrics/pilot_120_v1/gold_v2_officialization_20260914/risk/annotator_b_grok/CA-0573.json	540	4a0a7b34381093d6d23612cdf27bc95402d46380f1848e9fac6efae2f0566733
outputs/paper_writer_handoff_20260922/A_EVIDENCE_FOR_PAPER/03_gold_and_metrics/pilot_120_v1/gold_v2_officialization_20260914/risk/annotator_b_grok/CA-0576.json	472	41fe089673e27c53b836b9d9b31ad458e032a1802cab7ea2cc8ba99f5ef1faa2
outputs/paper_writer_handoff_20260922/A_EVIDENCE_FOR_PAPER/03_gold_and_metrics/pilot_120_v1/gold_v2_officialization_20260914/risk/annotator_b_grok/CA-0596.json	399	4c1b665d1a6d88604672b7e2266675e70ceeae897af5849d587aa3a7ae81c9d4
outputs/paper_writer_handoff_20260922/A_EVIDENCE_FOR_PAPER/03_gold_and_metrics/pilot_120_v1/gold_v2_officialization_20260914/risk/annotator_b_grok/CA-0598.json	479	a2b97a299733d5f0df1ff34b712c21905d02de061a31fed497c21498a91ef1e9
outputs/paper_writer_handoff_20260922/A_EVIDENCE_FOR_PAPER/03_gold_and_metrics/pilot_120_v1/gold_v2_officialization_20260914/risk/annotator_b_grok/CA-0604.json	413	d16cda064aab335e7fc4e5e43ea8b31a0f92d3a58a7bf994554c25ff0521188f
outputs/paper_writer_handoff_20260922/A_EVIDENCE_FOR_PAPER/03_gold_and_metrics/pilot_120_v1/gold_v2_officialization_20260914/risk/annotator_b_grok/CA-0608.json	392	d4ef34c6390d7ce1cbf27cd43dc25356f7c4ce8db5104975d7e5d9b4871132af
outputs/paper_writer_handoff_20260922/A_EVIDENCE_FOR_PAPER/03_gold_and_metrics/pilot_120_v1/gold_v2_officialization_20260914/risk/annotator_b_grok/CA-0611.json	383	3176536f378aa8731366155c5bd6861ee8add1fa34db72050dcac38f2e510bbf
outputs/paper_writer_handoff_20260922/A_EVIDENCE_FOR_PAPER/03_gold_and_metrics/pilot_120_v1/gold_v2_officialization_20260914/risk/annotator_b_grok/CA-0618.json	431	e7f8535b99238e3d1064f23f022aab9d75908d0df7ecdb43592e4ee680eeefde
outputs/paper_writer_handoff_20260922/A_EVIDENCE_FOR_PAPER/03_gold_and_metrics/pilot_120_v1/gold_v2_officialization_20260914/risk/annotator_b_grok/CA-0623.json	432	a6e0474052cc9b8a094be703c8d221ed134f4e91d0467a51d94fe19ff6bca611
outputs/paper_writer_handoff_20260922/A_EVIDENCE_FOR_PAPER/03_gold_and_metrics/pilot_120_v1/gold_v2_officialization_20260914/risk/annotator_b_grok/CA-0647.json	423	118f385884737d99233b0daef7a3d02f702590315eadba05af0083d280ae3595
outputs/paper_writer_handoff_20260922/A_EVIDENCE_FOR_PAPER/03_gold_and_metrics/pilot_120_v1/gold_v2_officialization_20260914/risk/annotator_b_grok/CA-0648.json	365	af99feaea1be5d9fe02b27678c77927c56b71294c6e54f3c1fa076c05db61381
outputs/paper_writer_handoff_20260922/A_EVIDENCE_FOR_PAPER/03_gold_and_metrics/pilot_120_v1/gold_v2_officialization_20260914/risk/annotator_b_grok/CA-0654.json	420	f7a0ca84312cfb75e10c0771ea27bcb79194e51bd293506526e55f4f5bc35ae6
outputs/paper_writer_handoff_20260922/A_EVIDENCE_FOR_PAPER/03_gold_and_metrics/pilot_120_v1/gold_v2_officialization_20260914/risk/annotator_b_grok/CA-0671.json	434	32b2c5cde1e27fd868649951dbb718d6d578302817a8a68f343e73f8447707a2
outputs/paper_writer_handoff_20260922/A_EVIDENCE_FOR_PAPER/03_gold_and_metrics/pilot_120_v1/gold_v2_officialization_20260914/risk/annotator_b_grok/CA-0677.json	435	1937c73e8a840d62d83a738a54e8fd3fc52a4afedf85053a94ae4603b8295b43
outputs/paper_writer_handoff_20260922/A_EVIDENCE_FOR_PAPER/03_gold_and_metrics/pilot_120_v1/gold_v2_officialization_20260914/risk/annotator_b_grok/CA-0679.json	351	178e0da22308005535c6f29967fb590ec605b82dcc65b577084a6712165f95f5
outputs/paper_writer_handoff_20260922/A_EVIDENCE_FOR_PAPER/03_gold_and_metrics/pilot_120_v1/gold_v2_officialization_20260914/risk/annotator_b_grok/CA-0680.json	447	d2dc3c42c9fe17834165cae146b2f216ea17bf4379e3bf7c1f5268372a2d99cb
outputs/paper_writer_handoff_20260922/A_EVIDENCE_FOR_PAPER/03_gold_and_metrics/pilot_120_v1/gold_v2_officialization_20260914/risk/annotator_b_grok/CA-0686.json	417	efd3103f3792f12212b05ec4e74b8d3969150b390db23a560c0accf2a6e745e6
outputs/paper_writer_handoff_20260922/A_EVIDENCE_FOR_PAPER/03_gold_and_metrics/pilot_120_v1/gold_v2_officialization_20260914/risk/annotator_b_grok/CA-0695.json	425	b9a16a29b342cc6c7bb803e899f8fbe6947c28c1a26c3c2cd2a18fc10bc8406f
outputs/paper_writer_handoff_20260922/A_EVIDENCE_FOR_PAPER/03_gold_and_metrics/pilot_120_v1/gold_v2_officialization_20260914/risk/annotator_b_grok/CA-0702.json	367	35a2cfe59b3be6b1c96681da9a5406402006f09d20fbb16da4c8c8245bbde04e
outputs/paper_writer_handoff_20260922/A_EVIDENCE_FOR_PAPER/03_gold_and_metrics/pilot_120_v1/gold_v2_officialization_20260914/risk/annotator_b_grok/CA-0703.json	361	d9f1789b4c435d2a6b459ff9847b7cd2d7bf1781312f5061c2adbc88e84ab115
outputs/paper_writer_handoff_20260922/A_EVIDENCE_FOR_PAPER/03_gold_and_metrics/pilot_120_v1/gold_v2_officialization_20260914/risk/annotator_b_grok/CA-0714.json	480	5bf0df296f9e2c44d9e88bcd9e94638797d6ec24c2b29cc7aab8ce3e4bfa3a76
outputs/paper_writer_handoff_20260922/A_EVIDENCE_FOR_PAPER/03_gold_and_metrics/pilot_120_v1/gold_v2_officialization_20260914/risk/annotator_b_grok/CA-0718.json	371	c3637e1a717cfb11b8fbd834b2895bd167aad78b722b7eff03e63c51a4b31199
outputs/paper_writer_handoff_20260922/A_EVIDENCE_FOR_PAPER/03_gold_and_metrics/pilot_120_v1/gold_v2_officialization_20260914/risk/annotator_b_grok/CA-0727.json	506	a2418f068071c73a57f5b510c18b160718e339875d037ae94bb68a70fd737d65
outputs/paper_writer_handoff_20260922/A_EVIDENCE_FOR_PAPER/03_gold_and_metrics/pilot_120_v1/gold_v2_officialization_20260914/risk/annotator_b_grok/CA-0733.json	438	3d60829b746a69a2fa0890f1746119941d3646d1194ffe511c757a02981191e2
outputs/paper_writer_handoff_20260922/A_EVIDENCE_FOR_PAPER/03_gold_and_metrics/pilot_120_v1/gold_v2_officialization_20260914/risk/annotator_b_grok/CA-0735.json	388	d283e05056f1ce6516f14d41786c0a2a4d4d6c432ec3c368b159a267e96e8802
outputs/paper_writer_handoff_20260922/A_EVIDENCE_FOR_PAPER/03_gold_and_metrics/pilot_120_v1/gold_v2_officialization_20260914/risk/annotator_b_grok/CA-0739.json	380	17c8fbc2415b97ade632ed2ce043891c6aef5377d8efb234ce94b73471fe7faf
outputs/paper_writer_handoff_20260922/A_EVIDENCE_FOR_PAPER/03_gold_and_metrics/pilot_120_v1/gold_v2_officialization_20260914/risk/annotator_b_grok/CA-0762.json	451	cc6cb150f41f93704c2fc60c23714c2a0755cd1351986d4145d203dc11c9652f
outputs/paper_writer_handoff_20260922/A_EVIDENCE_FOR_PAPER/03_gold_and_metrics/pilot_120_v1/gold_v2_officialization_20260914/risk/annotator_b_grok/CA-0772.json	429	fd1cff8cf2705684ecf4d573f562389c430aa7be9c26a61991afa27b8f52ce88
outputs/paper_writer_handoff_20260922/A_EVIDENCE_FOR_PAPER/03_gold_and_metrics/pilot_120_v1/gold_v2_officialization_20260914/risk/annotator_b_grok/CA-0778.json	343	38004f4d6e51e9fe1e9fa3f2a255d7172929b9e31e5c9a739aa0c02d6c5c4b16
outputs/paper_writer_handoff_20260922/A_EVIDENCE_FOR_PAPER/03_gold_and_metrics/pilot_120_v1/gold_v2_officialization_20260914/risk/annotator_b_grok/CA-0786.json	430	003d179eb4c5f2eefc74365d08a0edf3507e87c7f4b0d5dc0fe05bedc74412c9
outputs/paper_writer_handoff_20260922/A_EVIDENCE_FOR_PAPER/03_gold_and_metrics/pilot_120_v1/gold_v2_officialization_20260914/risk/annotator_b_grok/CA-0797.json	383	47024c38fbd7bcbf4d7c008809e0a999f62f4605a950f25b1549358a67876830
outputs/paper_writer_handoff_20260922/A_EVIDENCE_FOR_PAPER/03_gold_and_metrics/pilot_120_v1/gold_v2_officialization_20260914/risk/annotator_b_grok/CA-0798.json	388	beaf68c0736ed9807d5ddf66a2158bb84bc6bc00939cc31320a6cddc779ed4a5
outputs/paper_writer_handoff_20260922/A_EVIDENCE_FOR_PAPER/03_gold_and_metrics/pilot_120_v1/gold_v2_officialization_20260914/risk/annotator_b_grok/CA-0805.json	438	13786e6f8bbe88e1ce2ba974a163f3ef67595d8ce2ff6856c9d2200366613e4b
outputs/paper_writer_handoff_20260922/A_EVIDENCE_FOR_PAPER/03_gold_and_metrics/pilot_120_v1/gold_v2_officialization_20260914/risk/annotator_b_grok/CA-0808.json	390	ee316cd4e88288b5f4e03d7d60c358e4107e700843708d76ab43ec84b7896659
outputs/paper_writer_handoff_20260922/A_EVIDENCE_FOR_PAPER/03_gold_and_metrics/pilot_120_v1/gold_v2_officialization_20260914/risk/annotator_b_grok/CA-0827.json	457	ac92f083972d9fd571d0fd70b9258785962695026ff3342a2f5eb0ca6b8b84fd
outputs/paper_writer_handoff_20260922/A_EVIDENCE_FOR_PAPER/03_gold_and_metrics/pilot_120_v1/gold_v2_officialization_20260914/risk/annotator_b_grok/CA-0828.json	467	8cebafba7ede2136c8b64b41bd09cffa04e867512c29f9b7672f5d0843832513
outputs/paper_writer_handoff_20260922/A_EVIDENCE_FOR_PAPER/03_gold_and_metrics/pilot_120_v1/gold_v2_officialization_20260914/risk/annotator_b_grok/CA-0836.json	437	4fd4fdd767ba248750655929144ca3dc2cc089b28bcc1168e4ad383739455251
outputs/paper_writer_handoff_20260922/A_EVIDENCE_FOR_PAPER/03_gold_and_metrics/pilot_120_v1/gold_v2_officialization_20260914/risk/annotator_b_grok/CA-0841.json	393	ec176f4316b88bbad1119b1ee4c68862161d7ea0ce7b573ebb5d4f260e260ab0
outputs/paper_writer_handoff_20260922/A_EVIDENCE_FOR_PAPER/03_gold_and_metrics/pilot_120_v1/gold_v2_officialization_20260914/risk/annotator_b_grok/CA-0845.json	465	5c4bf41fff274a5f501ef26753a1e1b33e8a679e8686b11f72bae25bef3fc70a
outputs/paper_writer_handoff_20260922/A_EVIDENCE_FOR_PAPER/03_gold_and_metrics/pilot_120_v1/gold_v2_officialization_20260914/risk/annotator_b_grok/CA-0846.json	379	dce288d3eb57380f7f11b36905d6abbc59527529b84a8fa6ba3a2f493ac860b2
outputs/paper_writer_handoff_20260922/A_EVIDENCE_FOR_PAPER/03_gold_and_metrics/pilot_120_v1/gold_v2_officialization_20260914/risk/annotator_b_grok/CA-0851.json	440	5c406cbca934ba9cd166fa15f4a60a5977fee43ac7e4a3549384523200b3d26a
outputs/paper_writer_handoff_20260922/A_EVIDENCE_FOR_PAPER/03_gold_and_metrics/pilot_120_v1/gold_v2_officialization_20260914/risk/annotator_b_grok/CA-0855.json	415	accd9938277b005b25bec3c5a07b2779517c00af944e1a6365994b1adedf91c5
outputs/paper_writer_handoff_20260922/A_EVIDENCE_FOR_PAPER/03_gold_and_metrics/pilot_120_v1/gold_v2_officialization_20260914/risk/annotator_b_grok/CA-0866.json	400	7aa9e39f5f30cf34e8b52c27255cf2a82b8ccd46cfadad799996ea6320cf1b96
outputs/paper_writer_handoff_20260922/A_EVIDENCE_FOR_PAPER/03_gold_and_metrics/pilot_120_v1/gold_v2_officialization_20260914/risk/annotator_b_grok/CA-0876.json	391	fdbfd0c071952d61dd0c7113ce8cd8c184b538a3ea04841a139338a57ef29a45
outputs/paper_writer_handoff_20260922/A_EVIDENCE_FOR_PAPER/03_gold_and_metrics/pilot_120_v1/gold_v2_officialization_20260914/risk/annotator_b_grok/CA-0878.json	512	024da44e780bf854b6c84f62c9834cf6f5a16cf4702ce594f08bbe66a385d6fd
outputs/paper_writer_handoff_20260922/A_EVIDENCE_FOR_PAPER/03_gold_and_metrics/pilot_120_v1/gold_v2_officialization_20260914/risk/annotator_b_grok/CA-0889.json	378	0e580a40e1f2a18f7b1c829896edaffc3c3d72727d78aedcb9ecface432e8bae
outputs/paper_writer_handoff_20260922/A_EVIDENCE_FOR_PAPER/03_gold_and_metrics/pilot_120_v1/gold_v2_officialization_20260914/risk/annotator_b_grok/CA-0904.json	397	be68f2e3639e4f7810443a67212364de212c96fe46af3f82b13ed99d95d9a55d
outputs/paper_writer_handoff_20260922/A_EVIDENCE_FOR_PAPER/03_gold_and_metrics/pilot_120_v1/gold_v2_officialization_20260914/risk/annotator_b_grok/CA-0907.json	371	698a5cb8574f30f40f056c6498670591a38824136c1542824cc8bfc6274d870f
outputs/paper_writer_handoff_20260922/A_EVIDENCE_FOR_PAPER/03_gold_and_metrics/pilot_120_v1/gold_v2_officialization_20260914/risk/annotator_b_grok/CA-0908.json	396	576cdb430016323f7e01f94e16df986cb61e2cf920f30c317d8af05e3c752d3d
outputs/paper_writer_handoff_20260922/A_EVIDENCE_FOR_PAPER/03_gold_and_metrics/pilot_120_v1/gold_v2_officialization_20260914/risk/annotator_b_grok/CA-0909.json	465	2fb3938b9b1287c758bf06aa29734bbc0ca70f47b6be7672cd3d67547fa7e092
outputs/paper_writer_handoff_20260922/A_EVIDENCE_FOR_PAPER/03_gold_and_metrics/pilot_120_v1/gold_v2_officialization_20260914/risk/annotator_b_grok/CA-0923.json	392	a7e3c70499d66e23ab5bb1e2b2e1b0c31df70a1f7ec769ec957ffcc38b18d64e
outputs/paper_writer_handoff_20260922/A_EVIDENCE_FOR_PAPER/03_gold_and_metrics/pilot_120_v1/gold_v2_officialization_20260914/risk/annotator_b_grok/CA-0940.json	413	de72092ed38eb77f4b74398f2f57d13df03c5b4c06d858c2c725b3bcb7002465
outputs/paper_writer_handoff_20260922/A_EVIDENCE_FOR_PAPER/03_gold_and_metrics/pilot_120_v1/gold_v2_officialization_20260914/risk/annotator_b_grok/CA-0945.json	481	e25a78c10fed8350eb7bfecf0896566a8450a87c104077e6e5dd22a522027625
outputs/paper_writer_handoff_20260922/A_EVIDENCE_FOR_PAPER/03_gold_and_metrics/pilot_120_v1/gold_v2_officialization_20260914/risk/annotator_b_grok/CA-0961.json	386	0f270b2eff5594044a7e328dd6c2c64aa169d9cad7e04e2acbf79de2769a9313
outputs/paper_writer_handoff_20260922/A_EVIDENCE_FOR_PAPER/03_gold_and_metrics/pilot_120_v1/gold_v2_officialization_20260914/risk/annotator_b_grok/CA-0963.json	368	12fb622bd3d1c8ef411887a596f0f1aaa1f265f4b20f1a81873a453793b45725
outputs/paper_writer_handoff_20260922/A_EVIDENCE_FOR_PAPER/03_gold_and_metrics/pilot_120_v1/gold_v2_officialization_20260914/risk/annotator_b_grok/CA-0967.json	402	06ba1aaf127d9f02e26b6d81322e86f6c73c35e6bd558d4fe1cb8c17ebb88e8b
outputs/paper_writer_handoff_20260922/A_EVIDENCE_FOR_PAPER/03_gold_and_metrics/pilot_120_v1/gold_v2_officialization_20260914/risk/annotator_b_grok/CA-0972.json	436	042252556f8287cc7143e90542371c906aa5dc047702fb5a6050a64eefa7836c
outputs/paper_writer_handoff_20260922/A_EVIDENCE_FOR_PAPER/03_gold_and_metrics/pilot_120_v1/gold_v2_officialization_20260914/risk/cards/CA-0007.json	1075	29c01483d2e7b534d2a618cd669b6e5b79b0c8766b6d18094bc3ec7941b81468
outputs/paper_writer_handoff_20260922/A_EVIDENCE_FOR_PAPER/03_gold_and_metrics/pilot_120_v1/gold_v2_officialization_20260914/risk/cards/CA-0012.json	894	ca83c723b553071abdc8e7bb5711a1ede7c40e8410fecdc969b89e271f3ef74a
outputs/paper_writer_handoff_20260922/A_EVIDENCE_FOR_PAPER/03_gold_and_metrics/pilot_120_v1/gold_v2_officialization_20260914/risk/cards/CA-0021.json	1334	89f137d7a016560fb9f5a6b14dc0022b9ef7773458f1a402e0b2ba9da8177739
outputs/paper_writer_handoff_20260922/A_EVIDENCE_FOR_PAPER/03_gold_and_metrics/pilot_120_v1/gold_v2_officialization_20260914/risk/cards/CA-0026.json	585	6937b0851d3b54fe668b4334a319eeb3e94705da2d8463f93f57ff5ede167e0c
outputs/paper_writer_handoff_20260922/A_EVIDENCE_FOR_PAPER/03_gold_and_metrics/pilot_120_v1/gold_v2_officialization_20260914/risk/cards/CA-0029.json	919	0734033a8de43f4dcd4d907ee23467bb8613f81d7fd960ad2ceb80909d1ddf3d
outputs/paper_writer_handoff_20260922/A_EVIDENCE_FOR_PAPER/03_gold_and_metrics/pilot_120_v1/gold_v2_officialization_20260914/risk/cards/CA-0032.json	631	020586f7e4576c96a02e029c95473716246ff0a0ba83476aefb53407bd0b4bdd
outputs/paper_writer_handoff_20260922/A_EVIDENCE_FOR_PAPER/03_gold_and_metrics/pilot_120_v1/gold_v2_officialization_20260914/risk/cards/CA-0035.json	690	36dc32e02c6a5e576a6cd488682e53376c12ca93cdf8efbaf15a5b0bab803a59
outputs/paper_writer_handoff_20260922/A_EVIDENCE_FOR_PAPER/03_gold_and_metrics/pilot_120_v1/gold_v2_officialization_20260914/risk/cards/CA-0042.json	792	119945c09d6189353ba7ab5438a83c16139a89c09b55cfc2b84a0be30e5a5db5
outputs/paper_writer_handoff_20260922/A_EVIDENCE_FOR_PAPER/03_gold_and_metrics/pilot_120_v1/gold_v2_officialization_20260914/risk/cards/CA-0056.json	1186	0b9e87ded25b18c18ed4bb168d3f92d81c1d2c1ff90b29b637ea96bf3a79a0e0
outputs/paper_writer_handoff_20260922/A_EVIDENCE_FOR_PAPER/03_gold_and_metrics/pilot_120_v1/gold_v2_officialization_20260914/risk/cards/CA-0058.json	1229	fc9cd9ec1ba3fc3ef2b05c42330b03992650d15107e4be00302138fef96bf97a
outputs/paper_writer_handoff_20260922/A_EVIDENCE_FOR_PAPER/03_gold_and_metrics/pilot_120_v1/gold_v2_officialization_20260914/risk/cards/CA-0063.json	803	8bc20bc78a2cace2d0c4deec4a4d57078bdfd0802b5db562499a0d82a1d41182
outputs/paper_writer_handoff_20260922/A_EVIDENCE_FOR_PAPER/03_gold_and_metrics/pilot_120_v1/gold_v2_officialization_20260914/risk/cards/CA-0070.json	871	e319227145dd09db63faaaace1c5356bab640912ea03da648d81752eab9b8e33
outputs/paper_writer_handoff_20260922/A_EVIDENCE_FOR_PAPER/03_gold_and_metrics/pilot_120_v1/gold_v2_officialization_20260914/risk/cards/CA-0072.json	962	07ff7a902b0b005c73537cae8674a1fb417be45688b861c6adadad45675d2075
outputs/paper_writer_handoff_20260922/A_EVIDENCE_FOR_PAPER/03_gold_and_metrics/pilot_120_v1/gold_v2_officialization_20260914/risk/cards/CA-0078.json	1072	c319f2b157c22288f33724332d7173901701a260b9f9acf94470dcdf9982eafa
outputs/paper_writer_handoff_20260922/A_EVIDENCE_FOR_PAPER/03_gold_and_metrics/pilot_120_v1/gold_v2_officialization_20260914/risk/cards/CA-0083.json	944	04d58825a3a124208dc774106f5fcce1429f933d8a3b42d0dd37d48e58f3e320
outputs/paper_writer_handoff_20260922/A_EVIDENCE_FOR_PAPER/03_gold_and_metrics/pilot_120_v1/gold_v2_officialization_20260914/risk/cards/CA-0086.json	1145	e47a7f12ccebfca2d8c28c144ac91c78752be70da3569e499663081881162ecd
outputs/paper_writer_handoff_20260922/A_EVIDENCE_FOR_PAPER/03_gold_and_metrics/pilot_120_v1/gold_v2_officialization_20260914/risk/cards/CA-0092.json	1070	87deaa60a4881bad0461e127a44c1dcc8b047d8330b38da2de13b2e7f7e81e56
outputs/paper_writer_handoff_20260922/A_EVIDENCE_FOR_PAPER/03_gold_and_metrics/pilot_120_v1/gold_v2_officialization_20260914/risk/cards/CA-0105.json	1168	ebc425c23a57e796936a1011ea006322c983da177da0a329b3332cdc79cddc71
outputs/paper_writer_handoff_20260922/A_EVIDENCE_FOR_PAPER/03_gold_and_metrics/pilot_120_v1/gold_v2_officialization_20260914/risk/cards/CA-0133.json	1090	a85f8650859ef276c2e9754bf458314fb6166006a463b4e4c148049f3b391306
outputs/paper_writer_handoff_20260922/A_EVIDENCE_FOR_PAPER/03_gold_and_metrics/pilot_120_v1/gold_v2_officialization_20260914/risk/cards/CA-0149.json	1379	8ff151f119b6cc6d3392ebcaebcb484193d8d16127eec2d8887c01919c81ddd7
outputs/paper_writer_handoff_20260922/A_EVIDENCE_FOR_PAPER/03_gold_and_metrics/pilot_120_v1/gold_v2_officialization_20260914/risk/cards/CA-0158.json	875	43d70cabddcb42de90b4bf4f475cd07465f70c87642ed0f0e7f81d87c33607b5
outputs/paper_writer_handoff_20260922/A_EVIDENCE_FOR_PAPER/03_gold_and_metrics/pilot_120_v1/gold_v2_officialization_20260914/risk/cards/CA-0163.json	1257	e60447b8e886420c457272681a5d89c58294ae60af6fa6efc46d74aa856257aa
outputs/paper_writer_handoff_20260922/A_EVIDENCE_FOR_PAPER/03_gold_and_metrics/pilot_120_v1/gold_v2_officialization_20260914/risk/cards/CA-0197.json	944	1e6408c60b0baa1a23b2acddd0d4b2d34ef551ac1e0c63f49ddabb8e7a9ca56a
outputs/paper_writer_handoff_20260922/A_EVIDENCE_FOR_PAPER/03_gold_and_metrics/pilot_120_v1/gold_v2_officialization_20260914/risk/cards/CA-0200.json	1254	1a27d8a35fa2206d002041d81999bc40d16dc30c3dc9f65fdf5dd6290262d758
outputs/paper_writer_handoff_20260922/A_EVIDENCE_FOR_PAPER/03_gold_and_metrics/pilot_120_v1/gold_v2_officialization_20260914/risk/cards/CA-0203.json	958	06207568c2a506d2672a39bb82630e227c098d20fb19ba38c11d381f1ad1d0f3
outputs/paper_writer_handoff_20260922/A_EVIDENCE_FOR_PAPER/03_gold_and_metrics/pilot_120_v1/gold_v2_officialization_20260914/risk/cards/CA-0211.json	936	038fcbb9052ec837d6e60a8dbf727ce979ad4738be26a4feac9b4e3e6178d685
outputs/paper_writer_handoff_20260922/A_EVIDENCE_FOR_PAPER/03_gold_and_metrics/pilot_120_v1/gold_v2_officialization_20260914/risk/cards/CA-0215.json	849	45eb79ad442673ea1044e54c15812a68ab8a9b9610f286224d1da1d43b7a6170
outputs/paper_writer_handoff_20260922/A_EVIDENCE_FOR_PAPER/03_gold_and_metrics/pilot_120_v1/gold_v2_officialization_20260914/risk/cards/CA-0218.json	1017	2a2d55f86801673f25beac1c38253d4ddc21c784b2abef64dc59dbd9c55c1433
outputs/paper_writer_handoff_20260922/A_EVIDENCE_FOR_PAPER/03_gold_and_metrics/pilot_120_v1/gold_v2_officialization_20260914/risk/cards/CA-0225.json	837	9b35ce48fdae1ff2b41cdeda16ec616dd7088fa6412bfb9b44fdd8d2c1edc65a
outputs/paper_writer_handoff_20260922/A_EVIDENCE_FOR_PAPER/03_gold_and_metrics/pilot_120_v1/gold_v2_officialization_20260914/risk/cards/CA-0226.json	1346	dac67cf9c9e72024e26e95a1271ef0504acc4ac914d934ad83a3875f27d44257
outputs/paper_writer_handoff_20260922/A_EVIDENCE_FOR_PAPER/03_gold_and_metrics/pilot_120_v1/gold_v2_officialization_20260914/risk/cards/CA-0239.json	845	6778da6b9c0b9e87a6d49f131a16932414cd70dcedfdac18a6b3486fab135f8f
outputs/paper_writer_handoff_20260922/A_EVIDENCE_FOR_PAPER/03_gold_and_metrics/pilot_120_v1/gold_v2_officialization_20260914/risk/cards/CA-0245.json	1181	285ca49ff1cc42dc8e48aa19feade7d7f179b285464bffdc6dc7ed3f1662f464
outputs/paper_writer_handoff_20260922/A_EVIDENCE_FOR_PAPER/03_gold_and_metrics/pilot_120_v1/gold_v2_officialization_20260914/risk/cards/CA-0253.json	1011	ff989d8d3eb8d19b42b61cdab51e61ca78367a19e7b640fdcb2ce1049b57c3c1
outputs/paper_writer_handoff_20260922/A_EVIDENCE_FOR_PAPER/03_gold_and_metrics/pilot_120_v1/gold_v2_officialization_20260914/risk/cards/CA-0259.json	766	cb0fc36044d3196845a03e95400a584428d9d118c3884573323e1399ff44bac2
outputs/paper_writer_handoff_20260922/A_EVIDENCE_FOR_PAPER/03_gold_and_metrics/pilot_120_v1/gold_v2_officialization_20260914/risk/cards/CA-0262.json	1345	0aab7849919a91450f5974b841897ba1fccce54bbbb3ad96c822f684b0f9a40f
outputs/paper_writer_handoff_20260922/A_EVIDENCE_FOR_PAPER/03_gold_and_metrics/pilot_120_v1/gold_v2_officialization_20260914/risk/cards/CA-0271.json	931	6f87a00a50da91ef8f390aedf66cafca5eb6d27723365f98f9b2997a5226c54d
outputs/paper_writer_handoff_20260922/A_EVIDENCE_FOR_PAPER/03_gold_and_metrics/pilot_120_v1/gold_v2_officialization_20260914/risk/cards/CA-0292.json	927	7c2a5c443e67eb9536464938bcff131cd381d55b592b2c218148a5efa15db951
outputs/paper_writer_handoff_20260922/A_EVIDENCE_FOR_PAPER/03_gold_and_metrics/pilot_120_v1/gold_v2_officialization_20260914/risk/cards/CA-0313.json	697	8d894a074b4cf71f2d31f328a2b70c122999433cd98e6a5059fccb6dcc217da9
outputs/paper_writer_handoff_20260922/A_EVIDENCE_FOR_PAPER/03_gold_and_metrics/pilot_120_v1/gold_v2_officialization_20260914/risk/cards/CA-0326.json	706	2ec17249a71b8d71c51bf6ced9ba848af7c84fd7014c7a4599cd7c1777f82aa3
outputs/paper_writer_handoff_20260922/A_EVIDENCE_FOR_PAPER/03_gold_and_metrics/pilot_120_v1/gold_v2_officialization_20260914/risk/cards/CA-0332.json	997	d22163409c0b5fd0b851042580fd63e5e0f085db04eb51aafa1b8a14d328db01
outputs/paper_writer_handoff_20260922/A_EVIDENCE_FOR_PAPER/03_gold_and_metrics/pilot_120_v1/gold_v2_officialization_20260914/risk/cards/CA-0336.json	879	a5f6110b53bd6f48d3aa31659b8480ad829912463dc69bfdd603545910534dc0
outputs/paper_writer_handoff_20260922/A_EVIDENCE_FOR_PAPER/03_gold_and_metrics/pilot_120_v1/gold_v2_officialization_20260914/risk/cards/CA-0360.json	799	994b9dcbe1aea22711cce7466cbdde86ddcd9ea3864ecf0ac793fc65d635e63b
outputs/paper_writer_handoff_20260922/A_EVIDENCE_FOR_PAPER/03_gold_and_metrics/pilot_120_v1/gold_v2_officialization_20260914/risk/cards/CA-0361.json	1344	dc26eeed0d86fb59433bfbd0b4b4f2b653f590b3075359acc899b50ac6bbd202
outputs/paper_writer_handoff_20260922/A_EVIDENCE_FOR_PAPER/03_gold_and_metrics/pilot_120_v1/gold_v2_officialization_20260914/risk/cards/CA-0369.json	931	ecbba38cc17d9b69e9321654e2b99090b392ade7d1c0e38e339c9273f4d36e8d
outputs/paper_writer_handoff_20260922/A_EVIDENCE_FOR_PAPER/03_gold_and_metrics/pilot_120_v1/gold_v2_officialization_20260914/risk/cards/CA-0372.json	1238	c65818611f15738e30e98f9ab738cbb6aff45b52654441236e1b738de10ed1fd
outputs/paper_writer_handoff_20260922/A_EVIDENCE_FOR_PAPER/03_gold_and_metrics/pilot_120_v1/gold_v2_officialization_20260914/risk/cards/CA-0382.json	800	368f6b4ffd4446caaaaf320d6b2b23cb694dd4117d5c4dcf209004f73c7d992e
outputs/paper_writer_handoff_20260922/A_EVIDENCE_FOR_PAPER/03_gold_and_metrics/pilot_120_v1/gold_v2_officialization_20260914/risk/cards/CA-0394.json	1019	de808e83eb194f6c7ca7de3dd552079b4334809eb8c31ac020bbe9d293a2ac58
outputs/paper_writer_handoff_20260922/A_EVIDENCE_FOR_PAPER/03_gold_and_metrics/pilot_120_v1/gold_v2_officialization_20260914/risk/cards/CA-0397.json	871	85e0402064e90df4a60fd59b79037fbfbf6c1c1b1b711301573515e141d0045f
outputs/paper_writer_handoff_20260922/A_EVIDENCE_FOR_PAPER/03_gold_and_metrics/pilot_120_v1/gold_v2_officialization_20260914/risk/cards/CA-0418.json	776	091b47f073f0e5c9b17bc69494722b235dff0feb9c35d64c47576695c03684c9
outputs/paper_writer_handoff_20260922/A_EVIDENCE_FOR_PAPER/03_gold_and_metrics/pilot_120_v1/gold_v2_officialization_20260914/risk/cards/CA-0421.json	1032	c6d4f329142bb850a0f643d958b163f0654ce8e3be29e01bcf894cb552a3d8e2
outputs/paper_writer_handoff_20260922/A_EVIDENCE_FOR_PAPER/03_gold_and_metrics/pilot_120_v1/gold_v2_officialization_20260914/risk/cards/CA-0422.json	678	63dbbd8657f2359ccca43ced539c3263515d48b3ed618f28ad4e84844f692a2f
outputs/paper_writer_handoff_20260922/A_EVIDENCE_FOR_PAPER/03_gold_and_metrics/pilot_120_v1/gold_v2_officialization_20260914/risk/cards/CA-0426.json	1400	a69382db6a7a7ba45a7906dd4b3df447732935d4af6d235a1452a366bc175a3f
outputs/paper_writer_handoff_20260922/A_EVIDENCE_FOR_PAPER/03_gold_and_metrics/pilot_120_v1/gold_v2_officialization_20260914/risk/cards/CA-0437.json	1133	f5a4296a7f9a17862c9dd902677379f96059e9b6435216bd591836f6bccaf7c1
outputs/paper_writer_handoff_20260922/A_EVIDENCE_FOR_PAPER/03_gold_and_metrics/pilot_120_v1/gold_v2_officialization_20260914/risk/cards/CA-0440.json	945	1cf78962ee41db904438852eb628e07b48effc43ef4d3e92dd308dbac1a25efa
outputs/paper_writer_handoff_20260922/A_EVIDENCE_FOR_PAPER/03_gold_and_metrics/pilot_120_v1/gold_v2_officialization_20260914/risk/cards/CA-0453.json	800	01aec5d8c8e635ad5db6c0ec22769e65b16c489aea30703f00830a8222cc1ca8
outputs/paper_writer_handoff_20260922/A_EVIDENCE_FOR_PAPER/03_gold_and_metrics/pilot_120_v1/gold_v2_officialization_20260914/risk/cards/CA-0460.json	1360	4f241a53b5e9f3631466a6df8d9911c0cddeb82bc37e643359f2761afbeaed4c
outputs/paper_writer_handoff_20260922/A_EVIDENCE_FOR_PAPER/03_gold_and_metrics/pilot_120_v1/gold_v2_officialization_20260914/risk/cards/CA-0469.json	612	015d8728d0ae4fe561f36e90d61927c5e2084c2a40e9c3f7f230dc3916b1e119
outputs/paper_writer_handoff_20260922/A_EVIDENCE_FOR_PAPER/03_gold_and_metrics/pilot_120_v1/gold_v2_officialization_20260914/risk/cards/CA-0470.json	1252	b58f425aa8afd2a483faae2111978f1d171425dc54dd44fd61814fc02d01a7f5
outputs/paper_writer_handoff_20260922/A_EVIDENCE_FOR_PAPER/03_gold_and_metrics/pilot_120_v1/gold_v2_officialization_20260914/risk/cards/CA-0512.json	1120	e602f3772bbc3fe3fb0df82603e4d925c76cd8f4ac937e334cd6145f6fcdbe20
outputs/paper_writer_handoff_20260922/A_EVIDENCE_FOR_PAPER/03_gold_and_metrics/pilot_120_v1/gold_v2_officialization_20260914/risk/cards/CA-0533.json	737	d5d7466c8eebfcc113a626cf81705edf17552d433440bb4eade174f5838b9a6f
outputs/paper_writer_handoff_20260922/A_EVIDENCE_FOR_PAPER/03_gold_and_metrics/pilot_120_v1/gold_v2_officialization_20260914/risk/cards/CA-0552.json	964	8bc1542f9b720df859846d9dcba4886812c0c6ca22a04ae00505e2afc6180c77
outputs/paper_writer_handoff_20260922/A_EVIDENCE_FOR_PAPER/03_gold_and_metrics/pilot_120_v1/gold_v2_officialization_20260914/risk/cards/CA-0560.json	1088	20e18fe0e545813b56d5d522bd45ec18f479020d9af6d592af5bbf906211721e
outputs/paper_writer_handoff_20260922/A_EVIDENCE_FOR_PAPER/03_gold_and_metrics/pilot_120_v1/gold_v2_officialization_20260914/risk/cards/CA-0565.json	930	948f21e9c16eb76d47b56a12bfe4042ec2244d22a3878f6270c371312de66df4
outputs/paper_writer_handoff_20260922/A_EVIDENCE_FOR_PAPER/03_gold_and_metrics/pilot_120_v1/gold_v2_officialization_20260914/risk/cards/CA-0573.json	875	37265f2bcfffa0902ac76fe0165ef5f64e2bb2871a2e242ff00f7ad95346dd61
outputs/paper_writer_handoff_20260922/A_EVIDENCE_FOR_PAPER/03_gold_and_metrics/pilot_120_v1/gold_v2_officialization_20260914/risk/cards/CA-0576.json	604	d64f2cbf7d4068634dc965583bd39322ddb0724b6341db256a5b7e7c15335cbb
outputs/paper_writer_handoff_20260922/A_EVIDENCE_FOR_PAPER/03_gold_and_metrics/pilot_120_v1/gold_v2_officialization_20260914/risk/cards/CA-0596.json	1262	76de12f642fb4342e7f5ebbefefe2f1f732b392efe61c5ae89d66a3930e27378
outputs/paper_writer_handoff_20260922/A_EVIDENCE_FOR_PAPER/03_gold_and_metrics/pilot_120_v1/gold_v2_officialization_20260914/risk/cards/CA-0598.json	1292	2566999128960a41226c235aaef32aec4fdf598f8f188a0376e39ec375659dfb
outputs/paper_writer_handoff_20260922/A_EVIDENCE_FOR_PAPER/03_gold_and_metrics/pilot_120_v1/gold_v2_officialization_20260914/risk/cards/CA-0604.json	839	94e9f150aa14cb13cbe858398fb6f21c884b84ab5fe94ea2f118c86c46131c26
outputs/paper_writer_handoff_20260922/A_EVIDENCE_FOR_PAPER/03_gold_and_metrics/pilot_120_v1/gold_v2_officialization_20260914/risk/cards/CA-0608.json	1135	a9a0cf52f4c2162b68ef6a17a77cad051b4ac88f30972153d4bd589e9f3afcf5
outputs/paper_writer_handoff_20260922/A_EVIDENCE_FOR_PAPER/03_gold_and_metrics/pilot_120_v1/gold_v2_officialization_20260914/risk/cards/CA-0611.json	1274	5cb6e76c940edd7f9112632f8ee594b77aae75ddbd7305cc1ead450fbc3d32be
outputs/paper_writer_handoff_20260922/A_EVIDENCE_FOR_PAPER/03_gold_and_metrics/pilot_120_v1/gold_v2_officialization_20260914/risk/cards/CA-0618.json	835	eb8f7041e0da4152624a0be2fd81647378faeb1a54881f7e5073477c16e159c5
outputs/paper_writer_handoff_20260922/A_EVIDENCE_FOR_PAPER/03_gold_and_metrics/pilot_120_v1/gold_v2_officialization_20260914/risk/cards/CA-0623.json	1196	b9ef61678665ae2dc42d7ea85dae868d961f48cd9cbbe527aee0dc749c7034a9
outputs/paper_writer_handoff_20260922/A_EVIDENCE_FOR_PAPER/03_gold_and_metrics/pilot_120_v1/gold_v2_officialization_20260914/risk/cards/CA-0647.json	689	4402cebfd2bf9b883e575b63662150dffba89d38db073cfc15ef9f0086039bee
outputs/paper_writer_handoff_20260922/A_EVIDENCE_FOR_PAPER/03_gold_and_metrics/pilot_120_v1/gold_v2_officialization_20260914/risk/cards/CA-0648.json	791	f30697213fdba8c1ba461b0b78e5e0250780eb8680c0f71102d2b053913741f5
outputs/paper_writer_handoff_20260922/A_EVIDENCE_FOR_PAPER/03_gold_and_metrics/pilot_120_v1/gold_v2_officialization_20260914/risk/cards/CA-0654.json	1177	1601709a4fa05105f4030fb1c40ebba99a2ea000808bb1e99b06710313a9a932
outputs/paper_writer_handoff_20260922/A_EVIDENCE_FOR_PAPER/03_gold_and_metrics/pilot_120_v1/gold_v2_officialization_20260914/risk/cards/CA-0671.json	1106	d7bb871ab6c34ecafba8d20ab48bcc85a4c673b5975c2d0f4386f6693e958380
outputs/paper_writer_handoff_20260922/A_EVIDENCE_FOR_PAPER/03_gold_and_metrics/pilot_120_v1/gold_v2_officialization_20260914/risk/cards/CA-0677.json	639	4e725a707b5dea951a19be5813155cdd7143acc59743015c9b04409333092b2f
outputs/paper_writer_handoff_20260922/A_EVIDENCE_FOR_PAPER/03_gold_and_metrics/pilot_120_v1/gold_v2_officialization_20260914/risk/cards/CA-0679.json	814	235adb54b7fefc1d90cf6251251087bdef6f4e8f333c132dd5305e789eb7481d
outputs/paper_writer_handoff_20260922/A_EVIDENCE_FOR_PAPER/03_gold_and_metrics/pilot_120_v1/gold_v2_officialization_20260914/risk/cards/CA-0680.json	1017	c4dca32ad555b25fa592f79de9fcfee6240e0c6fa362aa0698e7a30542c5fee4
outputs/paper_writer_handoff_20260922/A_EVIDENCE_FOR_PAPER/03_gold_and_metrics/pilot_120_v1/gold_v2_officialization_20260914/risk/cards/CA-0686.json	1139	39e4292cc22bb7907faaaf2602a913157f7aafaad3a0387a461a579390c72351
outputs/paper_writer_handoff_20260922/A_EVIDENCE_FOR_PAPER/03_gold_and_metrics/pilot_120_v1/gold_v2_officialization_20260914/risk/cards/CA-0695.json	835	89f773b78f786ea87c4f4c922fbf5640669bad54af0cba8faca3674218c056bf
outputs/paper_writer_handoff_20260922/A_EVIDENCE_FOR_PAPER/03_gold_and_metrics/pilot_120_v1/gold_v2_officialization_20260914/risk/cards/CA-0702.json	1087	be0766c19071ea2fafd590f6042eef3a83784af5d51773bb0e362675f2621d3d
outputs/paper_writer_handoff_20260922/A_EVIDENCE_FOR_PAPER/03_gold_and_metrics/pilot_120_v1/gold_v2_officialization_20260914/risk/cards/CA-0703.json	619	c195e372e1f4efdb91f1dd3b83fa66c14a85e59a2545fff7a183c695c8bdd59c
outputs/paper_writer_handoff_20260922/A_EVIDENCE_FOR_PAPER/03_gold_and_metrics/pilot_120_v1/gold_v2_officialization_20260914/risk/cards/CA-0714.json	948	6db3ae4428b6b83c23c81e95ed3ba9133114d96d1a241dcc0b77874b14195162
outputs/paper_writer_handoff_20260922/A_EVIDENCE_FOR_PAPER/03_gold_and_metrics/pilot_120_v1/gold_v2_officialization_20260914/risk/cards/CA-0718.json	1269	bebcfa42b8d07e013f37ba790dc34f776763357413ae23f78c909c492f6145fd
outputs/paper_writer_handoff_20260922/A_EVIDENCE_FOR_PAPER/03_gold_and_metrics/pilot_120_v1/gold_v2_officialization_20260914/risk/cards/CA-0727.json	869	f0c4daf68aee3f6f5838541a352eb610e70aff0220befbb1d94b640e56609f8c
outputs/paper_writer_handoff_20260922/A_EVIDENCE_FOR_PAPER/03_gold_and_metrics/pilot_120_v1/gold_v2_officialization_20260914/risk/cards/CA-0733.json	1256	7bf40f339ad205b35d7b108ac908691bc8b2bfc621bb420500a19eb163fd33db
outputs/paper_writer_handoff_20260922/A_EVIDENCE_FOR_PAPER/03_gold_and_metrics/pilot_120_v1/gold_v2_officialization_20260914/risk/cards/CA-0735.json	987	8575e8af4cf772eb4c9235ccfa384557f60fdd7a594139de4d7179befc118c8d
outputs/paper_writer_handoff_20260922/A_EVIDENCE_FOR_PAPER/03_gold_and_metrics/pilot_120_v1/gold_v2_officialization_20260914/risk/cards/CA-0739.json	1035	00822ed8e68046363a838d92efa762ae1749691e5b405bd1eeda08dd9dda63eb
outputs/paper_writer_handoff_20260922/A_EVIDENCE_FOR_PAPER/03_gold_and_metrics/pilot_120_v1/gold_v2_officialization_20260914/risk/cards/CA-0762.json	944	56b812da1d31a3a7b131ffb40d7a1190fedb63aea1ac8f3f6bc7b1c20f5e18f7
outputs/paper_writer_handoff_20260922/A_EVIDENCE_FOR_PAPER/03_gold_and_metrics/pilot_120_v1/gold_v2_officialization_20260914/risk/cards/CA-0772.json	595	ff87352ffccce1e01e70be1340e7f2269e7614550afb9579e7a05be100d8b440
outputs/paper_writer_handoff_20260922/A_EVIDENCE_FOR_PAPER/03_gold_and_metrics/pilot_120_v1/gold_v2_officialization_20260914/risk/cards/CA-0778.json	1096	6ca709b0365d895788d9c5915904ace54089760528eafecbb92c3c058072ab5a
outputs/paper_writer_handoff_20260922/A_EVIDENCE_FOR_PAPER/03_gold_and_metrics/pilot_120_v1/gold_v2_officialization_20260914/risk/cards/CA-0786.json	801	4ba80e2e00a2ae8046011e64d9d57817042191a8258dd2f7594dab5b2d31fba9
outputs/paper_writer_handoff_20260922/A_EVIDENCE_FOR_PAPER/03_gold_and_metrics/pilot_120_v1/gold_v2_officialization_20260914/risk/cards/CA-0797.json	902	c5bdb7a61bb61fc7aeaad3d8b91ebd026efb5013f5c53b8b82445e60799073f8
outputs/paper_writer_handoff_20260922/A_EVIDENCE_FOR_PAPER/03_gold_and_metrics/pilot_120_v1/gold_v2_officialization_20260914/risk/cards/CA-0798.json	1171	5f5b2e980029405867601cf7cdd49ca2f3cc641747024143c4641873248ed811
outputs/paper_writer_handoff_20260922/A_EVIDENCE_FOR_PAPER/03_gold_and_metrics/pilot_120_v1/gold_v2_officialization_20260914/risk/cards/CA-0805.json	949	a372ae003ff140df7b1bc3e439150ee25afcc69e46bad5e85cd7dd3400410264
outputs/paper_writer_handoff_20260922/A_EVIDENCE_FOR_PAPER/03_gold_and_metrics/pilot_120_v1/gold_v2_officialization_20260914/risk/cards/CA-0808.json	1149	04824a4b45f50a015548d52d970885cd340db82e638d474693a28112c8e21f03
outputs/paper_writer_handoff_20260922/A_EVIDENCE_FOR_PAPER/03_gold_and_metrics/pilot_120_v1/gold_v2_officialization_20260914/risk/cards/CA-0827.json	1295	48891d999180605adb3d797ba31405958589c7d01a3a97ab0b984f92062a670c
outputs/paper_writer_handoff_20260922/A_EVIDENCE_FOR_PAPER/03_gold_and_metrics/pilot_120_v1/gold_v2_officialization_20260914/risk/cards/CA-0828.json	1355	2f28dd4f3ed6689c6e307bf166abca023ea328a64e5e4c5a21f4ead35a31ed92
outputs/paper_writer_handoff_20260922/A_EVIDENCE_FOR_PAPER/03_gold_and_metrics/pilot_120_v1/gold_v2_officialization_20260914/risk/cards/CA-0836.json	971	c047c39c04d8fbc2a0aa6290b1537f11b4689443b1e392790228cc42d303079a
outputs/paper_writer_handoff_20260922/A_EVIDENCE_FOR_PAPER/03_gold_and_metrics/pilot_120_v1/gold_v2_officialization_20260914/risk/cards/CA-0841.json	1234	2d5e3c3571e42b81de4151b612540534223ff2ad3f7b0b9fb3cbb16cfe320780
outputs/paper_writer_handoff_20260922/A_EVIDENCE_FOR_PAPER/03_gold_and_metrics/pilot_120_v1/gold_v2_officialization_20260914/risk/cards/CA-0845.json	1161	7667388d7aa76f51f34db510dfa8817a28c4e65df1a33c96d65a91d50daa66a1
outputs/paper_writer_handoff_20260922/A_EVIDENCE_FOR_PAPER/03_gold_and_metrics/pilot_120_v1/gold_v2_officialization_20260914/risk/cards/CA-0846.json	1011	dc9b65e3991f6862df6a7cbccbdbb31366b8eb829ddd0fde8029d0e738eb9128
outputs/paper_writer_handoff_20260922/A_EVIDENCE_FOR_PAPER/03_gold_and_metrics/pilot_120_v1/gold_v2_officialization_20260914/risk/cards/CA-0851.json	806	c6b8c269ca6b251179e47b19b739fc20fa9eceba8b79e7458cfb5a178d8514b3
outputs/paper_writer_handoff_20260922/A_EVIDENCE_FOR_PAPER/03_gold_and_metrics/pilot_120_v1/gold_v2_officialization_20260914/risk/cards/CA-0855.json	784	a1d3d06fa822bf501fbb0ceec09c196adc5910c94a9f3391a6048b5b7e7eeebc
outputs/paper_writer_handoff_20260922/A_EVIDENCE_FOR_PAPER/03_gold_and_metrics/pilot_120_v1/gold_v2_officialization_20260914/risk/cards/CA-0866.json	971	cad0789e8422a8aebf2646530c41cdc95ea75efe60ea93ccc98b3138dd62a92a
outputs/paper_writer_handoff_20260922/A_EVIDENCE_FOR_PAPER/03_gold_and_metrics/pilot_120_v1/gold_v2_officialization_20260914/risk/cards/CA-0876.json	584	5b81f640a69b21cade744a2851ad549db1ad36a77edd571a50f0372d9dbece91
outputs/paper_writer_handoff_20260922/A_EVIDENCE_FOR_PAPER/03_gold_and_metrics/pilot_120_v1/gold_v2_officialization_20260914/risk/cards/CA-0878.json	1130	e90262fd312dfc82be83bbbe5b25bc5a057e9c5e2b98d32ee7e0b769919875ca
outputs/paper_writer_handoff_20260922/A_EVIDENCE_FOR_PAPER/03_gold_and_metrics/pilot_120_v1/gold_v2_officialization_20260914/risk/cards/CA-0889.json	1172	1c962112a005c5c4cdfd407bf5829cfe19d17b1709edce04a9a9080d417f5366
outputs/paper_writer_handoff_20260922/A_EVIDENCE_FOR_PAPER/03_gold_and_metrics/pilot_120_v1/gold_v2_officialization_20260914/risk/cards/CA-0904.json	978	6be5be96f98b16541eac477b69a364f040e6388a93b5058c450874214fb551e6
outputs/paper_writer_handoff_20260922/A_EVIDENCE_FOR_PAPER/03_gold_and_metrics/pilot_120_v1/gold_v2_officialization_20260914/risk/cards/CA-0907.json	1023	25e038bd515a42eece86a35dc17d2e032dd5ec186ddb4397f7f2ad60eabe7166
outputs/paper_writer_handoff_20260922/A_EVIDENCE_FOR_PAPER/03_gold_and_metrics/pilot_120_v1/gold_v2_officialization_20260914/risk/cards/CA-0908.json	900	97475aab9d295914fdf916a8b3acf12cb924239f9ccaec89c73dbcedef5f8c7e
outputs/paper_writer_handoff_20260922/A_EVIDENCE_FOR_PAPER/03_gold_and_metrics/pilot_120_v1/gold_v2_officialization_20260914/risk/cards/CA-0909.json	1025	d0b1f2b25bd04287c56d2b5dacc0dead04713d93853b727f6d9a0add7724e085
outputs/paper_writer_handoff_20260922/A_EVIDENCE_FOR_PAPER/03_gold_and_metrics/pilot_120_v1/gold_v2_officialization_20260914/risk/cards/CA-0923.json	1097	9ea50b336e35507d228f84c1eff43a9412bbcc1f20bed5577768a56815ffd32e
outputs/paper_writer_handoff_20260922/A_EVIDENCE_FOR_PAPER/03_gold_and_metrics/pilot_120_v1/gold_v2_officialization_20260914/risk/cards/CA-0940.json	1238	010566e7d29dfd5d75df6c6072c31e08a16886a1576b81f1284e0dcca0148e04
outputs/paper_writer_handoff_20260922/A_EVIDENCE_FOR_PAPER/03_gold_and_metrics/pilot_120_v1/gold_v2_officialization_20260914/risk/cards/CA-0945.json	811	1a7b0032d44f40ef279b2f02bb2f5db0d85e23b07d528f2e434bf7924e0716e8
outputs/paper_writer_handoff_20260922/A_EVIDENCE_FOR_PAPER/03_gold_and_metrics/pilot_120_v1/gold_v2_officialization_20260914/risk/cards/CA-0961.json	1280	95723adf941ccbc32d2fab853cde733f8ec3e3b7e0a102ac5cfa07af836cc424
outputs/paper_writer_handoff_20260922/A_EVIDENCE_FOR_PAPER/03_gold_and_metrics/pilot_120_v1/gold_v2_officialization_20260914/risk/cards/CA-0963.json	943	548dd929f92498fd1eccd78f633e1133f474e384ef3e4163a25971e29cf5f119
outputs/paper_writer_handoff_20260922/A_EVIDENCE_FOR_PAPER/03_gold_and_metrics/pilot_120_v1/gold_v2_officialization_20260914/risk/cards/CA-0967.json	1016	4c0d337197c22569d1927a48ae593eaf3996ab4819e4295639f1b5944863dee4
outputs/paper_writer_handoff_20260922/A_EVIDENCE_FOR_PAPER/03_gold_and_metrics/pilot_120_v1/gold_v2_officialization_20260914/risk/cards/CA-0972.json	956	c3019edfabf9609ebc667d27f57da233235f58d5967e071a719171660976f38c
outputs/paper_writer_handoff_20260922/A_EVIDENCE_FOR_PAPER/03_gold_and_metrics/pilot_120_v1/gold_v2_officialization_20260914/risk/COMPARE.json	208346	48926fc30b8980ff160f8f7db0c58a246f4f911a92d209a4be7130a1b91bbaa1
outputs/paper_writer_handoff_20260922/A_EVIDENCE_FOR_PAPER/03_gold_and_metrics/pilot_120_v1/gold_v2_officialization_20260914/risk/GROK_BRIEF.md	1362	cda301b82e05e918ca52af8f08663bbf561a64db60bf923c09d73178bf38439d
outputs/paper_writer_handoff_20260922/A_EVIDENCE_FOR_PAPER/03_gold_and_metrics/pilot_120_v1/gold_v2_officialization_20260914/risk/grok_launch_prompts.json	359675	d37a2369d151692fc4327df95a2713337d80bb780b940a53053f065c6ef55c50
outputs/paper_writer_handoff_20260922/A_EVIDENCE_FOR_PAPER/03_gold_and_metrics/pilot_120_v1/gold_v2_officialization_20260914/risk/HARD_DIFFS.json	68107	f181b128ea28ad4cb95d8876db4adb8a9af4fe075dea2261f83f2297a37cbdd4
outputs/paper_writer_handoff_20260922/A_EVIDENCE_FOR_PAPER/03_gold_and_metrics/pilot_120_v1/gold_v2_officialization_20260914/risk/LAUNCH_STATUS.json	1155	a45d268eceaa6aa922d9571655280bc13b409e29861afd2fc2e7c0089d801041
outputs/paper_writer_handoff_20260922/A_EVIDENCE_FOR_PAPER/03_gold_and_metrics/pilot_120_v1/gold_v2_officialization_20260914/risk/leftover_pack/cards/CA-0007.json	1989	c77ece775ec024875242c72948340c2a115d620ccdd49a8ba083418816686e88
outputs/paper_writer_handoff_20260922/A_EVIDENCE_FOR_PAPER/03_gold_and_metrics/pilot_120_v1/gold_v2_officialization_20260914/risk/leftover_pack/cards/CA-0012.json	1850	cb1a26e331c537f41c0babf05d085f97218fcbcf6f6ca62e998867d7c0d0e582
outputs/paper_writer_handoff_20260922/A_EVIDENCE_FOR_PAPER/03_gold_and_metrics/pilot_120_v1/gold_v2_officialization_20260914/risk/leftover_pack/cards/CA-0029.json	1750	6ac8e252136f087ab314687b8155cfd9f74cd759a599732c3d1b7f558e883c4e
outputs/paper_writer_handoff_20260922/A_EVIDENCE_FOR_PAPER/03_gold_and_metrics/pilot_120_v1/gold_v2_officialization_20260914/risk/leftover_pack/cards/CA-0072.json	1715	537ee338bf0d03cf07ba72734eb26d3c0365215935341abff98a54d0c89295d4
outputs/paper_writer_handoff_20260922/A_EVIDENCE_FOR_PAPER/03_gold_and_metrics/pilot_120_v1/gold_v2_officialization_20260914/risk/leftover_pack/cards/CA-0083.json	1674	745272bd2a47e2ade2fb943ba06614d1c302b3565ae91db142f319610e2ac4fe
outputs/paper_writer_handoff_20260922/A_EVIDENCE_FOR_PAPER/03_gold_and_metrics/pilot_120_v1/gold_v2_officialization_20260914/risk/leftover_pack/cards/CA-0086.json	1942	5088415b55f20fcea61ce1053f4c2f29f963f83bda52ca622893e30f56fd42c5
outputs/paper_writer_handoff_20260922/A_EVIDENCE_FOR_PAPER/03_gold_and_metrics/pilot_120_v1/gold_v2_officialization_20260914/risk/leftover_pack/cards/CA-0105.json	1991	6112d8253b843cf9188e07606d4fcd80bae174e06177cad3cacbc886574373ab
outputs/paper_writer_handoff_20260922/A_EVIDENCE_FOR_PAPER/03_gold_and_metrics/pilot_120_v1/gold_v2_officialization_20260914/risk/leftover_pack/cards/CA-0200.json	2190	beae93f82bedbfa227e3c0db5d1538f405f525ff226014110958c6dcbf17c516
outputs/paper_writer_handoff_20260922/A_EVIDENCE_FOR_PAPER/03_gold_and_metrics/pilot_120_v1/gold_v2_officialization_20260914/risk/leftover_pack/cards/CA-0253.json	1781	0f8eee9d00b3086c162b91d5088d86cc3aa3fdaff02a54aaa6c445f2a8ba3277
outputs/paper_writer_handoff_20260922/A_EVIDENCE_FOR_PAPER/03_gold_and_metrics/pilot_120_v1/gold_v2_officialization_20260914/risk/leftover_pack/cards/CA-0259.json	1483	90caa3f8195fe5aa007e58bcd98cf721cb8baa8ef515bd0392e626f62086390e
outputs/paper_writer_handoff_20260922/A_EVIDENCE_FOR_PAPER/03_gold_and_metrics/pilot_120_v1/gold_v2_officialization_20260914/risk/leftover_pack/cards/CA-0336.json	1563	d245d9b0699cd9a7a4765d069af1cb30b3ffba35f03da1468180805ed09431de
outputs/paper_writer_handoff_20260922/A_EVIDENCE_FOR_PAPER/03_gold_and_metrics/pilot_120_v1/gold_v2_officialization_20260914/risk/leftover_pack/cards/CA-0470.json	2029	d54ce9db1f0024de67ffa9890fb585ef83c7841cc488bcf43c1d5708832571fe
outputs/paper_writer_handoff_20260922/A_EVIDENCE_FOR_PAPER/03_gold_and_metrics/pilot_120_v1/gold_v2_officialization_20260914/risk/leftover_pack/cards/CA-0618.json	1579	8e643d47249cb63ed9803ccf1883031793430cfb5353763c8a098051be476aab
outputs/paper_writer_handoff_20260922/A_EVIDENCE_FOR_PAPER/03_gold_and_metrics/pilot_120_v1/gold_v2_officialization_20260914/risk/leftover_pack/cards/CA-0671.json	1830	66f611d30dccac1bd2a61bbda3e748b6390b612e5e41a0df54adeda0bf7c7635
outputs/paper_writer_handoff_20260922/A_EVIDENCE_FOR_PAPER/03_gold_and_metrics/pilot_120_v1/gold_v2_officialization_20260914/risk/leftover_pack/cards/CA-0679.json	1580	e5211cfd139eee43aa4851a763586ce5ac098485c97ed80bdb4e332ac05f3ab9
outputs/paper_writer_handoff_20260922/A_EVIDENCE_FOR_PAPER/03_gold_and_metrics/pilot_120_v1/gold_v2_officialization_20260914/risk/leftover_pack/cards/CA-0680.json	1789	fd072af39f15b5ac76a865960e06806fbd7c28584e10910b8cee7ccca569572d
outputs/paper_writer_handoff_20260922/A_EVIDENCE_FOR_PAPER/03_gold_and_metrics/pilot_120_v1/gold_v2_officialization_20260914/risk/leftover_pack/cards/CA-0805.json	1687	dba4c16af70dae3c541f7a9450b6cd7da7cece0985340839adfcbc51aebba772
outputs/paper_writer_handoff_20260922/A_EVIDENCE_FOR_PAPER/03_gold_and_metrics/pilot_120_v1/gold_v2_officialization_20260914/risk/leftover_pack/cards/CA-0845.json	1894	d4a7f8e30d7f1319b735bdd85ef0ee30749c8c0c5cbef3685f4dc1b70411cfcc
outputs/paper_writer_handoff_20260922/A_EVIDENCE_FOR_PAPER/03_gold_and_metrics/pilot_120_v1/gold_v2_officialization_20260914/risk/leftover_pack/LEFTOVER_INDEX.json	991	a8fa57f7b593f05cbf104fbdf57dfa511a3565b2df46f9ecca2344540d886b64
outputs/paper_writer_handoff_20260922/A_EVIDENCE_FOR_PAPER/03_gold_and_metrics/pilot_120_v1/gold_v2_officialization_20260914/risk/leftover_pack/leftover_worksheet.filled.jsonl	7996	44ab2e4968b555b61ba4ae09eb9f139a9e2bc9b44ffb21f92e8d20a31d0e1282
outputs/paper_writer_handoff_20260922/A_EVIDENCE_FOR_PAPER/03_gold_and_metrics/pilot_120_v1/gold_v2_officialization_20260914/risk/leftover_pack/leftover_worksheet.jsonl	3928	93d2a52a85d502abd52ebdb99c71c1abf06110a502def1f8c36ec38b14afbc89
outputs/paper_writer_handoff_20260922/A_EVIDENCE_FOR_PAPER/03_gold_and_metrics/pilot_120_v1/gold_v2_officialization_20260914/risk/leftover_pack/leftover_worksheet.smarter_agent.jsonl	7996	44ab2e4968b555b61ba4ae09eb9f139a9e2bc9b44ffb21f92e8d20a31d0e1282
outputs/paper_writer_handoff_20260922/A_EVIDENCE_FOR_PAPER/03_gold_and_metrics/pilot_120_v1/gold_v2_officialization_20260914/risk/leftover_pack/PROMPT.md	3672	f75bafad496a8a7ac743c1cf1325519043f2d4923861e0b272737c1d73b62ea7
outputs/paper_writer_handoff_20260922/A_EVIDENCE_FOR_PAPER/03_gold_and_metrics/pilot_120_v1/gold_v2_officialization_20260914/risk/leftover_pack/scale.md	170	18082d715d8f6643ab748e818573adda8afae930dca7f7de3dde6bec6bcca44e
outputs/paper_writer_handoff_20260922/A_EVIDENCE_FOR_PAPER/03_gold_and_metrics/pilot_120_v1/gold_v2_officialization_20260914/risk/pilot_120_gold_risk_official.jsonl	62643	9273fd41aeb4fd336e441977c73b6b17d7b1e6e4f87da86ad974aea878fe1ac7
outputs/paper_writer_handoff_20260922/A_EVIDENCE_FOR_PAPER/03_gold_and_metrics/pilot_120_v1/gold_v2_officialization_20260914/risk/pilot_120_gold_risk_provisional.jsonl	53526	feaccf77da9837c22242ef609d5940a205b1b2f18b831013c958b719a16a1ac6
outputs/paper_writer_handoff_20260922/A_EVIDENCE_FOR_PAPER/03_gold_and_metrics/pilot_120_v1/gold_v2_officialization_20260914/risk/RECORD_IDS.json	1685	d3cd4949cf7288eda93b4d688bce3c003d2a8320762c76d3c11d509a58e415e3
outputs/paper_writer_handoff_20260922/A_EVIDENCE_FOR_PAPER/03_gold_and_metrics/pilot_120_v1/gold_v2_officialization_20260914/wording/annotator_a_t41/CA-0007.json	488	592ec5c570f2f6d856da2a59f044ca60d297277dfb6fae7fb047f0b8f4416530
outputs/paper_writer_handoff_20260922/A_EVIDENCE_FOR_PAPER/03_gold_and_metrics/pilot_120_v1/gold_v2_officialization_20260914/wording/annotator_a_t41/CA-0056.json	492	08987e46b050500d6da1bbae36ad37abb42ce90adeeee05553053d949bc1c558
outputs/paper_writer_handoff_20260922/A_EVIDENCE_FOR_PAPER/03_gold_and_metrics/pilot_120_v1/gold_v2_officialization_20260914/wording/annotator_a_t41/CA-0070.json	409	15abd417957e89826941bc7593ef30e6fe25e1e9c082a94b738353f869ca5a21
outputs/paper_writer_handoff_20260922/A_EVIDENCE_FOR_PAPER/03_gold_and_metrics/pilot_120_v1/gold_v2_officialization_20260914/wording/annotator_a_t41/CA-0078.json	451	772c34673f6f8a91612bf1780bb5718dc4ca66812d04f0aff79806962f6bc349
outputs/paper_writer_handoff_20260922/A_EVIDENCE_FOR_PAPER/03_gold_and_metrics/pilot_120_v1/gold_v2_officialization_20260914/wording/annotator_a_t41/CA-0092.json	492	50b28bed70e165afa45acadf34a9f459f32e568d3f22f2dbbc6f2a9f4958fe54
outputs/paper_writer_handoff_20260922/A_EVIDENCE_FOR_PAPER/03_gold_and_metrics/pilot_120_v1/gold_v2_officialization_20260914/wording/annotator_a_t41/CA-0133.json	398	3d14884b61c5efa0d88db46d312b7bd9e8b4a4ffe5b33b267932e3cbe2606655
outputs/paper_writer_handoff_20260922/A_EVIDENCE_FOR_PAPER/03_gold_and_metrics/pilot_120_v1/gold_v2_officialization_20260914/wording/annotator_a_t41/CA-0215.json	401	1ef0f932ed285ad674503f98f757cf0ba872bc418a1e862aa424ea61806cb166
outputs/paper_writer_handoff_20260922/A_EVIDENCE_FOR_PAPER/03_gold_and_metrics/pilot_120_v1/gold_v2_officialization_20260914/wording/annotator_a_t41/CA-0225.json	401	f2b8c8ff77a8cf82a8e28ea3ca75bbbdaeac009890dca7ce261a52587f702960
outputs/paper_writer_handoff_20260922/A_EVIDENCE_FOR_PAPER/03_gold_and_metrics/pilot_120_v1/gold_v2_officialization_20260914/wording/annotator_a_t41/CA-0394.json	481	11e282e6f6dbc04893b479113e8e8f5a0d50071c438b67ca8427d289a09a11be
outputs/paper_writer_handoff_20260922/A_EVIDENCE_FOR_PAPER/03_gold_and_metrics/pilot_120_v1/gold_v2_officialization_20260914/wording/annotator_a_t41/CA-0512.json	485	89903b747f60b9e19b253303c1f3d679d77840b2ba42633796623126c4ded07b
outputs/paper_writer_handoff_20260922/A_EVIDENCE_FOR_PAPER/03_gold_and_metrics/pilot_120_v1/gold_v2_officialization_20260914/wording/annotator_a_t41/CA-0552.json	415	b97ebafb0c024aff47c85c2d3f9b88aae506aefa0a92ebbdea60f27794688a1f
outputs/paper_writer_handoff_20260922/A_EVIDENCE_FOR_PAPER/03_gold_and_metrics/pilot_120_v1/gold_v2_officialization_20260914/wording/annotator_a_t41/CA-0608.json	398	4a2e1228ad416dde1cf54130a15d5b9adbc4f388162db579c159b746b2ce5a67
outputs/paper_writer_handoff_20260922/A_EVIDENCE_FOR_PAPER/03_gold_and_metrics/pilot_120_v1/gold_v2_officialization_20260914/wording/annotator_a_t41/CA-0671.json	473	b0d873d0b1f1269dc37ab08f86be4f4d32826ac127d9ed6564d0b0965a7cddaa
outputs/paper_writer_handoff_20260922/A_EVIDENCE_FOR_PAPER/03_gold_and_metrics/pilot_120_v1/gold_v2_officialization_20260914/wording/annotator_a_t41/CA-0714.json	411	755b2175cbf85a1be6243f5c75f126e7f1eb6fa6eb378b6eb16d7c40dbc6fb8b
outputs/paper_writer_handoff_20260922/A_EVIDENCE_FOR_PAPER/03_gold_and_metrics/pilot_120_v1/gold_v2_officialization_20260914/wording/annotator_a_t41/CA-0727.json	414	45bbb4955d1b7967ba7a7429cf460ed1c6ae73bebfe500f90643f8273fc83e87
outputs/paper_writer_handoff_20260922/A_EVIDENCE_FOR_PAPER/03_gold_and_metrics/pilot_120_v1/gold_v2_officialization_20260914/wording/annotator_a_t41/CA-0735.json	473	97d55326ea86cbdf327bc74b02046c7c9af036b60ba3856e1adc4524e065e729
outputs/paper_writer_handoff_20260922/A_EVIDENCE_FOR_PAPER/03_gold_and_metrics/pilot_120_v1/gold_v2_officialization_20260914/wording/annotator_a_t41/CA-0762.json	401	33726aaed2ec0121af68f07558ca7afd965a8132a636ab0114fe5469febacb54
outputs/paper_writer_handoff_20260922/A_EVIDENCE_FOR_PAPER/03_gold_and_metrics/pilot_120_v1/gold_v2_officialization_20260914/wording/annotator_a_t41/CA-0786.json	408	436be23cb8e29d01331bf1911af974247fdc93564aa8ef7aec8c5415e6abb478
outputs/paper_writer_handoff_20260922/A_EVIDENCE_FOR_PAPER/03_gold_and_metrics/pilot_120_v1/gold_v2_officialization_20260914/wording/annotator_a_t41/CA-0798.json	398	cf3fac89a403813aff4c505d077e7f0763417399fe9393703f20f077c2bbb115
outputs/paper_writer_handoff_20260922/A_EVIDENCE_FOR_PAPER/03_gold_and_metrics/pilot_120_v1/gold_v2_officialization_20260914/wording/annotator_a_t41/CA-0836.json	467	b07d2434de0a9f72a71f5d6f3bf5d5da4850752827da8cc23037938157764ed2
outputs/paper_writer_handoff_20260922/A_EVIDENCE_FOR_PAPER/03_gold_and_metrics/pilot_120_v1/gold_v2_officialization_20260914/wording/annotator_a_t41/CA-0845.json	473	0b321de055fc3def9a4d082e8912ee37216f37ba05698675072460c9d6b5fe92
outputs/paper_writer_handoff_20260922/A_EVIDENCE_FOR_PAPER/03_gold_and_metrics/pilot_120_v1/gold_v2_officialization_20260914/wording/annotator_a_t41/CA-0878.json	481	e77944c4055806c44677e2a67f0729758497f5bcdf858e6478dfc73fb2061f5e
outputs/paper_writer_handoff_20260922/A_EVIDENCE_FOR_PAPER/03_gold_and_metrics/pilot_120_v1/gold_v2_officialization_20260914/wording/annotator_a_t41/CA-0889.json	398	8a59c66d80944de2d485e1ea381f535f0f951d81d49df2038a3625712645f1be
outputs/paper_writer_handoff_20260922/A_EVIDENCE_FOR_PAPER/03_gold_and_metrics/pilot_120_v1/gold_v2_officialization_20260914/wording/annotator_b_grok/CA-0007.json	724	26a714d3d1aa88d20f200b0aceccb8d078defa1a940433544614e5057feabb24
outputs/paper_writer_handoff_20260922/A_EVIDENCE_FOR_PAPER/03_gold_and_metrics/pilot_120_v1/gold_v2_officialization_20260914/wording/annotator_b_grok/CA-0056.json	782	7cc9416e59ad11c878dd47cb029c9f9f7653ef520180ad950f53306cfe976cf2
outputs/paper_writer_handoff_20260922/A_EVIDENCE_FOR_PAPER/03_gold_and_metrics/pilot_120_v1/gold_v2_officialization_20260914/wording/annotator_b_grok/CA-0070.json	771	59cea72b44d2a3a8df9933e21cf7785518944b05d5976333bf1f2c4dc6e9fdd5
outputs/paper_writer_handoff_20260922/A_EVIDENCE_FOR_PAPER/03_gold_and_metrics/pilot_120_v1/gold_v2_officialization_20260914/wording/annotator_b_grok/CA-0078.json	804	3f6a3984049653b97a57bb0f06c769382958ea30ac3c5c90bf206c712dd1a68b
outputs/paper_writer_handoff_20260922/A_EVIDENCE_FOR_PAPER/03_gold_and_metrics/pilot_120_v1/gold_v2_officialization_20260914/wording/annotator_b_grok/CA-0092.json	813	bb65460c49c17ef128733834bb4afad5bdfb07f1fdbb0885d0c34d6413cd54f2
outputs/paper_writer_handoff_20260922/A_EVIDENCE_FOR_PAPER/03_gold_and_metrics/pilot_120_v1/gold_v2_officialization_20260914/wording/annotator_b_grok/CA-0133.json	750	bf95efaac8926cd458d296cad49a7ce7021b1e1d6defab5269e09d020ecb1b8a
outputs/paper_writer_handoff_20260922/A_EVIDENCE_FOR_PAPER/03_gold_and_metrics/pilot_120_v1/gold_v2_officialization_20260914/wording/annotator_b_grok/CA-0215.json	810	c425be2f7d66ee70e7f3cf01b15f374378d216dcf1b8f31708e6fefd1dfee5d5
outputs/paper_writer_handoff_20260922/A_EVIDENCE_FOR_PAPER/03_gold_and_metrics/pilot_120_v1/gold_v2_officialization_20260914/wording/annotator_b_grok/CA-0225.json	803	724630024cae91f425068dfdf5d19728daccfdfe4dc9dd33d92018910b772f12
outputs/paper_writer_handoff_20260922/A_EVIDENCE_FOR_PAPER/03_gold_and_metrics/pilot_120_v1/gold_v2_officialization_20260914/wording/annotator_b_grok/CA-0394.json	636	f085b053849f8f3daf23822daa320e90448c928dc1dc7b1d13f4d3220e1feefc
outputs/paper_writer_handoff_20260922/A_EVIDENCE_FOR_PAPER/03_gold_and_metrics/pilot_120_v1/gold_v2_officialization_20260914/wording/annotator_b_grok/CA-0512.json	716	2c4c0cd1b9a1d6d2f7ff0c805f1dfd7ea624c87f8d0c40c6d602dfa1aaaa97bc
outputs/paper_writer_handoff_20260922/A_EVIDENCE_FOR_PAPER/03_gold_and_metrics/pilot_120_v1/gold_v2_officialization_20260914/wording/annotator_b_grok/CA-0552.json	644	b00de2451013d14e751606cc3596e33db4fa82c874a69cbefd374aff8baacb36
outputs/paper_writer_handoff_20260922/A_EVIDENCE_FOR_PAPER/03_gold_and_metrics/pilot_120_v1/gold_v2_officialization_20260914/wording/annotator_b_grok/CA-0608.json	629	278759193b21287d3ef1b110259a8e261f0b79825abb292ed1334fc0370970ce
outputs/paper_writer_handoff_20260922/A_EVIDENCE_FOR_PAPER/03_gold_and_metrics/pilot_120_v1/gold_v2_officialization_20260914/wording/annotator_b_grok/CA-0671.json	782	ea40a24c97322513b75959bfc64763dba2aa90dad2a51915edf6923eafb595cc
outputs/paper_writer_handoff_20260922/A_EVIDENCE_FOR_PAPER/03_gold_and_metrics/pilot_120_v1/gold_v2_officialization_20260914/wording/annotator_b_grok/CA-0714.json	631	07eff2237c79976fdc2e70e12e23ccfd75c8fa9759f41927e59b619881413004
outputs/paper_writer_handoff_20260922/A_EVIDENCE_FOR_PAPER/03_gold_and_metrics/pilot_120_v1/gold_v2_officialization_20260914/wording/annotator_b_grok/CA-0727.json	718	abd368bc560ee52e6fb1c5bd4843e95d2fe5a7baee6a0a41ec4c512e77314028
outputs/paper_writer_handoff_20260922/A_EVIDENCE_FOR_PAPER/03_gold_and_metrics/pilot_120_v1/gold_v2_officialization_20260914/wording/annotator_b_grok/CA-0735.json	613	92a70f3f5fb5ca67e9247e61701d237957d5350e70b08e2634dbda70530a187d
outputs/paper_writer_handoff_20260922/A_EVIDENCE_FOR_PAPER/03_gold_and_metrics/pilot_120_v1/gold_v2_officialization_20260914/wording/annotator_b_grok/CA-0762.json	826	baa5a3c9528e36bacd4668d56d96f3aace689156f9fd9f56b8464bd2e05e433b
outputs/paper_writer_handoff_20260922/A_EVIDENCE_FOR_PAPER/03_gold_and_metrics/pilot_120_v1/gold_v2_officialization_20260914/wording/annotator_b_grok/CA-0786.json	677	07d1830db64c2717ed145c90a8533d837bcd0db11ae56b529a3a748184f5fe59
outputs/paper_writer_handoff_20260922/A_EVIDENCE_FOR_PAPER/03_gold_and_metrics/pilot_120_v1/gold_v2_officialization_20260914/wording/annotator_b_grok/CA-0798.json	578	daca79484f25afd6ea04ce17857944cdc02e524a0dbe8265feacab920d7d6778
outputs/paper_writer_handoff_20260922/A_EVIDENCE_FOR_PAPER/03_gold_and_metrics/pilot_120_v1/gold_v2_officialization_20260914/wording/annotator_b_grok/CA-0836.json	646	af64795b5f4d899e27535703dfe84c1cfffc3e05ea085272d2dc5148177fc4ce
outputs/paper_writer_handoff_20260922/A_EVIDENCE_FOR_PAPER/03_gold_and_metrics/pilot_120_v1/gold_v2_officialization_20260914/wording/annotator_b_grok/CA-0845.json	728	353ad8341e53a027877400ff0feb15f0fefc1de77917d1e51647db904ae2c80f
outputs/paper_writer_handoff_20260922/A_EVIDENCE_FOR_PAPER/03_gold_and_metrics/pilot_120_v1/gold_v2_officialization_20260914/wording/annotator_b_grok/CA-0878.json	773	27d20f3617c394adb5bef62c2f5004c8f2c7d86f631f8a0227279d6c081b890e
outputs/paper_writer_handoff_20260922/A_EVIDENCE_FOR_PAPER/03_gold_and_metrics/pilot_120_v1/gold_v2_officialization_20260914/wording/annotator_b_grok/CA-0889.json	639	1adf050beff56a66cff7f7fac15db067ba8b7a5df25271521545bf2aa42135bf
outputs/paper_writer_handoff_20260922/A_EVIDENCE_FOR_PAPER/03_gold_and_metrics/pilot_120_v1/gold_v2_officialization_20260914/wording/BRIEF.md	1172	eadea3915654bc63247e6db4f9db8b2e6f519d262c2a77306ccb863f24ff3e19
outputs/paper_writer_handoff_20260922/A_EVIDENCE_FOR_PAPER/03_gold_and_metrics/pilot_120_v1/gold_v2_officialization_20260914/wording/cards/CA-0007.json	1075	29c01483d2e7b534d2a618cd669b6e5b79b0c8766b6d18094bc3ec7941b81468
outputs/paper_writer_handoff_20260922/A_EVIDENCE_FOR_PAPER/03_gold_and_metrics/pilot_120_v1/gold_v2_officialization_20260914/wording/cards/CA-0056.json	1186	0b9e87ded25b18c18ed4bb168d3f92d81c1d2c1ff90b29b637ea96bf3a79a0e0
outputs/paper_writer_handoff_20260922/A_EVIDENCE_FOR_PAPER/03_gold_and_metrics/pilot_120_v1/gold_v2_officialization_20260914/wording/cards/CA-0070.json	871	e319227145dd09db63faaaace1c5356bab640912ea03da648d81752eab9b8e33
outputs/paper_writer_handoff_20260922/A_EVIDENCE_FOR_PAPER/03_gold_and_metrics/pilot_120_v1/gold_v2_officialization_20260914/wording/cards/CA-0078.json	1072	c319f2b157c22288f33724332d7173901701a260b9f9acf94470dcdf9982eafa
outputs/paper_writer_handoff_20260922/A_EVIDENCE_FOR_PAPER/03_gold_and_metrics/pilot_120_v1/gold_v2_officialization_20260914/wording/cards/CA-0092.json	1070	87deaa60a4881bad0461e127a44c1dcc8b047d8330b38da2de13b2e7f7e81e56
outputs/paper_writer_handoff_20260922/A_EVIDENCE_FOR_PAPER/03_gold_and_metrics/pilot_120_v1/gold_v2_officialization_20260914/wording/cards/CA-0133.json	1090	a85f8650859ef276c2e9754bf458314fb6166006a463b4e4c148049f3b391306
outputs/paper_writer_handoff_20260922/A_EVIDENCE_FOR_PAPER/03_gold_and_metrics/pilot_120_v1/gold_v2_officialization_20260914/wording/cards/CA-0215.json	849	45eb79ad442673ea1044e54c15812a68ab8a9b9610f286224d1da1d43b7a6170
outputs/paper_writer_handoff_20260922/A_EVIDENCE_FOR_PAPER/03_gold_and_metrics/pilot_120_v1/gold_v2_officialization_20260914/wording/cards/CA-0225.json	837	9b35ce48fdae1ff2b41cdeda16ec616dd7088fa6412bfb9b44fdd8d2c1edc65a
outputs/paper_writer_handoff_20260922/A_EVIDENCE_FOR_PAPER/03_gold_and_metrics/pilot_120_v1/gold_v2_officialization_20260914/wording/cards/CA-0394.json	1019	de808e83eb194f6c7ca7de3dd552079b4334809eb8c31ac020bbe9d293a2ac58
outputs/paper_writer_handoff_20260922/A_EVIDENCE_FOR_PAPER/03_gold_and_metrics/pilot_120_v1/gold_v2_officialization_20260914/wording/cards/CA-0512.json	1120	e602f3772bbc3fe3fb0df82603e4d925c76cd8f4ac937e334cd6145f6fcdbe20
outputs/paper_writer_handoff_20260922/A_EVIDENCE_FOR_PAPER/03_gold_and_metrics/pilot_120_v1/gold_v2_officialization_20260914/wording/cards/CA-0552.json	964	8bc1542f9b720df859846d9dcba4886812c0c6ca22a04ae00505e2afc6180c77
outputs/paper_writer_handoff_20260922/A_EVIDENCE_FOR_PAPER/03_gold_and_metrics/pilot_120_v1/gold_v2_officialization_20260914/wording/cards/CA-0608.json	1135	a9a0cf52f4c2162b68ef6a17a77cad051b4ac88f30972153d4bd589e9f3afcf5
outputs/paper_writer_handoff_20260922/A_EVIDENCE_FOR_PAPER/03_gold_and_metrics/pilot_120_v1/gold_v2_officialization_20260914/wording/cards/CA-0671.json	1106	d7bb871ab6c34ecafba8d20ab48bcc85a4c673b5975c2d0f4386f6693e958380
outputs/paper_writer_handoff_20260922/A_EVIDENCE_FOR_PAPER/03_gold_and_metrics/pilot_120_v1/gold_v2_officialization_20260914/wording/cards/CA-0714.json	948	6db3ae4428b6b83c23c81e95ed3ba9133114d96d1a241dcc0b77874b14195162
outputs/paper_writer_handoff_20260922/A_EVIDENCE_FOR_PAPER/03_gold_and_metrics/pilot_120_v1/gold_v2_officialization_20260914/wording/cards/CA-0727.json	869	f0c4daf68aee3f6f5838541a352eb610e70aff0220befbb1d94b640e56609f8c
outputs/paper_writer_handoff_20260922/A_EVIDENCE_FOR_PAPER/03_gold_and_metrics/pilot_120_v1/gold_v2_officialization_20260914/wording/cards/CA-0735.json	987	8575e8af4cf772eb4c9235ccfa384557f60fdd7a594139de4d7179befc118c8d
outputs/paper_writer_handoff_20260922/A_EVIDENCE_FOR_PAPER/03_gold_and_metrics/pilot_120_v1/gold_v2_officialization_20260914/wording/cards/CA-0762.json	944	56b812da1d31a3a7b131ffb40d7a1190fedb63aea1ac8f3f6bc7b1c20f5e18f7
outputs/paper_writer_handoff_20260922/A_EVIDENCE_FOR_PAPER/03_gold_and_metrics/pilot_120_v1/gold_v2_officialization_20260914/wording/cards/CA-0786.json	801	4ba80e2e00a2ae8046011e64d9d57817042191a8258dd2f7594dab5b2d31fba9
outputs/paper_writer_handoff_20260922/A_EVIDENCE_FOR_PAPER/03_gold_and_metrics/pilot_120_v1/gold_v2_officialization_20260914/wording/cards/CA-0798.json	1171	5f5b2e980029405867601cf7cdd49ca2f3cc641747024143c4641873248ed811
outputs/paper_writer_handoff_20260922/A_EVIDENCE_FOR_PAPER/03_gold_and_metrics/pilot_120_v1/gold_v2_officialization_20260914/wording/cards/CA-0836.json	971	c047c39c04d8fbc2a0aa6290b1537f11b4689443b1e392790228cc42d303079a
outputs/paper_writer_handoff_20260922/A_EVIDENCE_FOR_PAPER/03_gold_and_metrics/pilot_120_v1/gold_v2_officialization_20260914/wording/cards/CA-0845.json	1161	7667388d7aa76f51f34db510dfa8817a28c4e65df1a33c96d65a91d50daa66a1
outputs/paper_writer_handoff_20260922/A_EVIDENCE_FOR_PAPER/03_gold_and_metrics/pilot_120_v1/gold_v2_officialization_20260914/wording/cards/CA-0878.json	1130	e90262fd312dfc82be83bbbe5b25bc5a057e9c5e2b98d32ee7e0b769919875ca
outputs/paper_writer_handoff_20260922/A_EVIDENCE_FOR_PAPER/03_gold_and_metrics/pilot_120_v1/gold_v2_officialization_20260914/wording/cards/CA-0889.json	1172	1c962112a005c5c4cdfd407bf5829cfe19d17b1709edce04a9a9080d417f5366
outputs/paper_writer_handoff_20260922/A_EVIDENCE_FOR_PAPER/03_gold_and_metrics/pilot_120_v1/gold_v2_officialization_20260914/wording/compare_ab.json	18075	dbeaf05603f6b37b2a4f9a8dc80f2ac9863fd7a7ed2c1640b799bae1f3f4c462
outputs/paper_writer_handoff_20260922/A_EVIDENCE_FOR_PAPER/03_gold_and_metrics/pilot_120_v1/gold_v2_officialization_20260914/wording/pack1.json	8179	19bc2bdff8b8b1ded3dc0bde15488a3649045f4d79e5f9e77883b869e9ed5754
outputs/paper_writer_handoff_20260922/A_EVIDENCE_FOR_PAPER/03_gold_and_metrics/pilot_120_v1/gold_v2_officialization_20260914/wording/pack2.json	8305	f1ad24532d6ed141eb5089ad7ca5f08db07b5ddcb4e517eaa3ba2971d0932450
outputs/paper_writer_handoff_20260922/A_EVIDENCE_FOR_PAPER/03_gold_and_metrics/pilot_120_v1/gold_v2_officialization_20260914/wording/pack3.json	7468	1af3f7cbddc28ba11a734b5e5f74dbe33c27ab743065a47d8829376ef37c22ec
outputs/paper_writer_handoff_20260922/A_EVIDENCE_FOR_PAPER/03_gold_and_metrics/pilot_120_v1/gold_v2_officialization_20260914/wording/pilot_120_gold_wording_official.jsonl	18194	f712e23b1ef9c5083df732b4b1c3d48bf808635688fc5de633dcc92a617a5452
outputs/paper_writer_handoff_20260922/A_EVIDENCE_FOR_PAPER/03_gold_and_metrics/pilot_120_v1/gold_v2_officialization_20260914/wording/RECORD_IDS.json	327	a5c45aed352f7c1b5a23030efecaf9522e07124c2ad2ea34977b4ab0e1b962cc
outputs/paper_writer_handoff_20260922/A_EVIDENCE_FOR_PAPER/03_gold_and_metrics/pilot_120_v1/pilot_120_cpc_merge_manifest.json	1300	ef25a07f2886e0c1b5e45e12ae5fc009bdcb7d373090b3d7c3fefa73dce1f65b
outputs/paper_writer_handoff_20260922/A_EVIDENCE_FOR_PAPER/03_gold_and_metrics/pilot_120_v1/pilot_120_final_gold.jsonl	168005	5e23ad1a92ff1873c8f039a8ce560a111dd6fb6b8ae8c11d6cf34dbfa1c360db
outputs/paper_writer_handoff_20260922/A_EVIDENCE_FOR_PAPER/03_gold_and_metrics/pilot_120_v1/pilot_120_final_gold_with_cpc.jsonl	350098	4e9fdb78694c0bb29d1ab467052e5377d51eea1b455de51660b430fe1496fcbd
outputs/paper_writer_handoff_20260922/A_EVIDENCE_FOR_PAPER/03_gold_and_metrics/pilot_120_v1/pilot_120_gold_cpc_official.jsonl	233899	ab990cbaf32967390adf59cf860a159c5461c1c0f6dba07d0eb2ce989a7beee7
outputs/paper_writer_handoff_20260922/A_EVIDENCE_FOR_PAPER/03_gold_and_metrics/pilot_120_v1/pilot_120_gold_cpc_official.manifest.json	1944	89b65c30b0df92677440fd1066b0414e322782ec5511de093ea684d31036ab1d
outputs/paper_writer_handoff_20260922/A_EVIDENCE_FOR_PAPER/03_gold_and_metrics/pilot_120_v1/pilot_120_gold_risk_official.jsonl	62643	9273fd41aeb4fd336e441977c73b6b17d7b1e6e4f87da86ad974aea878fe1ac7
outputs/paper_writer_handoff_20260922/A_EVIDENCE_FOR_PAPER/03_gold_and_metrics/pilot_120_v1/pilot_120_gold_risk_official.manifest.json	1216	fd5171ffef44fe7e5f16e39a528d8aaf99f0d5073e8b64fb28fee697fd72f038
outputs/paper_writer_handoff_20260922/A_EVIDENCE_FOR_PAPER/03_gold_and_metrics/pilot_120_v1/pilot_120_gold_wording_official.jsonl	18194	f712e23b1ef9c5083df732b4b1c3d48bf808635688fc5de633dcc92a617a5452
outputs/paper_writer_handoff_20260922/A_EVIDENCE_FOR_PAPER/03_gold_and_metrics/pilot_120_v1/pilot_120_gold_wording_official.manifest.json	826	bc789e4ea5a9f4eb998334bd12dd68a79f514416865e80da1dedfa449a1a771f
outputs/paper_writer_handoff_20260922/A_EVIDENCE_FOR_PAPER/03_gold_and_metrics/pilot_120_v1/pilot_120_risk_inventory_20260913.json	827	8a835401de7045102a424090af52206577d78b9ab3dfdc13b261ae9a03c563fd
outputs/paper_writer_handoff_20260922/A_EVIDENCE_FOR_PAPER/03_gold_and_metrics/pilot_120_v1/PREFLIGHT.json	2342	3577ddfc5513c99d19c1c7ff828991e09a85cda4a45f6a322387720109c0e3c2
outputs/paper_writer_handoff_20260922/A_EVIDENCE_FOR_PAPER/03_gold_and_metrics/pilot_120_v1/README_CPC_MERGE.md	538	a7ff47082d845928b2236fc85b497a71b6b1fd5517189af04088c30b69154eb8
outputs/paper_writer_handoff_20260922/A_EVIDENCE_FOR_PAPER/03_gold_and_metrics/pilot_120_v1/source_canonical.json	121184	e624edd63673289b23662740822f98c3463ef1d6c66e669d2276bd79817b40fa
outputs/paper_writer_handoff_20260922/A_EVIDENCE_FOR_PAPER/03_gold_and_metrics/pilot_120_v1/source_canonical.jsonl	116343	f33b1e29f1e8aa256a475f07213aa07247def47d8e2148d54a472a40b71b05c9
outputs/paper_writer_handoff_20260922/A_EVIDENCE_FOR_PAPER/03_gold_and_metrics/pilot_120_v1/SOURCE_PROVENANCE.json	2704	eb38770aaf3b851bded082fa50b33ac7c843e23139a5ecf6105fabf45c8759d8
outputs/paper_writer_handoff_20260922/A_EVIDENCE_FOR_PAPER/03_gold_and_metrics/pilot_120_v1/STATUS.json	10487	75a1ef3f82fd3672a7ab8321430e812b0d25834612da526d6194835e84691b3b
outputs/paper_writer_handoff_20260922/A_EVIDENCE_FOR_PAPER/03_gold_and_metrics/protocol_and_freeze/FROZEN_MANIFEST.json	6091	c61489101bfbc6cf0222538107abd272b50ce59c2f2a4292e95773f686d60230
outputs/paper_writer_handoff_20260922/A_EVIDENCE_FOR_PAPER/03_gold_and_metrics/protocol_and_freeze/pilot_120_v1_eval_config.json	1420	d9607f6477e54be017cca52ff95d79f8f8d90328be78c8dd1063f1b87242bd38
outputs/paper_writer_handoff_20260922/A_EVIDENCE_FOR_PAPER/03_gold_and_metrics/protocol_and_freeze/route_precedence_v1.json	2419	5b3d4bfa8d660262e0120ba6e420a9fda8bca5dec04950339aeb3f86111c9e0e
outputs/paper_writer_handoff_20260922/A_EVIDENCE_FOR_PAPER/03_gold_and_metrics/protocol_and_freeze/subset_manifest.json	2120	60c8247c867c27ea67c6bb28f1a566df94db839a72df8a1a8e80b85e5d9d6a69
outputs/paper_writer_handoff_20260922/A_EVIDENCE_FOR_PAPER/04_results_narrative/01-abstract.md	5069	c96319a9942d15e92452afbae8a661183f55c4bae90a94112cfe0479cabd5c41
outputs/paper_writer_handoff_20260922/A_EVIDENCE_FOR_PAPER/04_results_narrative/06-results.md	28240	a3fa5dfb1602d647d8433f95f21c19610be68f96369fb703a6786c73f5c622cb
outputs/paper_writer_handoff_20260922/A_EVIDENCE_FOR_PAPER/04_results_narrative/07-conclusion.md	3362	f5b6ae11008ddeadd0347df58d10a11f43b59a30d5151d7075a23370a24c8128
outputs/paper_writer_handoff_20260922/A_EVIDENCE_FOR_PAPER/04_results_narrative/08-references.md	3690	dfc840f315784c2e4663e7eae3d813ae589aee4bd27b02d6b3212a56760716db
outputs/paper_writer_handoff_20260922/A_EVIDENCE_FOR_PAPER/04_results_narrative/10-cluster-results-status.md	16734	898de931cf2d8e10862d909307eda9403eeccfda8e671985f8e530045bae10fc
outputs/paper_writer_handoff_20260922/A_EVIDENCE_FOR_PAPER/04_results_narrative/11-temperature-evidence-brief.md	14984	101cc5b1a67ffbbfe0da4db25260aef1900e69bd717c61529487e08260d3730d
outputs/paper_writer_handoff_20260922/A_EVIDENCE_FOR_PAPER/04_results_narrative/12-capability-rescue-paper-note.md	5665	cbfbda221bc389eed2a6b423737b014ea936e62e728c14c7782c2a261451d826
outputs/paper_writer_handoff_20260922/A_EVIDENCE_FOR_PAPER/04_results_narrative/13-paper-contribution-highlights.md	2756	bd9ff69759f06a51f9866e6873e9fd2d72005670bfc2b36c235913dbd01dff62
outputs/paper_writer_handoff_20260922/A_EVIDENCE_FOR_PAPER/04_results_narrative/99-work-state-checkpoint.md	10547	0d22299dc54b5da50c68bf8d16977204c8f9cdf57652b005694045b1d2ead5d9
outputs/paper_writer_handoff_20260922/A_EVIDENCE_FOR_PAPER/05_mechanism_audits/00-start-here.md	7598	7bb6081784dc0ddfc7595118a71635280db075aee68f97ad320801a550201027
outputs/paper_writer_handoff_20260922/A_EVIDENCE_FOR_PAPER/05_mechanism_audits/03-replicas.md	8379	31b19eefec2c4ad379b0c60e06c1961865f68ac3857f4081663fa2caa40ee8d7
outputs/paper_writer_handoff_20260922/A_EVIDENCE_FOR_PAPER/05_mechanism_audits/04-the-62-overasks.md	5426	fae22354147e9306e9bffebf89cc7e1967f5992d64ce3db1b911271835f46dc8
outputs/paper_writer_handoff_20260922/A_EVIDENCE_FOR_PAPER/05_mechanism_audits/05-who-understood.md	5937	6e0ccfbd26ec2b831f613b08fd184b02c598cc17cfbbdcda697abd19c313dc59
outputs/paper_writer_handoff_20260922/A_EVIDENCE_FOR_PAPER/05_mechanism_audits/06-the-eight-writing-misses.md	10067	ba4afac867de0b87a8bd7f089c5022158579aecf7eec31651f80232d07ce52cf
outputs/paper_writer_handoff_20260922/A_EVIDENCE_FOR_PAPER/05_mechanism_audits/07-secondary-metrics.md	6630	44f4469d00c64f7a691cbaabe9d38ed668ac06ab71685a75dc42b19498543919
outputs/paper_writer_handoff_20260922/A_EVIDENCE_FOR_PAPER/05_mechanism_audits/09-verdict.md	2361	3efdc6fd0497755dfaf15f04e20c531abaf7b330f55e570c941b834a0fafc6b8
outputs/paper_writer_handoff_20260922/A_EVIDENCE_FOR_PAPER/05_mechanism_audits/10-capability-audit.md	20221	55b56ce311353d14784db5141a7b33987799ea8587e600aec98fcc310b9a6294
outputs/paper_writer_handoff_20260922/A_EVIDENCE_FOR_PAPER/05_mechanism_audits/11-ambiguity-why-so-low.md	15658	3af21f242305b2e4cb83f3c63f8abd8d490632ce0691ed191f3101768cdfb75d
outputs/paper_writer_handoff_20260922/A_EVIDENCE_FOR_PAPER/05_mechanism_audits/15-the-10-unsafe.md	6235	6f81049baf889c7b10af2575c1c0366b1c1010e8b50f61372799748c6942195e
outputs/paper_writer_handoff_20260922/A_EVIDENCE_FOR_PAPER/05_mechanism_audits/16-hole-plugs.md	4225	38df39c5534515c7a0e67e839c515cd9882103e702b821889aa7b9fec8061ec9
outputs/paper_writer_handoff_20260922/A_EVIDENCE_FOR_PAPER/05_mechanism_audits/18-why-wording-and-cpc-look-tiny.md	6866	ac28a507270a2a64b66afdad624036d874fbca09ab36e25558a1fbfbc9b85fd0
outputs/paper_writer_handoff_20260922/A_EVIDENCE_FOR_PAPER/05_mechanism_audits/19-sprint-rescue-capability-ambiguity-20260918.md	9767	1f14e38d5540309f2819ae43c5dd523ed4eecf83696a8ab621d9e93867e5100b
outputs/paper_writer_handoff_20260922/A_EVIDENCE_FOR_PAPER/05_mechanism_audits/20-field-rescue-audit-20260918.md	6325	adf8900d7f572a261d01817cca74e4cf54ac9b65b7f0690b7d4cbdcfa33e9157
outputs/paper_writer_handoff_20260922/A_EVIDENCE_FOR_PAPER/05_mechanism_audits/21-clarify-cpc-latency-20260918.md	6673	c81d5f9bcaeb120775e1b8d0e2b6513ff4b9cadf1df1d4777d3f87d090d2bea7
outputs/paper_writer_handoff_20260922/A_EVIDENCE_FOR_PAPER/05_mechanism_audits/22-early-8b-vs-1p7b-T0.7.md	1332	b001d79477e4586fdcf4016cbfb194b4a5ffb81c40efd69aa624d755f593a563
outputs/paper_writer_handoff_20260922/A_EVIDENCE_FOR_PAPER/05_mechanism_audits/README.md	858	4c1c6c29ed6a1db69686e02b11c0f15df2e497f6a94df06be39a8d957dffa71a
outputs/paper_writer_handoff_20260922/A_EVIDENCE_FOR_PAPER/06_cases/_index.md	9023	8227f0086e123a4793ef01410550a495e1883f254cd69dffeb393b1ffd7c55cd
outputs/paper_writer_handoff_20260922/A_EVIDENCE_FOR_PAPER/06_cases/CA-0007.md	6186	74261005cd4b7ce48c696f0e6aca91bd80232eba1709ff41608f3183d772b95e
outputs/paper_writer_handoff_20260922/A_EVIDENCE_FOR_PAPER/06_cases/CA-0012.md	5617	b003812787f2590c05dbf03e639669b7e6bb2651d967909499490780d0b44150
outputs/paper_writer_handoff_20260922/A_EVIDENCE_FOR_PAPER/06_cases/CA-0021.md	5692	14ce5865e962121c5c2355866c8bb7c41165fdfd97740083513ea3cd46c2696a
outputs/paper_writer_handoff_20260922/A_EVIDENCE_FOR_PAPER/06_cases/CA-0026.md	5263	90999f01943748ba865435190bf9ee51c0568a35679544f9ea87d97f849f571e
outputs/paper_writer_handoff_20260922/A_EVIDENCE_FOR_PAPER/06_cases/CA-0029.md	6206	749c575850f545ff92d75a0632f44c8e766d0762d4737fff179342d045280d01
outputs/paper_writer_handoff_20260922/A_EVIDENCE_FOR_PAPER/06_cases/CA-0032.md	5534	721a7b0c3e909f3e1f08b8c275f469e876adeb7356ca70db8e3d96d6e98922a2
outputs/paper_writer_handoff_20260922/A_EVIDENCE_FOR_PAPER/06_cases/CA-0035.md	4824	def088f528fe2580d48b99047d55b28cc4728104f3585008faff51a8be01f83d
outputs/paper_writer_handoff_20260922/A_EVIDENCE_FOR_PAPER/06_cases/CA-0042.md	4917	a981a8a2c3cb1ba38aeba14967ad05cbc7101ed903355229d44147751b6778fc
outputs/paper_writer_handoff_20260922/A_EVIDENCE_FOR_PAPER/06_cases/CA-0056.md	5879	e0ef31c082344e3711d86761ff351e18707413eb02eb63f32faea670df47bcf7
outputs/paper_writer_handoff_20260922/A_EVIDENCE_FOR_PAPER/06_cases/CA-0058.md	5877	73b6a0b398e2906aa0870b7ab852f54f2517dc7242c77e519733b7889fdd3c77
outputs/paper_writer_handoff_20260922/A_EVIDENCE_FOR_PAPER/06_cases/CA-0063.md	5735	1f4112bf94df4f705cb6639b2115162090f18256b4cce0f3be1475fd155fbd37
outputs/paper_writer_handoff_20260922/A_EVIDENCE_FOR_PAPER/06_cases/CA-0070.md	5366	b6b4ba0643107c761f1b9a5e2001e71d6ca91dbf94026899b17f6127c52ca380
outputs/paper_writer_handoff_20260922/A_EVIDENCE_FOR_PAPER/06_cases/CA-0072.md	4942	d7e6c38342b4e6904360b79a193b3bc8caeacb0268f16c528f396fe2d3414f9d
outputs/paper_writer_handoff_20260922/A_EVIDENCE_FOR_PAPER/06_cases/CA-0078.md	5275	0c0421afe791e262ccdfd705778f35c10e4a8375affe03ab1696d9187331d050
outputs/paper_writer_handoff_20260922/A_EVIDENCE_FOR_PAPER/06_cases/CA-0083.md	5329	29199fa66831fd9312235a590ed3af1e39e9a8f58e9f18ef5d7b3581e108f340
outputs/paper_writer_handoff_20260922/A_EVIDENCE_FOR_PAPER/06_cases/CA-0086.md	5899	73e851015c29226ff34328dcc52c448e0a08567a4cb704dd5fd181308cd5edc6
outputs/paper_writer_handoff_20260922/A_EVIDENCE_FOR_PAPER/06_cases/CA-0092.md	6520	408826e1e1505b1b7de4b9c7827b466f2ce067e54e3450dac0febfc4f292d09d
outputs/paper_writer_handoff_20260922/A_EVIDENCE_FOR_PAPER/06_cases/CA-0105.md	6228	ddc782dbac96698e23eda45761c8f385b68b026d42c65d19c7d04049ef62f620
outputs/paper_writer_handoff_20260922/A_EVIDENCE_FOR_PAPER/06_cases/CA-0133.md	6635	2fe0833f1d8c665ade9f97fe2240ff6a96aaf6678914c139edbd19a9c15c0b13
outputs/paper_writer_handoff_20260922/A_EVIDENCE_FOR_PAPER/06_cases/CA-0149.md	6239	fcca6cbe6babc0ee7ca592bd1a867b28fc06c272b4a9545ba9326f4dba618eaa
outputs/paper_writer_handoff_20260922/A_EVIDENCE_FOR_PAPER/06_cases/CA-0158.md	5323	78dcd607f919d73ea042e6fa618f3e5bc400bcca4c5087649b78d3caf80fa14c
outputs/paper_writer_handoff_20260922/A_EVIDENCE_FOR_PAPER/06_cases/CA-0163.md	5205	43bce7cf16c9e5df80ba38c63fe9085cbb36b5ea49fc7f338ac19e57a86a935c
outputs/paper_writer_handoff_20260922/A_EVIDENCE_FOR_PAPER/06_cases/CA-0197.md	5841	eaafb99055283ab4d970d5d7ff89b215469e0b96ae28b0a9eac78db13de4b15f
outputs/paper_writer_handoff_20260922/A_EVIDENCE_FOR_PAPER/06_cases/CA-0200.md	5517	74c48916aa2c327c2aa7b810991b242e8b501f1a82e2d835ee571d59b719ce31
outputs/paper_writer_handoff_20260922/A_EVIDENCE_FOR_PAPER/06_cases/CA-0203.md	5969	5ba234126d48933ee2d8f8aeb80aeb2d9d4306eaf4239fd51ad16f5ad09bc125
outputs/paper_writer_handoff_20260922/A_EVIDENCE_FOR_PAPER/06_cases/CA-0211.md	5900	f375d8b4667d0b0ba28872a2b5ce7f8663849eae731d68511956cfd59db64683
outputs/paper_writer_handoff_20260922/A_EVIDENCE_FOR_PAPER/06_cases/CA-0215.md	5970	d5dac71ad4a94c3373a55350cb3df5ec78b9560912022283f182b842f0f06fe3
outputs/paper_writer_handoff_20260922/A_EVIDENCE_FOR_PAPER/06_cases/CA-0218.md	6081	22f9092baea1e3fe4d02aabd6322b6b3179626e2e5c6f07bc6b4e5a3ef50b956
outputs/paper_writer_handoff_20260922/A_EVIDENCE_FOR_PAPER/06_cases/CA-0225.md	5546	98559fab5926d01da90bc72a855a7e851faabd5436b5a5608e04f275c3591eac
outputs/paper_writer_handoff_20260922/A_EVIDENCE_FOR_PAPER/06_cases/CA-0226.md	6210	e7656f01ec92062222eb2c4c38063b0095798dad0e4daea5d8b32f32087098b5
outputs/paper_writer_handoff_20260922/A_EVIDENCE_FOR_PAPER/06_cases/CA-0239.md	5930	c55fdce4ffb284b92e2c1a734cc384156025ee22e9f44d5d18baf8c97d1d0698
outputs/paper_writer_handoff_20260922/A_EVIDENCE_FOR_PAPER/06_cases/CA-0245.md	5318	56fe0f95b22f3fd039d8f69cc49e66f6f9bad16b217798c20c5dcdf1650ca327
outputs/paper_writer_handoff_20260922/A_EVIDENCE_FOR_PAPER/06_cases/CA-0253.md	6234	d9d858d215e3422c7ce07224f8bf1fa5ddb8f7c8111ba975f855ee22b0aabf69
outputs/paper_writer_handoff_20260922/A_EVIDENCE_FOR_PAPER/06_cases/CA-0259.md	6518	4f6b96570ac737943493b0f8f8a3ede210ce2a0ba56632d4fc2477cbd9580958
outputs/paper_writer_handoff_20260922/A_EVIDENCE_FOR_PAPER/06_cases/CA-0262.md	5773	b3efc8d50425c0ccfffcc88f71aed66d2f40545c5af4b9ad3bee78565c9db8a7
outputs/paper_writer_handoff_20260922/A_EVIDENCE_FOR_PAPER/06_cases/CA-0271.md	5928	ad5a57978ae0ee1259b738ef0af578f5640f116b60f299bbe874cdc8b4387c7c
outputs/paper_writer_handoff_20260922/A_EVIDENCE_FOR_PAPER/06_cases/CA-0292.md	5291	85808b9ac2874f1eac747b103fc00bf3b5db2b21d048c8329473bde4033ebdb8
outputs/paper_writer_handoff_20260922/A_EVIDENCE_FOR_PAPER/06_cases/CA-0313.md	4800	973a2a598ef9f467eddf337a1e2a3c5e0acf07f3ff0a733e4e887e14449a7cd0
outputs/paper_writer_handoff_20260922/A_EVIDENCE_FOR_PAPER/06_cases/CA-0326.md	6083	28e3d4a3800728a9e027628b9dc719f13bb1c035a1d843eed899d3afb742df39
outputs/paper_writer_handoff_20260922/A_EVIDENCE_FOR_PAPER/06_cases/CA-0332.md	6066	91fc1c5716cd2d19ca918d98b63eb262140d59edd8f9c7988597ac238013fe50
outputs/paper_writer_handoff_20260922/A_EVIDENCE_FOR_PAPER/06_cases/CA-0336.md	5112	4cdd72322dc7cc6c4b317769b0e73b2a6203ab4ede9f726638a062238840b249
outputs/paper_writer_handoff_20260922/A_EVIDENCE_FOR_PAPER/06_cases/CA-0360.md	5560	8da93a0c35e8b379eaafcfe9f9202d5a4776b6ca69693fb07616303069010eab
outputs/paper_writer_handoff_20260922/A_EVIDENCE_FOR_PAPER/06_cases/CA-0361.md	5718	314998081b943ed900eba8097bec8f3fc90c2b71c19ac4a8694ec082767c3446
outputs/paper_writer_handoff_20260922/A_EVIDENCE_FOR_PAPER/06_cases/CA-0369.md	5745	5b93419d6fbceb250655df6f132b658a876ce5ca46b6a42eff334d74e6a52fb6
outputs/paper_writer_handoff_20260922/A_EVIDENCE_FOR_PAPER/06_cases/CA-0372.md	5728	2e4d943f0118761c93b8560e7a3f7e0eb80bb211a69738b690c8926c8c944bdf
outputs/paper_writer_handoff_20260922/A_EVIDENCE_FOR_PAPER/06_cases/CA-0382.md	5907	7264ebfe440e0b19ab22ee7a23a616203a60092535834ea4ed4490e530925c76
outputs/paper_writer_handoff_20260922/A_EVIDENCE_FOR_PAPER/06_cases/CA-0394.md	5788	7cd965945a1a24744144b4779d4e0d62a20b614aceae8471206348c5e2e609f7
outputs/paper_writer_handoff_20260922/A_EVIDENCE_FOR_PAPER/06_cases/CA-0397.md	5775	1e65fc5766e49580bde91126044b2db95e64ba110e4545823ae6f7149c287779
outputs/paper_writer_handoff_20260922/A_EVIDENCE_FOR_PAPER/06_cases/CA-0418.md	6020	07f2e407a9645481fdbf1bd247c1ca733672c95165710943dfeb639512821972
outputs/paper_writer_handoff_20260922/A_EVIDENCE_FOR_PAPER/06_cases/CA-0421.md	5274	386d9c42fbab9d338b5eeae07491838ac4f058a7d54536d5b749494ffb0a1a54
outputs/paper_writer_handoff_20260922/A_EVIDENCE_FOR_PAPER/06_cases/CA-0422.md	5196	7a6c3190d802ac2c4fe289eff684479fddfc8b7dfa26074c7c174f9db95500a2
outputs/paper_writer_handoff_20260922/A_EVIDENCE_FOR_PAPER/06_cases/CA-0426.md	6582	ab05c9a6ef9d6205ef57860c35ddf5f0614966ce49ba8d3c8dfc17cb95b60995
outputs/paper_writer_handoff_20260922/A_EVIDENCE_FOR_PAPER/06_cases/CA-0437.md	4931	292ec797094b9c69032aba199d8fee861492fb3767aa1fb902170bb71d427f93
outputs/paper_writer_handoff_20260922/A_EVIDENCE_FOR_PAPER/06_cases/CA-0440.md	5478	6d3511c2de41a46bf9e50033ac09ba48773123bb121c9d9d09704e5390e4e188
outputs/paper_writer_handoff_20260922/A_EVIDENCE_FOR_PAPER/06_cases/CA-0453.md	5147	cafdbda57af59414cf61455af625ecabe8343d8190c06aecd9a618058a21e3a5
outputs/paper_writer_handoff_20260922/A_EVIDENCE_FOR_PAPER/06_cases/CA-0460.md	6221	18f45f138cc9bec112e8bb26e80e5d9a464eff99760d2f621dcbfca1fd3423d4
outputs/paper_writer_handoff_20260922/A_EVIDENCE_FOR_PAPER/06_cases/CA-0469.md	5174	9cc7e2a6c809cea651f5d9a0c14d2bc3f618c01e53c8d9bc3dcb1d31513343c9
outputs/paper_writer_handoff_20260922/A_EVIDENCE_FOR_PAPER/06_cases/CA-0470.md	5479	e90f2075b2578609e116115545094d93a3e5ae4b858ca6d51e70601000d9e55b
outputs/paper_writer_handoff_20260922/A_EVIDENCE_FOR_PAPER/06_cases/CA-0512.md	6334	844952cc590d4cb50c89544146674b2d5150b48142c1659257597c9db05ef890
outputs/paper_writer_handoff_20260922/A_EVIDENCE_FOR_PAPER/06_cases/CA-0533.md	5942	fe0413b2605db2561861b4476ee903b0e65a8072d12199844edff0b3e034fdda
outputs/paper_writer_handoff_20260922/A_EVIDENCE_FOR_PAPER/06_cases/CA-0552.md	6160	7a5128f0696a0ae6e65b1156ff32d58c7d953883dc4c3053112c85716056d15f
outputs/paper_writer_handoff_20260922/A_EVIDENCE_FOR_PAPER/06_cases/CA-0560.md	5306	dd12da08998b2890d7ece3694d022baf8799e0e8dd653bb9f78753a86b467e38
outputs/paper_writer_handoff_20260922/A_EVIDENCE_FOR_PAPER/06_cases/CA-0565.md	6274	06c395f90c2670948298face7299942528dea266f1018313ee5432c794dd06af
outputs/paper_writer_handoff_20260922/A_EVIDENCE_FOR_PAPER/06_cases/CA-0573.md	5696	778c3f750b17d7a34a78a1e251c1bebd6a5ecf01c05090331a2706fadfe3748e
outputs/paper_writer_handoff_20260922/A_EVIDENCE_FOR_PAPER/06_cases/CA-0576.md	4666	30f5f5ea1003445693da9892f69cafae2f97146bd2a888c580665c11281d12e0
outputs/paper_writer_handoff_20260922/A_EVIDENCE_FOR_PAPER/06_cases/CA-0596.md	5821	24533ad503207a5eb2b3409024bf3d17de1f6dfe77437f50cf34dba5c093af22
outputs/paper_writer_handoff_20260922/A_EVIDENCE_FOR_PAPER/06_cases/CA-0598.md	5708	9c47703c52180943164361ed94b1f42bcc6be643fcb94b5f29665e5aa4d61f8a
outputs/paper_writer_handoff_20260922/A_EVIDENCE_FOR_PAPER/06_cases/CA-0604.md	4855	723e89fe25ff90bc57c8560585558b14768ec36aeb6414782767a22206091f52
outputs/paper_writer_handoff_20260922/A_EVIDENCE_FOR_PAPER/06_cases/CA-0608.md	5780	63f513c46051a36915ff1d7c4c0424408cf96973acd95ea77c024ce177ced438
outputs/paper_writer_handoff_20260922/A_EVIDENCE_FOR_PAPER/06_cases/CA-0611.md	5845	acf5ea434cd725ce133361d7c514c40656a98ac4984dd2f20d62c92508c5b4e1
outputs/paper_writer_handoff_20260922/A_EVIDENCE_FOR_PAPER/06_cases/CA-0618.md	4835	2fddf4fd25b538e0903ce9b30c6c81a4c464a0b3f56a5b17c31cd510ce9473da
outputs/paper_writer_handoff_20260922/A_EVIDENCE_FOR_PAPER/06_cases/CA-0623.md	5643	1c796c07824cb8f8c474d730c11e69d4cb1bf12b80cdbcf1ecd88905dd1ebdcd
outputs/paper_writer_handoff_20260922/A_EVIDENCE_FOR_PAPER/06_cases/CA-0647.md	5362	f3a8c8cf50898e1250ab782a5c69924385ecccd70340ea998d09c59ba27efc8c
outputs/paper_writer_handoff_20260922/A_EVIDENCE_FOR_PAPER/06_cases/CA-0648.md	5588	0eea0beceabbf340f2d7d497c8dfd033cfbf42f90d509d1de2c1cdb0ebf4e663
outputs/paper_writer_handoff_20260922/A_EVIDENCE_FOR_PAPER/06_cases/CA-0654.md	5454	1247850c4e5e78307fe942d7626eef366b331605271fbb32756904c5245cdd98
outputs/paper_writer_handoff_20260922/A_EVIDENCE_FOR_PAPER/06_cases/CA-0671.md	5867	d4f5efb6f10a77f4ab91cd41c7541c2a53831e3ec1d3b0cb57aeea83b8b1e89a
outputs/paper_writer_handoff_20260922/A_EVIDENCE_FOR_PAPER/06_cases/CA-0677.md	5097	98f4ef007dfd1f0c212502ebee7b355ca29f2f180abbb36662acaa4be4364894
outputs/paper_writer_handoff_20260922/A_EVIDENCE_FOR_PAPER/06_cases/CA-0679.md	5709	3c71894845010ce7859d86b280bd303e57a59918ea5b8be6b8253404b11930de
outputs/paper_writer_handoff_20260922/A_EVIDENCE_FOR_PAPER/06_cases/CA-0680.md	6475	56acf1f3f5a3c515630d2ed0f2f5d958a6407313efcfbb48205632682d42069a
outputs/paper_writer_handoff_20260922/A_EVIDENCE_FOR_PAPER/06_cases/CA-0686.md	5688	76fe05fb6a2f1d3caae1049090ac6c5edd742a527b6c7f5fe8f93b3788c923d9
outputs/paper_writer_handoff_20260922/A_EVIDENCE_FOR_PAPER/06_cases/CA-0695.md	6323	e4dd8e62c4b45eed062bdb0ad95cc1a4156c1feb4e5aa6e5f9aff63f848c83f4
outputs/paper_writer_handoff_20260922/A_EVIDENCE_FOR_PAPER/06_cases/CA-0702.md	4865	3631896afd6e8883c4364229e65697e5249274f5faffb1753cdd748270c00247
outputs/paper_writer_handoff_20260922/A_EVIDENCE_FOR_PAPER/06_cases/CA-0703.md	5416	d2d21469bd423ffeaa9e37922c6681c29005a553698a819cee6a062da4676bc0
outputs/paper_writer_handoff_20260922/A_EVIDENCE_FOR_PAPER/06_cases/CA-0714.md	4283	b318b6ed2abfc954d7f31ccf585896ca6127fba271f924187a9d14da22d6f40d
outputs/paper_writer_handoff_20260922/A_EVIDENCE_FOR_PAPER/06_cases/CA-0718.md	6158	c6306ed116b9ad4b45d3b2eabbd37b19656c145686728fe2b91bd503cd72e872
outputs/paper_writer_handoff_20260922/A_EVIDENCE_FOR_PAPER/06_cases/CA-0727.md	5439	fe5f8931b539aed3673b30d5e442000652bd1e73645eba18b373ad95aeffbbcc
outputs/paper_writer_handoff_20260922/A_EVIDENCE_FOR_PAPER/06_cases/CA-0733.md	6264	c875044c11fc7453965b42d46d01190067814f3583b6e1d017a3c6cc4b9d207a
outputs/paper_writer_handoff_20260922/A_EVIDENCE_FOR_PAPER/06_cases/CA-0735.md	5780	21f9cb207c2cdb5819d89b736435fdd1d568821805110208dddbedfdaa7c411a
outputs/paper_writer_handoff_20260922/A_EVIDENCE_FOR_PAPER/06_cases/CA-0739.md	5412	0ea31d2956fe97129d757a6f2df1f8afcc93f9dd51147e1865f1919567f676b2
outputs/paper_writer_handoff_20260922/A_EVIDENCE_FOR_PAPER/06_cases/CA-0762.md	5149	afbea28ed6fee59783bea3c44c0e6452d9d1379a66b1d3ad74b5343530129063
outputs/paper_writer_handoff_20260922/A_EVIDENCE_FOR_PAPER/06_cases/CA-0772.md	5606	bbd55964aead35c629d80fccae33c28fe7635b40be299fbdfbbf946e5752b303
outputs/paper_writer_handoff_20260922/A_EVIDENCE_FOR_PAPER/06_cases/CA-0778.md	4789	764c83b708cb487054aee03779ffed9005c709b60c84628de1d0c2a6d1cced3f
outputs/paper_writer_handoff_20260922/A_EVIDENCE_FOR_PAPER/06_cases/CA-0786.md	6261	81f7170f4f5d74a62b73566f17ae9d234b574e7cbedd244e1d751736677246e8
outputs/paper_writer_handoff_20260922/A_EVIDENCE_FOR_PAPER/06_cases/CA-0797.md	5502	6b65d9ce5f181e6c621659a0145f1d4b4a646a4fc5f7440659fa6aa8321f54ec
outputs/paper_writer_handoff_20260922/A_EVIDENCE_FOR_PAPER/06_cases/CA-0798.md	5661	ef5de4ab5c4552fe6a7a9c929c14587e2b39c7392862462f2147d6be0d16cd16
outputs/paper_writer_handoff_20260922/A_EVIDENCE_FOR_PAPER/06_cases/CA-0805.md	6125	90289e260629197f23b5747e5d8aae0495af358faa76ec35271ce0b156e75962
outputs/paper_writer_handoff_20260922/A_EVIDENCE_FOR_PAPER/06_cases/CA-0808.md	5655	ba472ac7cfa166c8d8c15a5e5016a9b276704782f3ff21b60edff8e561f9b9ce
outputs/paper_writer_handoff_20260922/A_EVIDENCE_FOR_PAPER/06_cases/CA-0827.md	5656	880ec1a21d9d8bb8bfe8b3a651a529670a29d4a13f453bf298cd940c95dd6441
outputs/paper_writer_handoff_20260922/A_EVIDENCE_FOR_PAPER/06_cases/CA-0828.md	6081	0c23a252b31227feb78fb46bf1211141ac8256bc99970ed704be5e736a0d930e
outputs/paper_writer_handoff_20260922/A_EVIDENCE_FOR_PAPER/06_cases/CA-0836.md	6436	06b88cb0dfe8046558a74d7eaf8fb5e7c6722328ecb5337691fe908b8a50199f
outputs/paper_writer_handoff_20260922/A_EVIDENCE_FOR_PAPER/06_cases/CA-0841.md	5417	507bda4027145482130108d08b21a275f73401e0673f8592568aca2703df8dac
outputs/paper_writer_handoff_20260922/A_EVIDENCE_FOR_PAPER/06_cases/CA-0845.md	5886	4ac76d192356b773588e7144f8c29de5c3e81d36e2689034196a5fde57c1dd24
outputs/paper_writer_handoff_20260922/A_EVIDENCE_FOR_PAPER/06_cases/CA-0846.md	5463	1382f8b0489e7c1fe8568cb259caa062ac25c60130ce4bf78be2e0ad666ed703
outputs/paper_writer_handoff_20260922/A_EVIDENCE_FOR_PAPER/06_cases/CA-0851.md	5896	7956ba29567b8dd618506aed7fca99d3454ea0bd4138919a08bed6be25d95e30
outputs/paper_writer_handoff_20260922/A_EVIDENCE_FOR_PAPER/06_cases/CA-0855.md	6284	9f71325a5530e473c93e62cdf35086868c219c152402ac9aefc761f95e85bf23
outputs/paper_writer_handoff_20260922/A_EVIDENCE_FOR_PAPER/06_cases/CA-0866.md	5919	183eb4fcb8cf1910b8295815744b009ed13086c3b10e24b7515aaf651f08f044
outputs/paper_writer_handoff_20260922/A_EVIDENCE_FOR_PAPER/06_cases/CA-0876.md	4769	2eab07b397f858b92e10cb3308323b4c2b727f66ffcbba436f81eb9a146e42a8
outputs/paper_writer_handoff_20260922/A_EVIDENCE_FOR_PAPER/06_cases/CA-0878.md	6843	b64781c5df916492ce540e64032623cb7fde613000ed284675baed39cc906668
outputs/paper_writer_handoff_20260922/A_EVIDENCE_FOR_PAPER/06_cases/CA-0889.md	5582	c010a256d4f694041d78ed78d6a04df04a60e7ab3a53291f35a59d81f7c1f8e2
outputs/paper_writer_handoff_20260922/A_EVIDENCE_FOR_PAPER/06_cases/CA-0904.md	5189	cf02209350b44c7023e7e9629f3b21e4b35c0acbf3726c4f33e34a73fc4bf7f2
outputs/paper_writer_handoff_20260922/A_EVIDENCE_FOR_PAPER/06_cases/CA-0907.md	5918	ee48a172167b49dd84e657f4d70fbe13c2b22530029688c9300be6cea7f1a287
outputs/paper_writer_handoff_20260922/A_EVIDENCE_FOR_PAPER/06_cases/CA-0908.md	6121	58e9f1507e116930bcd4181d781be5a40c3a9d33e45865f5fd793c556a314c13
outputs/paper_writer_handoff_20260922/A_EVIDENCE_FOR_PAPER/06_cases/CA-0909.md	5056	b408045bbe815e15876c56557b90bddf2dd3a557571c6346700fea0118807a82
outputs/paper_writer_handoff_20260922/A_EVIDENCE_FOR_PAPER/06_cases/CA-0923.md	6179	c684052a9f1a6dbcb46a5c130e31174fc8891f9336e7ff6620d5614cacdc9037
outputs/paper_writer_handoff_20260922/A_EVIDENCE_FOR_PAPER/06_cases/CA-0940.md	5913	6a2a06ed10378cfb3f79256cbbea8f6d546f143f26b18dfd526bae13c212bc59
outputs/paper_writer_handoff_20260922/A_EVIDENCE_FOR_PAPER/06_cases/CA-0945.md	5492	60333fbbd578e5ece7b17fa93e0f5f58c69e1427ebc6ea9b06f4b295861a59bd
outputs/paper_writer_handoff_20260922/A_EVIDENCE_FOR_PAPER/06_cases/CA-0961.md	5417	eff6fd2d39df78b4a73f349534ba9e71f50075811b83f2b37d4e435e647b70b0
outputs/paper_writer_handoff_20260922/A_EVIDENCE_FOR_PAPER/06_cases/CA-0963.md	6005	a5999604314f9b6672299c2635b4271a46c82601a9fbcf3f6e8c96c0bda3af61
outputs/paper_writer_handoff_20260922/A_EVIDENCE_FOR_PAPER/06_cases/CA-0967.md	6276	358886f2274aa5e9e4896e7ca79c813101faac42800b04dd66f5c7bfd0fc14ef
outputs/paper_writer_handoff_20260922/A_EVIDENCE_FOR_PAPER/06_cases/CA-0972.md	5810	636ae71d5018b9632be96f66c28e9a4a32df3c11d3286ac38afcf08dc6b2115a
outputs/paper_writer_handoff_20260922/A_EVIDENCE_FOR_PAPER/06_cases/messy-writing-right-move.md	363	38a7648980c2b8cc1c0e53e607e437401367a84f4af5b5ae2054731d80115d87
outputs/paper_writer_handoff_20260922/A_EVIDENCE_FOR_PAPER/06_cases/missed-both.md	305	c7b5ce2eb395fd6baa157ddc34247434f9542836a83bcfc54f66e37f1d684da8
outputs/paper_writer_handoff_20260922/A_EVIDENCE_FOR_PAPER/06_cases/understood-and-acted.md	1006	ebb89218b0cbe8aca94557dfe7ecb5a43edb88329689956079e7bf27af39fe6d
outputs/paper_writer_handoff_20260922/A_EVIDENCE_FOR_PAPER/06_cases/understood-but-wrong-move.md	1205	ab58a1501934ea9507a348ff147e8e3f8de164bcf0fd222c038deda85943cbea
outputs/paper_writer_handoff_20260922/A_EVIDENCE_FOR_PAPER/07_numbers_json/ambiguity_audit.json	4364	498e97bac68eb13dcc34cc5a1e6963c19d3fb00bcdf177ae049aef0b5e964bdb
outputs/paper_writer_handoff_20260922/A_EVIDENCE_FOR_PAPER/07_numbers_json/ambiguity_debate_summary.json	3110	c2ec4ab5693c3e224a25f21d35cd671b64fbedf8ec266ae16938a4854335cfe5
outputs/paper_writer_handoff_20260922/A_EVIDENCE_FOR_PAPER/07_numbers_json/capability_judge_summary.json	502	966714831edaf772c7455b706b38101f6cd3c293331813e6074e7a60f7ab3398
outputs/paper_writer_handoff_20260922/A_EVIDENCE_FOR_PAPER/07_numbers_json/clarify_cpc_rescue_summary.json	3215	9d5b7f506a0a0577025423f676d4cd65b28be042c13c067ff36cc026261b1e5d
outputs/paper_writer_handoff_20260922/A_EVIDENCE_FOR_PAPER/07_numbers_json/early_8b_vs_1p7b_T0.7.json	1597	914ea319cc6c5b9e2955bbf959f6bc913014edc3c9bbeb013cdf7619562c7932
outputs/paper_writer_handoff_20260922/A_EVIDENCE_FOR_PAPER/07_numbers_json/EVIDENCE_BRIEF.md	14984	101cc5b1a67ffbbfe0da4db25260aef1900e69bd717c61529487e08260d3730d
outputs/paper_writer_handoff_20260922/A_EVIDENCE_FOR_PAPER/07_numbers_json/field_rescue_summary.json	10516	1090eae2259987eea716d90350a1b7c6092478529b9e6401f218faeefb6b3995
outputs/paper_writer_handoff_20260922/A_EVIDENCE_FOR_PAPER/07_numbers_json/historical_dissociation_62_ids.json	1024	18db9b69d78a798f9d6d8839e8f4df407f50635796e28fab85f2fded642e86bc
outputs/paper_writer_handoff_20260922/A_EVIDENCE_FOR_PAPER/07_numbers_json/llm_capability_summary.json	5464	9a7b0bab3b6deef7f9bea0da48229926676ce4ae33cd086cab48ed88ba285efd
outputs/paper_writer_handoff_20260922/A_EVIDENCE_FOR_PAPER/07_numbers_json/oracle_gold_summary.json	5902	647761bfb9cd151121a145302ad5191d25ccf0cbebe41cb7ec9069288feee4a5
outputs/paper_writer_handoff_20260922/A_EVIDENCE_FOR_PAPER/07_numbers_json/report_numbers.json	3299	2bb06675ffc0a72e20f71be46f663dec89cb7bf2f3facb2e505c6e2ba78e6b57
outputs/paper_writer_handoff_20260922/A_EVIDENCE_FOR_PAPER/07_numbers_json/sprint_rescue_summary.json	27664	af2acdb8fb87f2005159504d074ba94fb79b681f88d9f9c0aa7534112a7a8588
outputs/paper_writer_handoff_20260922/A_EVIDENCE_FOR_PAPER/07_numbers_json/wording_row_detail.json	4430	51fc7650006718576cd53dce75f8a93cdf3f5b11900deed675cd5adffb4966c4
outputs/paper_writer_handoff_20260922/A_EVIDENCE_FOR_PAPER/08_predictions_and_emits/capability_debate_local_oracle_20260918/ambiguity_debate_adjudication.jsonl	458673	98a3a88d42ecbe140e2c4ade6320232dbe37186d466e4ae18666a2fe08fbdff6
outputs/paper_writer_handoff_20260922/A_EVIDENCE_FOR_PAPER/08_predictions_and_emits/capability_debate_local_oracle_20260918/ambiguity_debate_summary.json	3110	c2ec4ab5693c3e224a25f21d35cd671b64fbedf8ec266ae16938a4854335cfe5
outputs/paper_writer_handoff_20260922/A_EVIDENCE_FOR_PAPER/08_predictions_and_emits/capability_debate_local_oracle_20260918/capability_judge_summary.json	502	966714831edaf772c7455b706b38101f6cd3c293331813e6074e7a60f7ab3398
outputs/paper_writer_handoff_20260922/A_EVIDENCE_FOR_PAPER/08_predictions_and_emits/capability_debate_local_oracle_20260918/capability_judgments.jsonl	127132	e4706a5e061b6f0da90801365fc58787db102027681e83de0209622a04f649b1
outputs/paper_writer_handoff_20260922/A_EVIDENCE_FOR_PAPER/08_predictions_and_emits/capability_debate_local_oracle_20260918/capability_judgments_cluster.jsonl	127132	e4706a5e061b6f0da90801365fc58787db102027681e83de0209622a04f649b1
outputs/paper_writer_handoff_20260922/A_EVIDENCE_FOR_PAPER/08_predictions_and_emits/capability_debate_local_oracle_20260918/capability_judgments_failed.jsonl	220077	1e387f678acc0c581f86f48fb6f8230b0366c95b41a9e1cbd1b7b4ca5b41c458
outputs/paper_writer_handoff_20260922/A_EVIDENCE_FOR_PAPER/08_predictions_and_emits/capability_debate_local_oracle_20260918/debate_reparse/ambiguity_debate_adjudication.jsonl	782606	3db361db748dbe9890f13f4a98811543cc8bedc0cf4a2778ffececc3d8df2303
outputs/paper_writer_handoff_20260922/A_EVIDENCE_FOR_PAPER/08_predictions_and_emits/capability_debate_local_oracle_20260918/debate_reparse/ambiguity_debate_summary.json	3949	2ded89cc9ff62832d277cfe5c96f1080147547627dd5907752747daf3b8dd622
outputs/paper_writer_handoff_20260922/A_EVIDENCE_FOR_PAPER/08_predictions_and_emits/capability_debate_local_oracle_20260918/debate_reparse/debate_progress.json	3949	2ded89cc9ff62832d277cfe5c96f1080147547627dd5907752747daf3b8dd622
outputs/paper_writer_handoff_20260922/A_EVIDENCE_FOR_PAPER/08_predictions_and_emits/capability_debate_local_oracle_20260918/debate_reparse/need_gpu_repair.json	184	c189d8126756be3fd7a70da15d7df643f18f83eba318501608e7cc0d99895c48
outputs/paper_writer_handoff_20260922/A_EVIDENCE_FOR_PAPER/08_predictions_and_emits/capability_debate_local_oracle_20260918/llm_capability_summary.json	5464	9a7b0bab3b6deef7f9bea0da48229926676ce4ae33cd086cab48ed88ba285efd
outputs/paper_writer_handoff_20260922/A_EVIDENCE_FOR_PAPER/08_predictions_and_emits/capability_debate_local_oracle_20260918/llm_capability_summary_cluster.json	5464	9a7b0bab3b6deef7f9bea0da48229926676ce4ae33cd086cab48ed88ba285efd
outputs/paper_writer_handoff_20260922/A_EVIDENCE_FOR_PAPER/08_predictions_and_emits/capability_debate_local_oracle_20260918/oracle_gold_per_record.jsonl	70699	2c5a6de375f145342c4ac2824d4f014ac08871e4b4986ef1bab1a3fb4accffbd
outputs/paper_writer_handoff_20260922/A_EVIDENCE_FOR_PAPER/08_predictions_and_emits/capability_debate_local_oracle_20260918/oracle_gold_summary.json	5902	647761bfb9cd151121a145302ad5191d25ccf0cbebe41cb7ec9069288feee4a5
outputs/paper_writer_handoff_20260922/A_EVIDENCE_FOR_PAPER/08_predictions_and_emits/capability_debate_local_oracle_20260918/p120-cap-debate-56315.out	6519	e3522fedb87ee227c9f59b8ad2f4da37a59f840cc56a1070e83ed447724d01ed
outputs/paper_writer_handoff_20260922/A_EVIDENCE_FOR_PAPER/08_predictions_and_emits/capability_debate_local_oracle_20260918/p120-cap-debate-56339.err	3224	cae04836775022ef40f1add1aeda03d6116110fded659294bce595a11ce17a7b
outputs/paper_writer_handoff_20260922/A_EVIDENCE_FOR_PAPER/08_predictions_and_emits/capability_debate_local_oracle_20260918/p120-cap-debate-56339.out	28755	1a8aa0b44484141c6631d8042a3d12be2fe082aed5caa330397a1f893f139ae6
outputs/paper_writer_handoff_20260922/A_EVIDENCE_FOR_PAPER/08_predictions_and_emits/clarify_cpc_rescue_20260918/clarify_cpc_rescue_summary.json	3215	9d5b7f506a0a0577025423f676d4cd65b28be042c13c067ff36cc026261b1e5d
outputs/paper_writer_handoff_20260922/A_EVIDENCE_FOR_PAPER/08_predictions_and_emits/clarify_cpc_rescue_20260918/goal_first_v2.emit_route_scene_clarify.predictions.jsonl	1009889	0eb482a4a7cd016b3cb02bb114408a8a18b71a67c3d670e1c0972473bb85b38c
outputs/paper_writer_handoff_20260922/A_EVIDENCE_FOR_PAPER/08_predictions_and_emits/clarify_cpc_rescue_20260918/goal_first_v2.llmcap_route_scene_clarify.predictions.jsonl	1016722	c165584696353e0a5eddbd8bac1b1d8c37d7f775ecc1b0a12050f86191c01dcd
outputs/paper_writer_handoff_20260922/A_EVIDENCE_FOR_PAPER/08_predictions_and_emits/clarify_cpc_rescue_20260918/wording_row_detail.json	4430	51fc7650006718576cd53dce75f8a93cdf3f5b11900deed675cd5adffb4966c4
outputs/paper_writer_handoff_20260922/A_EVIDENCE_FOR_PAPER/08_predictions_and_emits/latency_1p7b_from_paperpack/12-capability-rescue-paper-note.md	5665	cbfbda221bc389eed2a6b423737b014ea936e62e728c14c7782c2a261451d826
outputs/paper_writer_handoff_20260922/A_EVIDENCE_FOR_PAPER/08_predictions_and_emits/latency_1p7b_from_paperpack/13-paper-contribution-highlights.md	2756	bd9ff69759f06a51f9866e6873e9fd2d72005670bfc2b36c235913dbd01dff62
outputs/paper_writer_handoff_20260922/A_EVIDENCE_FOR_PAPER/08_predictions_and_emits/latency_1p7b_from_paperpack/19-sprint-rescue-capability-ambiguity-20260918.md	9767	1f14e38d5540309f2819ae43c5dd523ed4eecf83696a8ab621d9e93867e5100b
outputs/paper_writer_handoff_20260922/A_EVIDENCE_FOR_PAPER/08_predictions_and_emits/latency_1p7b_from_paperpack/20-field-rescue-audit-20260918.md	6325	adf8900d7f572a261d01817cca74e4cf54ac9b65b7f0690b7d4cbdcfa33e9157
outputs/paper_writer_handoff_20260922/A_EVIDENCE_FOR_PAPER/08_predictions_and_emits/latency_1p7b_from_paperpack/21-clarify-cpc-latency-20260918.md	6673	c81d5f9bcaeb120775e1b8d0e2b6513ff4b9cadf1df1d4777d3f87d090d2bea7
outputs/paper_writer_handoff_20260922/A_EVIDENCE_FOR_PAPER/08_predictions_and_emits/latency_1p7b_from_paperpack/22-early-8b-vs-1p7b-T0.7.md	1522	8d328ac452f6df4b939c50278cc19efce6ed772c753c5e622c2bf6527f6e732e
outputs/paper_writer_handoff_20260922/A_EVIDENCE_FOR_PAPER/08_predictions_and_emits/latency_1p7b_from_paperpack/degree_based_router_v2.predictions.jsonl	993637	ef23e805f24b6decad19b26c42dd14d7ea342d36df574395deb90cbf8cf99917
outputs/paper_writer_handoff_20260922/A_EVIDENCE_FOR_PAPER/08_predictions_and_emits/latency_1p7b_from_paperpack/early_8b_vs_1p7b_T0.7.json	1597	914ea319cc6c5b9e2955bbf959f6bc913014edc3c9bbeb013cdf7619562c7932
outputs/paper_writer_handoff_20260922/A_EVIDENCE_FOR_PAPER/08_predictions_and_emits/latency_1p7b_from_paperpack/goal_first_context_blind_v2.predictions.jsonl	1257883	38ebb1c440878921372a4d2b420978a64dfb73b6ec8e0975604c469b0688dcd8
outputs/paper_writer_handoff_20260922/A_EVIDENCE_FOR_PAPER/08_predictions_and_emits/latency_1p7b_from_paperpack/goal_first_manager_v2.predictions.jsonl	1120131	99d260bf67c8b8b62faeabb1565bc8f953a76ac4c4be2eebb8e71d90063c6a8a
outputs/paper_writer_handoff_20260922/A_EVIDENCE_FOR_PAPER/08_predictions_and_emits/latency_1p7b_from_paperpack/latency_summary.json	244	6e4c779138e80ee17f38e2bd137035672a57a9c6a8357c26d3a2f6f37a5736bc
outputs/paper_writer_handoff_20260922/A_EVIDENCE_FOR_PAPER/08_predictions_and_emits/latency_1p7b_from_paperpack/progress.json	203	d4fd0b0ef25ede7351ee2f0ae43d8551c5161341f4c4cb14d925284e6e26d540
outputs/paper_writer_handoff_20260922/A_EVIDENCE_FOR_PAPER/08_predictions_and_emits/latency_1p7b_from_paperpack/rich_conservative_manager_v2.predictions.jsonl	1118851	d7e44bb5af91c27b7fa01f38df5b146610fca5f08792b268c105272958d9ce0c
outputs/paper_writer_handoff_20260922/A_EVIDENCE_FOR_PAPER/08_predictions_and_emits/README_PREDICTIONS.md	624	3abfb0b15037416ff0bac6927720d16a60f4fb1fec3e408a60484150742d01f2
outputs/paper_writer_handoff_20260922/A_EVIDENCE_FOR_PAPER/08_predictions_and_emits/unified_55670/_remote_inventory.py	12129	7dac0f2f91e0dd7b5aac4ac0136cdefe4780c1dbd67d2b3fa3a386f045a3784f
outputs/paper_writer_handoff_20260922/A_EVIDENCE_FOR_PAPER/08_predictions_and_emits/unified_55670/_remote_sidecar_probe.py	2403	816d4afea5a514668f7eb23fa25bd09e184415663abd3439c2a4ac73237d0db1
outputs/paper_writer_handoff_20260922/A_EVIDENCE_FOR_PAPER/08_predictions_and_emits/unified_55670/_score_temp_evidence.py	15198	bc07ec8b5618f9697230db8c7bdd62c8974a7d6c92f310d8543e60ef8efc02c2
outputs/paper_writer_handoff_20260922/A_EVIDENCE_FOR_PAPER/08_predictions_and_emits/unified_55670/EVIDENCE_BRIEF.md	14984	101cc5b1a67ffbbfe0da4db25260aef1900e69bd717c61529487e08260d3730d
outputs/paper_writer_handoff_20260922/A_EVIDENCE_FOR_PAPER/08_predictions_and_emits/unified_55670/evidence_metrics_summary.json	41011	d5a7f3df51f275715f6e8e8a1a674439400614c98f23eb9b2a53e2b33e92d13d
outputs/paper_writer_handoff_20260922/A_EVIDENCE_FOR_PAPER/08_predictions_and_emits/unified_55670/mega_T0.0_R1/direct_base/direct_base_llm.eval.json	4331	b79b392cf8b26dcc605471f2a329c562dfee9bd8b225d7abb2b73d014f2f01db
outputs/paper_writer_handoff_20260922/A_EVIDENCE_FOR_PAPER/08_predictions_and_emits/unified_55670/mega_T0.0_R1/direct_base/direct_base_llm.predictions.jsonl	469277	ea03a739603ea72fc90ade06fff930ce86f6c887d9f0d9588b7d390579ce4a8f
outputs/paper_writer_handoff_20260922/A_EVIDENCE_FOR_PAPER/08_predictions_and_emits/unified_55670/mega_T0.0_R1/goal_first_v2/evaluations/degree_based_router_v2.eval.json	4724	8f80e66d5dacc3ba009cfbb4c9758c6a6202b5963a4e9d4f851db50e413e07d4
outputs/paper_writer_handoff_20260922/A_EVIDENCE_FOR_PAPER/08_predictions_and_emits/unified_55670/mega_T0.0_R1/goal_first_v2/evaluations/goal_first_context_blind_v2.eval.json	4693	e5b0fbf10fb51da00cd92db19376b0c0e574701d9c7578701d024390e81afc58
outputs/paper_writer_handoff_20260922/A_EVIDENCE_FOR_PAPER/08_predictions_and_emits/unified_55670/mega_T0.0_R1/goal_first_v2/evaluations/goal_first_manager_v2.eval.json	4870	1aa4788d9d0e402589f0db96067e6546d0577f1539af4da71bb42352b1178911
outputs/paper_writer_handoff_20260922/A_EVIDENCE_FOR_PAPER/08_predictions_and_emits/unified_55670/mega_T0.0_R1/goal_first_v2/evaluations/rich_conservative_manager_v2.eval.json	4830	6775405bffdc5b68d592937eaa3b42f19789b01e423b5ca55edb7b51ada36e46
outputs/paper_writer_handoff_20260922/A_EVIDENCE_FOR_PAPER/08_predictions_and_emits/unified_55670/mega_T0.0_R1/goal_first_v2/predictions/degree_based_router_v2.predictions.jsonl	938521	d7dbab20d7a4ba8fd1fb0ba7ea413fccd7762005d1b0194d3b289d8978cd3f4a
outputs/paper_writer_handoff_20260922/A_EVIDENCE_FOR_PAPER/08_predictions_and_emits/unified_55670/mega_T0.0_R1/goal_first_v2/predictions/goal_first_context_blind_v2.predictions.jsonl	1186394	a291baa0055e10d503536ab9b1429efc4c1752fe7d584188250ab705b38f5d1d
outputs/paper_writer_handoff_20260922/A_EVIDENCE_FOR_PAPER/08_predictions_and_emits/unified_55670/mega_T0.0_R1/goal_first_v2/predictions/goal_first_manager_v2.predictions.jsonl	1091241	c11969f383ec36605f856b6c26f2bffa787bbd27823451e2c076f515f5ac2af7
outputs/paper_writer_handoff_20260922/A_EVIDENCE_FOR_PAPER/08_predictions_and_emits/unified_55670/mega_T0.0_R1/goal_first_v2/predictions/rich_conservative_manager_v2.predictions.jsonl	1105104	d2f0e8cf3b8cb1439507a4d8d1352af409c41946470d4584ff9c6fd92f1567fd
outputs/paper_writer_handoff_20260922/A_EVIDENCE_FOR_PAPER/08_predictions_and_emits/unified_55670/mega_T0.0_R1/goal_first_v2/run_manifest.json	2883	69fb164c192a60d9c0b83cf1b9e326d3b4305b85f984edc21c14a400e060e6fd
outputs/paper_writer_handoff_20260922/A_EVIDENCE_FOR_PAPER/08_predictions_and_emits/unified_55670/mega_T0.0_R1/unofficial_adapter/t28_selected_adapter_llm.eval.json	4385	126ebb2fc99e1730f5c65d18c1d4cb25226e1946f4d11018c7c4e76e1d2a2b81
outputs/paper_writer_handoff_20260922/A_EVIDENCE_FOR_PAPER/08_predictions_and_emits/unified_55670/mega_T0.0_R1/unofficial_adapter/t28_selected_adapter_llm.predictions.jsonl	389187	db1090e792bfb26ee7a178641dd4cbed3833a92fe0719eb6fc0f2ff1056ea3be
outputs/paper_writer_handoff_20260922/A_EVIDENCE_FOR_PAPER/08_predictions_and_emits/unified_55670/mega_T0.3_R1/direct_base/direct_base_llm.eval.json	4309	c576029676c26d5e271c0c21a228ade5a2eef3f465d01b855151b6d3de0e9109
outputs/paper_writer_handoff_20260922/A_EVIDENCE_FOR_PAPER/08_predictions_and_emits/unified_55670/mega_T0.3_R1/direct_base/direct_base_llm.predictions.jsonl	486957	9ac8c7eb5fb7b9c712f1f90f48b497b8369a127b2378c41d4c97c22298a8c453
outputs/paper_writer_handoff_20260922/A_EVIDENCE_FOR_PAPER/08_predictions_and_emits/unified_55670/mega_T0.3_R1/goal_first_v2/evaluations/goal_first_manager_v2.eval.json	4918	3a24c58300d7dbbe467ff01c399c5b448c0c9dee27488170aae5346c17214f78
outputs/paper_writer_handoff_20260922/A_EVIDENCE_FOR_PAPER/08_predictions_and_emits/unified_55670/mega_T0.3_R1/goal_first_v2/evaluations/rich_conservative_manager_v2.eval.json	4920	9fab923c69a1f344a0e6f5763cfda8618f75c7f4e8a0073049bce024abb51c26
outputs/paper_writer_handoff_20260922/A_EVIDENCE_FOR_PAPER/08_predictions_and_emits/unified_55670/mega_T0.3_R1/goal_first_v2/predictions/degree_based_router_v2.predictions.jsonl	944295	40c0811e021fdda78190df5d314962260dccd2141993853f2659a798e4a7d3c1
outputs/paper_writer_handoff_20260922/A_EVIDENCE_FOR_PAPER/08_predictions_and_emits/unified_55670/mega_T0.3_R1/goal_first_v2/predictions/goal_first_context_blind_v2.predictions.jsonl	1235453	67ca3d5cd6e27463e2d6f2276f1ae80d9d15ce7a75ad3b17ccef0e60a67f09d1
outputs/paper_writer_handoff_20260922/A_EVIDENCE_FOR_PAPER/08_predictions_and_emits/unified_55670/mega_T0.3_R1/goal_first_v2/predictions/goal_first_manager_v2.predictions.jsonl	1113445	eb6cb83d69a3e03932c45de2da63adce89996cd1b06cb2566e238af38aace07c
outputs/paper_writer_handoff_20260922/A_EVIDENCE_FOR_PAPER/08_predictions_and_emits/unified_55670/mega_T0.3_R1/goal_first_v2/predictions/rich_conservative_manager_v2.predictions.jsonl	1128053	cfce4def2bf4f4c831aa943ea66ca816e28983f78d51ce6748cc2eeab87e88d1
outputs/paper_writer_handoff_20260922/A_EVIDENCE_FOR_PAPER/08_predictions_and_emits/unified_55670/mega_T0.3_R1/goal_first_v2/run_manifest.json	2504	dde87cae6764eab9cdf58152770f64371267e98f79e66ce63146456d806cbf67
outputs/paper_writer_handoff_20260922/A_EVIDENCE_FOR_PAPER/08_predictions_and_emits/unified_55670/mega_T0.3_R1/unofficial_adapter/t28_selected_adapter_llm.eval.json	4391	7b29365580bb066f7914a9a019ee1bc6e8c650435ead1163012628ef3c899fa1
outputs/paper_writer_handoff_20260922/A_EVIDENCE_FOR_PAPER/08_predictions_and_emits/unified_55670/mega_T0.3_R1/unofficial_adapter/t28_selected_adapter_llm.predictions.jsonl	429211	2f62fee5f0b4852a8cc3defe9d6a5bdaebdc649011b764c6b17b62ae7294aac2
outputs/paper_writer_handoff_20260922/A_EVIDENCE_FOR_PAPER/08_predictions_and_emits/unified_55670/pilot120_temp_inventory_55670.json	347065	ebfe70a2c7ac888897072a6897a4cef8719e9ca2990916321cf0dd3183dc2164
outputs/paper_writer_handoff_20260922/A_EVIDENCE_FOR_PAPER/08_predictions_and_emits/unified_55670/report_numbers.json	3299	2bb06675ffc0a72e20f71be46f663dec89cb7bf2f3facb2e505c6e2ba78e6b57
outputs/paper_writer_handoff_20260922/A_EVIDENCE_FOR_PAPER/08_predictions_and_emits/unified_55670/T0.5/evaluations/degree_based_router_v2.eval.json	4860	326cbc450c60f48aceb3e4c8399de5508f6cd7d4d106e429037a0849c0fc82dd
outputs/paper_writer_handoff_20260922/A_EVIDENCE_FOR_PAPER/08_predictions_and_emits/unified_55670/T0.5/evaluations/goal_first_context_blind_v2.eval.json	4611	1e749b937b37aed5ede9e7ac8f10178ebe02fb473ec648e3b682831363273dcf
outputs/paper_writer_handoff_20260922/A_EVIDENCE_FOR_PAPER/08_predictions_and_emits/unified_55670/T0.5/evaluations/goal_first_manager_v2.eval.json	4923	7ee81b5c52d155557c5f1e5bdd9274093a8b15e83d3e77f68abc41d832819fde
outputs/paper_writer_handoff_20260922/A_EVIDENCE_FOR_PAPER/08_predictions_and_emits/unified_55670/T0.5/evaluations/rich_conservative_manager_v2.eval.json	4970	0f43a761b4290423ff5e0e37dfe64b83e3b53419722bf1e854f6b07b14ac82c5
outputs/paper_writer_handoff_20260922/A_EVIDENCE_FOR_PAPER/08_predictions_and_emits/unified_55670/T0.5/predictions/degree_based_router_v2.predictions.jsonl	916457	3f0411606d50c4da199ecc9151ca686ad92806f66ed10bfa851bedd4c254efbd
outputs/paper_writer_handoff_20260922/A_EVIDENCE_FOR_PAPER/08_predictions_and_emits/unified_55670/T0.5/predictions/goal_first_context_blind_v2.predictions.jsonl	1083835	be168384f97209e5e0f3bb7783386d3f696523becb69470ff2428a58393a738e
outputs/paper_writer_handoff_20260922/A_EVIDENCE_FOR_PAPER/08_predictions_and_emits/unified_55670/T0.5/predictions/goal_first_manager_v2.predictions.jsonl	1009852	d3098593df2650fb47e95b4cdb93a6f42d3d9c0ec5ee284561dfb50e3c25db60
outputs/paper_writer_handoff_20260922/A_EVIDENCE_FOR_PAPER/08_predictions_and_emits/unified_55670/T0.5/predictions/rich_conservative_manager_v2.predictions.jsonl	1023673	dcc9ddb8a965c0e399e9dbf47325c3dce29761f62169cb03fc206eed4541e1e7
outputs/paper_writer_handoff_20260922/A_EVIDENCE_FOR_PAPER/08_predictions_and_emits/unified_55670/T0.5/progress.json	206	5c10fdd3eb5c26e7e45b7ad5263df1b3a8482641f3be851e024267d44ed3255b
outputs/paper_writer_handoff_20260922/A_EVIDENCE_FOR_PAPER/08_predictions_and_emits/unified_55670/T0.5/run_manifest.json	2377	cd71b2a1dba2320f4d44fba1102ea7903389e455c75f420aca17cf7d155c09a7
outputs/paper_writer_handoff_20260922/A_EVIDENCE_FOR_PAPER/08_predictions_and_emits/unified_55670/T0.5/scores/official_sidecar.json	14897	da364732eb52a7af4471c6f40c71a3ed9caaadfdb8c8302534c124016d267a65
outputs/paper_writer_handoff_20260922/A_EVIDENCE_FOR_PAPER/08_predictions_and_emits/unified_55670/T0.7/evaluations/degree_based_router_v2.eval.json	4922	df382d64c0a7e1ed539b38100ff23b81eb46b9e5d8cf0035df38fdf79bf429d7
outputs/paper_writer_handoff_20260922/A_EVIDENCE_FOR_PAPER/08_predictions_and_emits/unified_55670/T0.7/evaluations/goal_first_context_blind_v2.eval.json	4624	440e5e831fff6a92132583aa2b915180c1023d195251a27945fcbd4011bff8d9
outputs/paper_writer_handoff_20260922/A_EVIDENCE_FOR_PAPER/08_predictions_and_emits/unified_55670/T0.7/evaluations/goal_first_manager_v2.eval.json	5038	fd5cdb5cfb307842b82fbbc6ce95718527786dcf46b670fd416c02d299af1a09
outputs/paper_writer_handoff_20260922/A_EVIDENCE_FOR_PAPER/08_predictions_and_emits/unified_55670/T0.7/evaluations/rich_conservative_manager_v2.eval.json	5043	df7fc4826be994fa4756b306e6a8f3445cc0b670e57f2bb97ff22d9e2dcc288d
outputs/paper_writer_handoff_20260922/A_EVIDENCE_FOR_PAPER/08_predictions_and_emits/unified_55670/T0.7/predictions/degree_based_router_v2.predictions.jsonl	914100	4660b2f46814d1a8abe08f43da3f62771873d0a4151748784d13baf40834f6b5
outputs/paper_writer_handoff_20260922/A_EVIDENCE_FOR_PAPER/08_predictions_and_emits/unified_55670/T0.7/predictions/goal_first_context_blind_v2.predictions.jsonl	1091823	9f0a2415d0f4d8aef267934920e1438e98f290dffe2789943902e5fde9e5f3de
outputs/paper_writer_handoff_20260922/A_EVIDENCE_FOR_PAPER/08_predictions_and_emits/unified_55670/T0.7/predictions/goal_first_manager_v2.predictions.jsonl	1005616	f6912be54080393acac4b9baac507fb9218607b04b1fdbfff4b1f576d149c219
outputs/paper_writer_handoff_20260922/A_EVIDENCE_FOR_PAPER/08_predictions_and_emits/unified_55670/T0.7/predictions/rich_conservative_manager_v2.predictions.jsonl	1018462	339f8f70250a310d96acd08b0cd71792c7106a036f46d1b55d2a6ce0a13217e2
outputs/paper_writer_handoff_20260922/A_EVIDENCE_FOR_PAPER/08_predictions_and_emits/unified_55670/T0.7/progress.json	206	0d0d550daabe325842599ef62bc909c00d60a5fda5433d9674e3938269884623
outputs/paper_writer_handoff_20260922/A_EVIDENCE_FOR_PAPER/08_predictions_and_emits/unified_55670/T0.7/run_manifest.json	2377	82aafbb9e8b77c4e164fa249ce67f6ff4ff652198127444c0952894c65b2fb85
outputs/paper_writer_handoff_20260922/A_EVIDENCE_FOR_PAPER/08_predictions_and_emits/unified_55670/T0.7/scores/official_sidecar.json	14899	3b31130b3d191ef8146165267698d191e924b21ff49a846364c6a65b4dc9110f
outputs/paper_writer_handoff_20260922/A_EVIDENCE_FOR_PAPER/08_predictions_and_emits/unified_55670_live_20260918/p120-unified-55670.out	2194	d8d4b66ee601a06abffa400aebd5c29ddd6fbcac9e113b7dbe482e955ac95f78
outputs/paper_writer_handoff_20260922/A_EVIDENCE_FOR_PAPER/08_predictions_and_emits/unified_55670_live_20260918/pilot120_temp_priority-20260915/submission.tsv	202	dac9de6b4971e6c4f883849ea32dedb32aedeeffef21ccbaeaeffef86593887a
outputs/paper_writer_handoff_20260922/A_EVIDENCE_FOR_PAPER/08_predictions_and_emits/unified_55670_live_20260918/pilot120_temp_priority-20260915/T0.0/evaluations/degree_based_router_v2.eval.json	4873	360ad5254fc8bbc5587c0ff996a747425adc561808336fa4f2477e70569d2047
outputs/paper_writer_handoff_20260922/A_EVIDENCE_FOR_PAPER/08_predictions_and_emits/unified_55670_live_20260918/pilot120_temp_priority-20260915/T0.0/evaluations/goal_first_context_blind_v2.eval.json	4357	7dd1f96984c67379a63df38a1b88664103b7de2974dfca04662f9f139ac5db71
outputs/paper_writer_handoff_20260922/A_EVIDENCE_FOR_PAPER/08_predictions_and_emits/unified_55670_live_20260918/pilot120_temp_priority-20260915/T0.0/evaluations/goal_first_manager_v2.eval.json	5027	5858878e52c7e86c212d6a7c3a61d35932a241d6da134771405bac1a862d3dd3
outputs/paper_writer_handoff_20260922/A_EVIDENCE_FOR_PAPER/08_predictions_and_emits/unified_55670_live_20260918/pilot120_temp_priority-20260915/T0.0/evaluations/rich_conservative_manager_v2.eval.json	4949	c87531f6c8be1e392ed9d2050dd0781dac41d06e85540f7824a75a66fbdd2f21
outputs/paper_writer_handoff_20260922/A_EVIDENCE_FOR_PAPER/08_predictions_and_emits/unified_55670_live_20260918/pilot120_temp_priority-20260915/T0.0/predictions/degree_based_router_v2.predictions.jsonl	915505	b1e67982bc23672638411ebf4dd70a9f9a15f74511a645aecf463a27c850cab3
outputs/paper_writer_handoff_20260922/A_EVIDENCE_FOR_PAPER/08_predictions_and_emits/unified_55670_live_20260918/pilot120_temp_priority-20260915/T0.0/predictions/goal_first_context_blind_v2.predictions.jsonl	1105659	2b1ee4e4680459df60a6abeb75e420f880129103180ad6d1df5ec0f4f80df4db
outputs/paper_writer_handoff_20260922/A_EVIDENCE_FOR_PAPER/08_predictions_and_emits/unified_55670_live_20260918/pilot120_temp_priority-20260915/T0.0/predictions/goal_first_manager_v2.predictions.jsonl	1017727	faf129198e491141a934ba6e58cea378fe1c2b678701f801af59b837f6679583
outputs/paper_writer_handoff_20260922/A_EVIDENCE_FOR_PAPER/08_predictions_and_emits/unified_55670_live_20260918/pilot120_temp_priority-20260915/T0.0/predictions/rich_conservative_manager_v2.predictions.jsonl	1031580	bf00960e60ded41323a91c8c5bf52523c735af92e028c1836bb052c6afae30bf
outputs/paper_writer_handoff_20260922/A_EVIDENCE_FOR_PAPER/08_predictions_and_emits/unified_55670_live_20260918/pilot120_temp_priority-20260915/T0.0/progress.json	206	3381784a2568f528652f91133c8ba9e3518c6f83292f2aa8f6e8f7b941707892
outputs/paper_writer_handoff_20260922/A_EVIDENCE_FOR_PAPER/08_predictions_and_emits/unified_55670_live_20260918/pilot120_temp_priority-20260915/T0.0/run_manifest.json	2327	6a9bcb067f5e0897cfb5a9d8a027aa9c683c83b1b47a858bcb89d9b138784b89
outputs/paper_writer_handoff_20260922/A_EVIDENCE_FOR_PAPER/08_predictions_and_emits/unified_55670_live_20260918/pilot120_temp_priority-20260915/T0.3/predictions/degree_based_router_v2.predictions.jsonl	60058	8be70b159e2fb0f5951a0762ac2d9558685df91aec560036bccc1a4e5896ad63
outputs/paper_writer_handoff_20260922/A_EVIDENCE_FOR_PAPER/08_predictions_and_emits/unified_55670_live_20260918/pilot120_temp_priority-20260915/T0.3/predictions/goal_first_context_blind_v2.predictions.jsonl	67949	60da266f6cdb0d364a3bb8bd28833d04d37bc2aa499094540c1d7427e5f0ead0
outputs/paper_writer_handoff_20260922/A_EVIDENCE_FOR_PAPER/08_predictions_and_emits/unified_55670_live_20260918/pilot120_temp_priority-20260915/T0.3/predictions/goal_first_manager_v2.predictions.jsonl	65159	a07333d0d024eb1bd7968b8b21ca052f1fbf9f6f227ec545460ac2ae3902b83a
outputs/paper_writer_handoff_20260922/A_EVIDENCE_FOR_PAPER/08_predictions_and_emits/unified_55670_live_20260918/pilot120_temp_priority-20260915/T0.3/predictions/rich_conservative_manager_v2.predictions.jsonl	65651	9405aa2b1cb9d3a2bca5ad3944be4a20c1a140c86bae1317ffb929bb6852ff84
outputs/paper_writer_handoff_20260922/A_EVIDENCE_FOR_PAPER/08_predictions_and_emits/unified_55670_live_20260918/pilot120_temp_priority-20260915/T0.3/progress.json	184	0846ac451dde031185983c5dd388737f3201b96fd7750c1c53b00ad0dacfa811
outputs/paper_writer_handoff_20260922/A_EVIDENCE_FOR_PAPER/08_predictions_and_emits/unified_55670_live_20260918/pilot120_temp_priority-20260915/T0.3/run_manifest.json	1029	f6eb3c297061162b9fb769ee97079cc8903f5966a46e939ea175c1f2bfb769e0
outputs/paper_writer_handoff_20260922/A_EVIDENCE_FOR_PAPER/08_predictions_and_emits/unified_55670_live_20260918/pilot120_temp_priority-20260915/T0.5/evaluations/degree_based_router_v2.eval.json	4860	326cbc450c60f48aceb3e4c8399de5508f6cd7d4d106e429037a0849c0fc82dd
outputs/paper_writer_handoff_20260922/A_EVIDENCE_FOR_PAPER/08_predictions_and_emits/unified_55670_live_20260918/pilot120_temp_priority-20260915/T0.5/evaluations/goal_first_context_blind_v2.eval.json	4611	1e749b937b37aed5ede9e7ac8f10178ebe02fb473ec648e3b682831363273dcf
outputs/paper_writer_handoff_20260922/A_EVIDENCE_FOR_PAPER/08_predictions_and_emits/unified_55670_live_20260918/pilot120_temp_priority-20260915/T0.5/evaluations/goal_first_manager_v2.eval.json	4923	7ee81b5c52d155557c5f1e5bdd9274093a8b15e83d3e77f68abc41d832819fde
outputs/paper_writer_handoff_20260922/A_EVIDENCE_FOR_PAPER/08_predictions_and_emits/unified_55670_live_20260918/pilot120_temp_priority-20260915/T0.5/evaluations/rich_conservative_manager_v2.eval.json	4970	0f43a761b4290423ff5e0e37dfe64b83e3b53419722bf1e854f6b07b14ac82c5
outputs/paper_writer_handoff_20260922/A_EVIDENCE_FOR_PAPER/08_predictions_and_emits/unified_55670_live_20260918/pilot120_temp_priority-20260915/T0.5/predictions/degree_based_router_v2.predictions.jsonl	916457	3f0411606d50c4da199ecc9151ca686ad92806f66ed10bfa851bedd4c254efbd
outputs/paper_writer_handoff_20260922/A_EVIDENCE_FOR_PAPER/08_predictions_and_emits/unified_55670_live_20260918/pilot120_temp_priority-20260915/T0.5/predictions/goal_first_context_blind_v2.predictions.jsonl	1083835	be168384f97209e5e0f3bb7783386d3f696523becb69470ff2428a58393a738e
outputs/paper_writer_handoff_20260922/A_EVIDENCE_FOR_PAPER/08_predictions_and_emits/unified_55670_live_20260918/pilot120_temp_priority-20260915/T0.5/predictions/goal_first_manager_v2.predictions.jsonl	1009852	d3098593df2650fb47e95b4cdb93a6f42d3d9c0ec5ee284561dfb50e3c25db60
outputs/paper_writer_handoff_20260922/A_EVIDENCE_FOR_PAPER/08_predictions_and_emits/unified_55670_live_20260918/pilot120_temp_priority-20260915/T0.5/predictions/rich_conservative_manager_v2.predictions.jsonl	1023673	dcc9ddb8a965c0e399e9dbf47325c3dce29761f62169cb03fc206eed4541e1e7
outputs/paper_writer_handoff_20260922/A_EVIDENCE_FOR_PAPER/08_predictions_and_emits/unified_55670_live_20260918/pilot120_temp_priority-20260915/T0.5/progress.json	206	5c10fdd3eb5c26e7e45b7ad5263df1b3a8482641f3be851e024267d44ed3255b
outputs/paper_writer_handoff_20260922/A_EVIDENCE_FOR_PAPER/08_predictions_and_emits/unified_55670_live_20260918/pilot120_temp_priority-20260915/T0.5/run_manifest.json	2377	cd71b2a1dba2320f4d44fba1102ea7903389e455c75f420aca17cf7d155c09a7
outputs/paper_writer_handoff_20260922/A_EVIDENCE_FOR_PAPER/08_predictions_and_emits/unified_55670_live_20260918/pilot120_temp_priority-20260915/T0.7/evaluations/degree_based_router_v2.eval.json	4922	df382d64c0a7e1ed539b38100ff23b81eb46b9e5d8cf0035df38fdf79bf429d7
outputs/paper_writer_handoff_20260922/A_EVIDENCE_FOR_PAPER/08_predictions_and_emits/unified_55670_live_20260918/pilot120_temp_priority-20260915/T0.7/evaluations/goal_first_context_blind_v2.eval.json	4624	440e5e831fff6a92132583aa2b915180c1023d195251a27945fcbd4011bff8d9
outputs/paper_writer_handoff_20260922/A_EVIDENCE_FOR_PAPER/08_predictions_and_emits/unified_55670_live_20260918/pilot120_temp_priority-20260915/T0.7/evaluations/goal_first_manager_v2.eval.json	5038	fd5cdb5cfb307842b82fbbc6ce95718527786dcf46b670fd416c02d299af1a09
outputs/paper_writer_handoff_20260922/A_EVIDENCE_FOR_PAPER/08_predictions_and_emits/unified_55670_live_20260918/pilot120_temp_priority-20260915/T0.7/evaluations/rich_conservative_manager_v2.eval.json	5043	df7fc4826be994fa4756b306e6a8f3445cc0b670e57f2bb97ff22d9e2dcc288d
outputs/paper_writer_handoff_20260922/A_EVIDENCE_FOR_PAPER/08_predictions_and_emits/unified_55670_live_20260918/pilot120_temp_priority-20260915/T0.7/predictions/degree_based_router_v2.predictions.jsonl	914100	4660b2f46814d1a8abe08f43da3f62771873d0a4151748784d13baf40834f6b5
outputs/paper_writer_handoff_20260922/A_EVIDENCE_FOR_PAPER/08_predictions_and_emits/unified_55670_live_20260918/pilot120_temp_priority-20260915/T0.7/predictions/goal_first_context_blind_v2.predictions.jsonl	1091823	9f0a2415d0f4d8aef267934920e1438e98f290dffe2789943902e5fde9e5f3de
outputs/paper_writer_handoff_20260922/A_EVIDENCE_FOR_PAPER/08_predictions_and_emits/unified_55670_live_20260918/pilot120_temp_priority-20260915/T0.7/predictions/goal_first_manager_v2.predictions.jsonl	1005616	f6912be54080393acac4b9baac507fb9218607b04b1fdbfff4b1f576d149c219
outputs/paper_writer_handoff_20260922/A_EVIDENCE_FOR_PAPER/08_predictions_and_emits/unified_55670_live_20260918/pilot120_temp_priority-20260915/T0.7/predictions/rich_conservative_manager_v2.predictions.jsonl	1018462	339f8f70250a310d96acd08b0cd71792c7106a036f46d1b55d2a6ce0a13217e2
outputs/paper_writer_handoff_20260922/A_EVIDENCE_FOR_PAPER/08_predictions_and_emits/unified_55670_live_20260918/pilot120_temp_priority-20260915/T0.7/progress.json	206	0d0d550daabe325842599ef62bc909c00d60a5fda5433d9674e3938269884623
outputs/paper_writer_handoff_20260922/A_EVIDENCE_FOR_PAPER/08_predictions_and_emits/unified_55670_live_20260918/pilot120_temp_priority-20260915/T0.7/run_manifest.json	2377	82aafbb9e8b77c4e164fa249ce67f6ff4ff652198127444c0952894c65b2fb85
outputs/paper_writer_handoff_20260922/A_EVIDENCE_FOR_PAPER/08_predictions_and_emits/unified_55670_live_20260918/pilot120_temp_priority-20260915/T1.0/evaluations/degree_based_router_v2.eval.json	4906	58f3045b99a335fc0f35948feb2c599a6e87bb3fd94a02ce8bceb470bf0aced7
outputs/paper_writer_handoff_20260922/A_EVIDENCE_FOR_PAPER/08_predictions_and_emits/unified_55670_live_20260918/pilot120_temp_priority-20260915/T1.0/evaluations/goal_first_context_blind_v2.eval.json	4959	1ae8452bd40c0f7f3c5651e2754b4b02f474938b5b239fd9f8375654ce7037da
outputs/paper_writer_handoff_20260922/A_EVIDENCE_FOR_PAPER/08_predictions_and_emits/unified_55670_live_20260918/pilot120_temp_priority-20260915/T1.0/evaluations/goal_first_manager_v2.eval.json	5005	f4f653697019d7bdd8dc670347d0523065817543c41edd73e3cfc7c2b1b8be5a
outputs/paper_writer_handoff_20260922/A_EVIDENCE_FOR_PAPER/08_predictions_and_emits/unified_55670_live_20260918/pilot120_temp_priority-20260915/T1.0/evaluations/rich_conservative_manager_v2.eval.json	5051	94ef57180478f6c23cd5569ba9c1ba943bf2bba1831599cb96374b8814407edd
outputs/paper_writer_handoff_20260922/A_EVIDENCE_FOR_PAPER/08_predictions_and_emits/unified_55670_live_20260918/pilot120_temp_priority-20260915/T1.0/predictions/degree_based_router_v2.predictions.jsonl	922272	12a2cd8aa3eebeaaef1b55bc4cc61ff71a66030b56d5a5d49c41a02094745e17
outputs/paper_writer_handoff_20260922/A_EVIDENCE_FOR_PAPER/08_predictions_and_emits/unified_55670_live_20260918/pilot120_temp_priority-20260915/T1.0/predictions/goal_first_context_blind_v2.predictions.jsonl	1093644	53403bbf25755ab1315b958e272a4667916edc4efefdc7b2812221e6923f5946
outputs/paper_writer_handoff_20260922/A_EVIDENCE_FOR_PAPER/08_predictions_and_emits/unified_55670_live_20260918/pilot120_temp_priority-20260915/T1.0/predictions/goal_first_manager_v2.predictions.jsonl	1012819	e1f4f55eb00cc73a958b099dd03073d3b30844c2065924da1b192f2feeaba603
outputs/paper_writer_handoff_20260922/A_EVIDENCE_FOR_PAPER/08_predictions_and_emits/unified_55670_live_20260918/pilot120_temp_priority-20260915/T1.0/predictions/rich_conservative_manager_v2.predictions.jsonl	1027571	3f6f2e51ce7936508b9031c0c581ebc3048aa9191c117704af91342f4b7137f1
outputs/paper_writer_handoff_20260922/A_EVIDENCE_FOR_PAPER/08_predictions_and_emits/unified_55670_live_20260918/pilot120_temp_priority-20260915/T1.0/progress.json	206	a0f856b487781cad74b237d0d5c044720374ebd03614f46563344334018230f3
outputs/paper_writer_handoff_20260922/A_EVIDENCE_FOR_PAPER/08_predictions_and_emits/unified_55670_live_20260918/pilot120_temp_priority-20260915/T1.0/run_manifest.json	2603	99f52d57e8190338a781feb688862f628c7eb6ae8936c49b8634d04a088507c6
outputs/paper_writer_handoff_20260922/A_EVIDENCE_FOR_PAPER/08_predictions_and_emits/unified_55670_live_20260918/pilot120_temp_priority-20260915/unified_submission.tsv	132	363b67e4290130bf06d2afa189600727bfd4ff5d588ffb6ccbccd6b5fa46cad7
outputs/paper_writer_handoff_20260922/A_EVIDENCE_FOR_PAPER/08_predictions_and_emits/unified_55670_live_20260918/T0.3/evaluations/degree_based_router_v2.eval.json	4873	e1a686b02cddd9e2b10e97b26d9d010c8035115793b1a1376849053366b67453
outputs/paper_writer_handoff_20260922/A_EVIDENCE_FOR_PAPER/08_predictions_and_emits/unified_55670_live_20260918/T0.3/evaluations/goal_first_context_blind_v2.eval.json	4452	5b825a4d5958b438a9f326c5c4af5a6aff8f16f369fd0244f5ddd3a7e1fd705e
outputs/paper_writer_handoff_20260922/A_EVIDENCE_FOR_PAPER/08_predictions_and_emits/unified_55670_live_20260918/T0.3/evaluations/goal_first_manager_v2.eval.json	5005	32c0f6da73fa7bcca484b391a2b9dc0f7c834317eea64015d105386c99635178
outputs/paper_writer_handoff_20260922/A_EVIDENCE_FOR_PAPER/08_predictions_and_emits/unified_55670_live_20260918/T0.3/evaluations/rich_conservative_manager_v2.eval.json	5017	13bd44731da59a755b85e5c94d74889405dba1d5d40a5120a8e5381b19d7a471
outputs/paper_writer_handoff_20260922/A_EVIDENCE_FOR_PAPER/08_predictions_and_emits/unified_55670_live_20260918/T0.3/predictions/degree_based_router_v2.predictions.jsonl	913882	69cc8f5b7e26c1ad40ba5cf464bf7324aacf6a0f7fdca484e0fa72e48bd4539a
outputs/paper_writer_handoff_20260922/A_EVIDENCE_FOR_PAPER/08_predictions_and_emits/unified_55670_live_20260918/T0.3/predictions/goal_first_context_blind_v2.predictions.jsonl	1097975	584d1deeb43d07b6506c5e2968b9366fa8ec2daa92d9d5df5c1c3241c4149198
outputs/paper_writer_handoff_20260922/A_EVIDENCE_FOR_PAPER/08_predictions_and_emits/unified_55670_live_20260918/T0.3/predictions/goal_first_manager_v2.predictions.jsonl	1012902	665a76b9c720218127583036cd5181506fb1d5c25e939e2d91c6e8e0e5596f84
outputs/paper_writer_handoff_20260922/A_EVIDENCE_FOR_PAPER/08_predictions_and_emits/unified_55670_live_20260918/T0.3/predictions/rich_conservative_manager_v2.predictions.jsonl	1025110	16ca6c1f242b2a47dd388da543ab045e848db342234dad300d6238ddfa12d274
outputs/paper_writer_handoff_20260922/A_EVIDENCE_FOR_PAPER/08_predictions_and_emits/unified_55670_live_20260918/T0.3/progress.json	203	182b4fea7e399c7e05d7b97006fb2a58c1b22d68d5d148a27141b0c0ae5daacb
outputs/paper_writer_handoff_20260922/A_EVIDENCE_FOR_PAPER/08_predictions_and_emits/unified_55670_live_20260918/T0.3/run_manifest.json	2536	592cf8287325cb42ce52f77c2c0c211e22d6597184148b7644bbfb02d22ac681
outputs/paper_writer_handoff_20260922/A_EVIDENCE_FOR_PAPER/08_predictions_and_emits/unified_55670_live_20260918/T1.0/evaluations/degree_based_router_v2.eval.json	4614	b17d348a1a6b6830f78532fa8da748510b170f9bd7920c8ed04ca3a36c0eafe6
outputs/paper_writer_handoff_20260922/A_EVIDENCE_FOR_PAPER/08_predictions_and_emits/unified_55670_live_20260918/T1.0/evaluations/goal_first_context_blind_v2.eval.json	4632	20053162ff77e2feca692deaad41245242e1e7637eb722c6ce9a5022c1eaa9f7
outputs/paper_writer_handoff_20260922/A_EVIDENCE_FOR_PAPER/08_predictions_and_emits/unified_55670_live_20260918/T1.0/evaluations/goal_first_manager_v2.eval.json	4741	f9f60cff5da4d9bb56c9af633219650d901b6c7f2d7de21bad746b48c7b292bf
outputs/paper_writer_handoff_20260922/A_EVIDENCE_FOR_PAPER/08_predictions_and_emits/unified_55670_live_20260918/T1.0/evaluations/rich_conservative_manager_v2.eval.json	4786	42865a30deacc27283fde3f89b396ac4160b92e2f9a9dd5534a3c140a2ada6cb
outputs/paper_writer_handoff_20260922/A_EVIDENCE_FOR_PAPER/08_predictions_and_emits/unified_55670_live_20260918/T1.0/predictions/degree_based_router_v2.predictions.jsonl	940547	27d416dcc89a05bad1563da87c9b04227802a1b95a702324339fdfcba44e19bf
outputs/paper_writer_handoff_20260922/A_EVIDENCE_FOR_PAPER/08_predictions_and_emits/unified_55670_live_20260918/T1.0/predictions/goal_first_context_blind_v2.predictions.jsonl	1099441	502a63cb9b0143b837b944288dd1aedfcf9d837ea6162966c4da96de88703a72
outputs/paper_writer_handoff_20260922/A_EVIDENCE_FOR_PAPER/08_predictions_and_emits/unified_55670_live_20260918/T1.0/predictions/goal_first_manager_v2.predictions.jsonl	1035038	2c1caac0e67af7f2f97e1f6ff81272be589e0fc81878d4b0239eae784afb62b9
outputs/paper_writer_handoff_20260922/A_EVIDENCE_FOR_PAPER/08_predictions_and_emits/unified_55670_live_20260918/T1.0/predictions/rich_conservative_manager_v2.predictions.jsonl	1050357	37878bc4321ec9ba3746e79c760eb20ec8dfde65b0ab054f752d18af91e2bef7
outputs/paper_writer_handoff_20260922/A_EVIDENCE_FOR_PAPER/08_predictions_and_emits/unified_55670_live_20260918/T1.0/progress.json	184	1aad776bbacd11ef3739b9032ec0f840128ec0a962eee823692b8c1ee7d0241b
outputs/paper_writer_handoff_20260922/A_EVIDENCE_FOR_PAPER/08_predictions_and_emits/unified_55670_live_20260918/T1.0/run_manifest.json	2009	38c8aa44dc962a4551c43833b50d1ff3d06b7611ee4429470016a25fba1ec52c
outputs/paper_writer_handoff_20260922/A_EVIDENCE_FOR_PAPER/08_predictions_and_emits/unified_55670_repaired_20260918/T0.7/predictions/goal_first_manager_v2.predictions.jsonl	1014960	e6cb2070aa56c566f955ce064775ffaac489a82962135ee69445b6e53182f258
outputs/paper_writer_handoff_20260922/A_EVIDENCE_FOR_PAPER/09_code_contracts/configs/annotation/a02_a04_r3_full_run_preparation.json	821	40eb4a744f50dc7381d159884fb5dc3c45ca1e53712976846b53bc8b909f049d
outputs/paper_writer_handoff_20260922/A_EVIDENCE_FOR_PAPER/09_code_contracts/configs/annotation/a02_a04_r3_inference.json	998	17057fc6ca1e049ffbd07163ebed2bb5d05a4712560cbc4f5b833e3486643d1c
outputs/paper_writer_handoff_20260922/A_EVIDENCE_FOR_PAPER/09_code_contracts/configs/annotation/a02_a04_r3_model_selection_v2.json	1605	8343234bbe635a3ec0ed8c8cd45108bbe2a7e93bf76b3c5d19d26b306aaa16b3
outputs/paper_writer_handoff_20260922/A_EVIDENCE_FOR_PAPER/09_code_contracts/configs/annotation/a02_a04_r3_runtime_manifest.json	1551	2626d630e577b88c2e5e6fc021bc43ba46f3b2151efa7fb1e118dca221798c3f
outputs/paper_writer_handoff_20260922/A_EVIDENCE_FOR_PAPER/09_code_contracts/configs/annotation/annotation_roles_v1.json	2251	7a0a976a9f2598740f86283d7d473a1d28b8b793fa933cf3191fe9d48f6b6204
outputs/paper_writer_handoff_20260922/A_EVIDENCE_FOR_PAPER/09_code_contracts/configs/annotation/annotation_schema_v1.json	4310	23297368b09c70c3982680a509525d42451180f65a1835adf671ea7c3f792054
outputs/paper_writer_handoff_20260922/A_EVIDENCE_FOR_PAPER/09_code_contracts/configs/annotation/design_cells_v1.json	1939	b335b653cba4b9e4b98ab99caebcdba7cce78dbe2535fa0702f4090d37137933
outputs/paper_writer_handoff_20260922/A_EVIDENCE_FOR_PAPER/09_code_contracts/configs/annotation/intent_taxonomy_v1.json	1478	57829bd05ec21b047c7ec984e731276f9e15d422dcc05dc15eda67211297fc8c
outputs/paper_writer_handoff_20260922/A_EVIDENCE_FOR_PAPER/09_code_contracts/configs/annotation/route_precedence_v1.json	2419	5b3d4bfa8d660262e0120ba6e420a9fda8bca5dec04950339aeb3f86111c9e0e
outputs/paper_writer_handoff_20260922/A_EVIDENCE_FOR_PAPER/09_code_contracts/configs/evaluation/ambik_ambiguity_type_prediction_contract_v1.json	600	c5660d9200f1a81d48cdc34e0b11066996f22e04982ad117ea174797976dc7ab
outputs/paper_writer_handoff_20260922/A_EVIDENCE_FOR_PAPER/09_code_contracts/configs/evaluation/ambik_ambiguity_type_prompt_v1.txt	304	a3ab284df7f282d13551156ac11b52ee394f8a2c0a3a535bda41cd501fd7194a
outputs/paper_writer_handoff_20260922/A_EVIDENCE_FOR_PAPER/09_code_contracts/configs/evaluation/ambik_ambiguity_type_prompt_v2_safety_first.txt	541	fc5755be6519322da9235e4815be23a9726f2e1ccd2ab8425571bec92b841ea2
outputs/paper_writer_handoff_20260922/A_EVIDENCE_FOR_PAPER/09_code_contracts/configs/evaluation/clara_context_routing_prediction_contract_v1.json	414	5d206485f8e35977c2b93f1b9406370e429d3728347a3fafd0a0e14a0583c919
outputs/paper_writer_handoff_20260922/A_EVIDENCE_FOR_PAPER/09_code_contracts/configs/evaluation/clara_context_routing_prompt_v1.txt	296	59906730c6e929bcfe5c51e0718e82653fa1dc7c849c21977c6f9f882fb7becf
outputs/paper_writer_handoff_20260922/A_EVIDENCE_FOR_PAPER/09_code_contracts/configs/evaluation/cpc_normalisation_v1.json	862	ddafe71a930522a81d026be3b36e269115d3485ed29c61e5c94dfcac67e23c03
outputs/paper_writer_handoff_20260922/A_EVIDENCE_FOR_PAPER/09_code_contracts/configs/evaluation/dataset_native_exploratory_evaluation_v1.json	4200	930c8c4b62a76bb9a60baab3642d05dd020aa0a9e6e1c471bd47398efdaba007
outputs/paper_writer_handoff_20260922/A_EVIDENCE_FOR_PAPER/09_code_contracts/configs/evaluation/evaluator_policy_v1.json	6257	987bebd0aabf04fcac5caa57bd8ed03d5eb9a24d61e17fd18778b097992dab57
outputs/paper_writer_handoff_20260922/A_EVIDENCE_FOR_PAPER/09_code_contracts/configs/evaluation/indirect_pragmatic_prediction_contract_v1.json	304	fbffc9e83f18c2759daba07d8f2fc32ce7f1557930f53cdd37720557446d7c6b
outputs/paper_writer_handoff_20260922/A_EVIDENCE_FOR_PAPER/09_code_contracts/configs/evaluation/indirect_pragmatic_prompt_v1.txt	266	db25b365a180afb597fbd14a7d52a77c69cdd8113577a04e3b5054ec32c8de9b
outputs/paper_writer_handoff_20260922/A_EVIDENCE_FOR_PAPER/09_code_contracts/configs/evaluation/interpretation_correctness_v1.json	2192	434b51d791c4d1795f4447b26a8663c9e7b56943c2267b6e8a45602b11ffdc31
outputs/paper_writer_handoff_20260922/A_EVIDENCE_FOR_PAPER/09_code_contracts/configs/evaluation/pilot120_early_analysis_policy_v1.json	1164	8fb1f28518667d2d1be6793db351eae39349959cf4fa13375d0f298f181d3f23
outputs/paper_writer_handoff_20260922/A_EVIDENCE_FOR_PAPER/09_code_contracts/configs/evaluation/pilot120_t39_evidence_policy_v1.json	1591	13a631c0576d27a92460562c4a79b8b917b2837fdbe7a315675840d32ed4eb0e
outputs/paper_writer_handoff_20260922/A_EVIDENCE_FOR_PAPER/09_code_contracts/configs/evaluation/pilot120_t43_factorial_context_policy_v1.json	5214	d35748ce5b1bf17bfd4f03903798a208239e1a90499a606c4c7135c8f0413550
outputs/paper_writer_handoff_20260922/A_EVIDENCE_FOR_PAPER/09_code_contracts/configs/evaluation/pilot120_t44_pilot_provenance_recovery_template.json	920	827fc567a58e594741352fddb6d88a8010a5b69d668c72348f688845b2f4c033
outputs/paper_writer_handoff_20260922/A_EVIDENCE_FOR_PAPER/09_code_contracts/configs/evaluation/pilot120_t44_review_packet_template.json	1455	0997a5746d6db04d3ebc56b649b34e64cd731de369bdd9f4f63b937c2a1dedcb
outputs/paper_writer_handoff_20260922/A_EVIDENCE_FOR_PAPER/09_code_contracts/configs/evaluation/pilot120_t44_source_provenance_template.json	881	caa619f7ef67bed6dc69632069a400afdcdf29de79429d8f0818ed733e8c8881
outputs/paper_writer_handoff_20260922/A_EVIDENCE_FOR_PAPER/09_code_contracts/configs/evaluation/pilot120_t44_three_axis_exclusion_template.json	866	fe8d38850b04e382973079557aa2b48fafd8d941799e9a0fce7a3c25e78a0fcb
outputs/paper_writer_handoff_20260922/A_EVIDENCE_FOR_PAPER/09_code_contracts/configs/evaluation/pilot_120_v1.json	1420	d9607f6477e54be017cca52ff95d79f8f8d90328be78c8dd1063f1b87242bd38
outputs/paper_writer_handoff_20260922/A_EVIDENCE_FOR_PAPER/09_code_contracts/configs/evaluation/t41_interpretation_sidecar_contract_v1.json	8838	6644cde579c9e15e70a8ec2be64d9018f5b04fa21c005c836e831df6ccc932da
outputs/paper_writer_handoff_20260922/A_EVIDENCE_FOR_PAPER/09_code_contracts/configs/evaluation/t42_single_ambiguity_study_scaffold_v1.json	3541	451b8f7e180112bb86a27246f64a5bf6deaba7a3e276b00ae38cf67b3d1c867d
outputs/paper_writer_handoff_20260922/A_EVIDENCE_FOR_PAPER/09_code_contracts/configs/evaluation/vague_goal_triplet_gemma_glm_canary_binding_v1.json	1603	89d189b1a7725bce61816863f210078f69bc24fa4ed1a63ec3c749716a9e3b84
outputs/paper_writer_handoff_20260922/A_EVIDENCE_FOR_PAPER/09_code_contracts/configs/evaluation/vague_goal_triplet_prediction_contract_v1.json	1108	72fff145602463cce464254e9ec60e400aaf853f5368c3a5c5b6df514b6ef7af
outputs/paper_writer_handoff_20260922/A_EVIDENCE_FOR_PAPER/09_code_contracts/configs/evaluation/vague_goal_triplet_prompt_v1.txt	372	c2de8803cc665f87a8646dc34767acfbbf551199f5618315cc2298ff01881faa
outputs/paper_writer_handoff_20260922/A_EVIDENCE_FOR_PAPER/09_code_contracts/scripts/clarify_cpc_rescue_20260918.py	11662	160b6e804597773ab073d067b30d678e24ec903e52a46acf9be73f334b7e77de
outputs/paper_writer_handoff_20260922/A_EVIDENCE_FOR_PAPER/09_code_contracts/scripts/evaluate_goal_first_manager_v2.py	29260	66d150d246859dbcc5fb961640aab7ebd46a018133e8e57a8aee1afaa33d61a9
outputs/paper_writer_handoff_20260922/A_EVIDENCE_FOR_PAPER/09_code_contracts/scripts/field_rescue_audit_20260918.py	19173	e9454b260a258e303b2b699502dde4e54ac8bcd3a6c67957505e627d0b141103
outputs/paper_writer_handoff_20260922/A_EVIDENCE_FOR_PAPER/09_code_contracts/scripts/reroute_patched_capability_20260918.py	9667	584bc3ab16724b68bb9645bfe859aa6ea2e9f993ba2c4723d6a817ebf41ef75f
outputs/paper_writer_handoff_20260922/A_EVIDENCE_FOR_PAPER/09_code_contracts/scripts/run_capability_llm_judge_20260918.py	9835	15f5efc33a637f57ff0a80a598593339accf3d33fbcbb45fdfcf347e7b2e4538
outputs/paper_writer_handoff_20260922/A_EVIDENCE_FOR_PAPER/09_code_contracts/scripts/run_early_8b_vs_1p7b_local.py	4621	f5a5b9eab62bf0cd69ef3fe13d590a1835fb9796e6fd1512d7e058d2a738d021
outputs/paper_writer_handoff_20260922/A_EVIDENCE_FOR_PAPER/09_code_contracts/scripts/sprint_capability_ambiguity_rescue_20260918.py	18155	9f41e20da5b8aad4bc24974e59cbd8485cb140b4bbf35a857d6d5611dcfe86a1
outputs/paper_writer_handoff_20260922/A_EVIDENCE_FOR_PAPER/09_code_contracts/src/ambiguity_manager/systems/contracts.py	20896	a3411f8943b763af0cddb365c1a4199a7855ac8da6a478fc00fe89f7f15f8d8e
outputs/paper_writer_handoff_20260922/A_EVIDENCE_FOR_PAPER/09_code_contracts/src/ambiguity_manager/systems/goal_first_analysis_v2.py	21031	2cd82caa4b2e908693876ff6515457d6bc7472c1894e4c2df1e3f8a0466ac88e
outputs/paper_writer_handoff_20260922/A_EVIDENCE_FOR_PAPER/09_code_contracts/src/ambiguity_manager/systems/manager.py	7787	3218b4dfdf216131afb17f773f32f2754d6bcced547568308df5c3197b85cec7
outputs/paper_writer_handoff_20260922/A_EVIDENCE_FOR_PAPER/09_code_contracts/src/ambiguity_manager/systems/response_generation.py	15283	a83a7f3841b7a65d15f1feefb32fe75e75e31cc012be367e444e4e65bd049462
outputs/paper_writer_handoff_20260922/A_EVIDENCE_FOR_PAPER/09_code_contracts/src/ambiguity_manager/systems/routing.py	23500	77327493cca48bb02fca462180d4e2f0c80da94b07c0aa3aba0f3d4c275d64ab
outputs/paper_writer_handoff_20260922/A_EVIDENCE_FOR_PAPER/09_code_contracts/src/ambiguity_manager/systems/variants.py	17743	e76e66acc270664b2291828f8b2a7723f856a05406301e37b9f040d9373f1a97
outputs/paper_writer_handoff_20260922/A_EVIDENCE_FOR_PAPER/10_temperature_and_latency/11-temperature-evidence-brief.md	14984	101cc5b1a67ffbbfe0da4db25260aef1900e69bd717c61529487e08260d3730d
outputs/paper_writer_handoff_20260922/A_EVIDENCE_FOR_PAPER/10_temperature_and_latency/22-early-8b-vs-1p7b-T0.7.md	1332	b001d79477e4586fdcf4016cbfb194b4a5ffb81c40efd69aa624d755f593a563
outputs/paper_writer_handoff_20260922/A_EVIDENCE_FOR_PAPER/10_temperature_and_latency/cluster_latency_pack/latency_1p7b.sbatch	3523	20eebbc2fc5c16673b42a113cd25501aef54df846776c72f8791ff81f933f3f2
outputs/paper_writer_handoff_20260922/A_EVIDENCE_FOR_PAPER/10_temperature_and_latency/cluster_latency_pack/latency_4b.sbatch	3331	e7f4e28acf5d4ed685e99e54ce5fec42d12fc5ea3aa4f18324855f50450953f2
outputs/paper_writer_handoff_20260922/A_EVIDENCE_FOR_PAPER/10_temperature_and_latency/cluster_latency_pack/README.md	1581	e2097012101aad9f35fba077003824e474f9bab821bd7382e92209fbe33ecc34
outputs/paper_writer_handoff_20260922/A_EVIDENCE_FOR_PAPER/10_temperature_and_latency/cluster_latency_pack/repair_1p7b.sbatch	4163	8fbfae8e29da8c4a6294713e4b491259e662a98aec7d59fec913cee88da0dd06
outputs/paper_writer_handoff_20260922/A_EVIDENCE_FOR_PAPER/10_temperature_and_latency/cluster_latency_pack/submit.sh	890	3b0e694c4acf120e2958e7fd80bc91f71e8949fd8eb084988961bb72f9dc6a7c
outputs/paper_writer_handoff_20260922/A_EVIDENCE_FOR_PAPER/10_temperature_and_latency/cluster_latency_pack/submit_1p7b.sh	923	2dbd478f5e634ae4f4746dca6565afad66133f34c49bbc90adda654f1de966cd
outputs/paper_writer_handoff_20260922/A_EVIDENCE_FOR_PAPER/10_temperature_and_latency/cluster_latency_pack/submit_repair_1p7b.sh	839	48ebc393b45c0e49c742a39026d8a63f62ae05014e913b390f6ac7d784ba38ad
outputs/paper_writer_handoff_20260922/A_EVIDENCE_FOR_PAPER/10_temperature_and_latency/cluster_latency_pack/sync_and_submit.sh	1754	6ab404a56ff45c3fe02fc483bc7484e5993c56353e97121c214630479e834b6f
outputs/paper_writer_handoff_20260922/A_EVIDENCE_FOR_PAPER/10_temperature_and_latency/cluster_latency_pack/sync_and_submit_1p7b.sh	1749	70f549d0894dde667e95435967c435234ef5687b3c5b2f0cdf8c2b1131104e02
outputs/paper_writer_handoff_20260922/A_EVIDENCE_FOR_PAPER/10_temperature_and_latency/early_8b_vs_1p7b_T0.7.json	1597	914ea319cc6c5b9e2955bbf959f6bc913014edc3c9bbeb013cdf7619562c7932
outputs/paper_writer_handoff_20260922/A_EVIDENCE_FOR_PAPER/11_full_archive_pointer.md	540	0d96741d41a05a5717624a05da8cc273e4fb03b6dfacb87c961b077f21b9af34
outputs/paper_writer_handoff_20260922/A_EVIDENCE_FOR_PAPER/12_context_checkpoint/pilot120-stable-checkpoint-20260915.md	10547	0d22299dc54b5da50c68bf8d16977204c8f9cdf57652b005694045b1d2ead5d9
outputs/paper_writer_handoff_20260922/A_EVIDENCE_FOR_PAPER/13_intent_judging_and_comparators/06b-older-two-judge-misses.md	4504	bd409c8ff754e10a1835a4495da125036ad53eef2ef0624659380dae80cd13f2
outputs/paper_writer_handoff_20260922/A_EVIDENCE_FOR_PAPER/13_intent_judging_and_comparators/11_proposal_alignment_contract.md	2196	bed0bbffd4cdda84a00bb584fd48b4a4f1c24855be5c13826585224605c49d26
outputs/paper_writer_handoff_20260922/A_EVIDENCE_FOR_PAPER/13_intent_judging_and_comparators/12-proposal-metrics.md	15973	0c910bb8b3dbd7ffb5a4c03a7db038443c3cf00280f4915ece845db913c40040
outputs/paper_writer_handoff_20260922/A_EVIDENCE_FOR_PAPER/13_intent_judging_and_comparators/base_adapter_sgc_packet_20260911/blind_judge_pass_1_120.jsonl	556562	403aefc2096c234f937af42b140ed182f4faed339d91ee450c571e4f2a412dbb
outputs/paper_writer_handoff_20260922/A_EVIDENCE_FOR_PAPER/13_intent_judging_and_comparators/base_adapter_sgc_packet_20260911/blind_judge_pass_2_120.jsonl	582313	566e2bdf91613f6a3fe12227100580c30cf91a7ca75bb280c4110509a555cf53
outputs/paper_writer_handoff_20260922/A_EVIDENCE_FOR_PAPER/13_intent_judging_and_comparators/base_adapter_sgc_packet_20260911/blind_semantic_goal_judge_packet_240.jsonl	1138875	8764451546759c6edb8c6efefd710e0d20113137c362088f98f88f3543f37002
outputs/paper_writer_handoff_20260922/A_EVIDENCE_FOR_PAPER/13_intent_judging_and_comparators/base_adapter_sgc_packet_20260911/intent_observable_traces_240.jsonl	800687	eb21be7cd104c459d916314e7efd02bf5728c50aed888cf65fdf399f99afa1af
outputs/paper_writer_handoff_20260922/A_EVIDENCE_FOR_PAPER/13_intent_judging_and_comparators/base_adapter_sgc_packet_20260911/PACKET_AUDIT.json	554	dcfd23a3039b7978af4583fa8a0edc0254d8a52ad08db45ae9aefb2e95874874
outputs/paper_writer_handoff_20260922/A_EVIDENCE_FOR_PAPER/13_intent_judging_and_comparators/base_adapter_sgc_packet_20260911/SEALED_evaluation_mapping.jsonl	26400	cc6ea8b20596ee285cfdc8637c32181e07cab343c6eb26bd5850b48bc0c34495
outputs/paper_writer_handoff_20260922/A_EVIDENCE_FOR_PAPER/13_intent_judging_and_comparators/final_close_20260913/_score_intent_box_overlap.py	10211	a945ea0c785e22db90364f1d3079ab6400c9a6b8618060a3544db3fd40cf7fa9
outputs/paper_writer_handoff_20260922/A_EVIDENCE_FOR_PAPER/13_intent_judging_and_comparators/final_close_20260913/_score_low_risk_routing.py	6388	c20e4ef3a22ccd1b0487d6f12ded1d2e2ef19fa0d2677de5cca6c8b155d84333
outputs/paper_writer_handoff_20260922/A_EVIDENCE_FOR_PAPER/13_intent_judging_and_comparators/final_close_20260913/ft_run_manifest.json	1775	b87f673ca2ad033bdc688572d2240cbfb158c549a7a72c69d4f54c36ab03eeb9
outputs/paper_writer_handoff_20260922/A_EVIDENCE_FOR_PAPER/13_intent_judging_and_comparators/final_close_20260913/gfv2_sgc_summary.json	501	9c2cae255d36e6ca43062934bc0e3c0305bb02462a13fcb4248828473cfec1de
outputs/paper_writer_handoff_20260922/A_EVIDENCE_FOR_PAPER/13_intent_judging_and_comparators/final_close_20260913/intent_box/direct_base_llm.predictions.jsonl	558904	209c2113dc1b80e0acd7cbd302ca4548f70692a9eada8829055038093976bbc7
outputs/paper_writer_handoff_20260922/A_EVIDENCE_FOR_PAPER/13_intent_judging_and_comparators/final_close_20260913/intent_box/t28_selected_adapter_llm.predictions.jsonl	473024	6fec9c33edfcc555213858d90c41261382c2f5aed4f8c33fb96ab99adbb1b3a7
outputs/paper_writer_handoff_20260922/A_EVIDENCE_FOR_PAPER/13_intent_judging_and_comparators/final_close_20260913/intent_box_automatic_overlap_recompute.json	3021	cd3f14e3592c02ffdcc685e7b58bbd72a08865ecc37012e11886df32ea80fb36
outputs/paper_writer_handoff_20260922/A_EVIDENCE_FOR_PAPER/13_intent_judging_and_comparators/final_close_20260913/intent_box_sgc_rows.jsonl	41320	ef21a9172ae125e8cdaaa6f89c0a20716ca304cd97132ec0c9ca659f9fd8add9
outputs/paper_writer_handoff_20260922/A_EVIDENCE_FOR_PAPER/13_intent_judging_and_comparators/final_close_20260913/intent_box_sgc_summary.json	513	4e5d41c7ab569fedbd5f5c2ff497e45bd99625e5d09535121cb1cb7a8a8e716c
outputs/paper_writer_handoff_20260922/A_EVIDENCE_FOR_PAPER/13_intent_judging_and_comparators/final_close_20260913/low_risk_routing_accuracy.json	1012	10ba965398958310353d3669ee3bf91c4d4304ddce1a49e5aa6f0cc2dbc9b1d3
outputs/paper_writer_handoff_20260922/A_EVIDENCE_FOR_PAPER/13_intent_judging_and_comparators/final_close_20260913/raw_run_manifest.json	760	2dc7b2899086c3d37e04b0a845425a19bcac4821424b717a1dca8c8aa19853ed
outputs/paper_writer_handoff_20260922/A_EVIDENCE_FOR_PAPER/13_intent_judging_and_comparators/gfv2_intent_summary_sgc_packet_20260913/blind_judge_pass_1_120.jsonl	294148	1ad2a8cdcc2f872fb4aeb1ce89acda5bdc1e0f0c9b18bb1a9b659ce670c4c620
outputs/paper_writer_handoff_20260922/A_EVIDENCE_FOR_PAPER/13_intent_judging_and_comparators/gfv2_intent_summary_sgc_packet_20260913/blind_judge_pass_2_120.jsonl	285916	8fa81f6bcd47d89571bd6b22a5bc249b894c0aef1763484b15d69f5aa1e00cb0
outputs/paper_writer_handoff_20260922/A_EVIDENCE_FOR_PAPER/13_intent_judging_and_comparators/gfv2_intent_summary_sgc_packet_20260913/blind_semantic_goal_judge_packet_240.jsonl	580064	76977c25a72f65477183c92a15992bf7cd20d953a70716e74c3c44295c0a839a
outputs/paper_writer_handoff_20260922/A_EVIDENCE_FOR_PAPER/13_intent_judging_and_comparators/gfv2_intent_summary_sgc_packet_20260913/intent_observable_traces_240.jsonl	266793	f5a80382a2e117a35b5d5cc2b0f58dcfdc1f0eca7bd11ad0cc79d62563304a30
outputs/paper_writer_handoff_20260922/A_EVIDENCE_FOR_PAPER/13_intent_judging_and_comparators/gfv2_intent_summary_sgc_packet_20260913/PACKET_AUDIT.json	1660	c91db351392a4d75717849f318c217d780c766143afe9f1760f5892b8cc8a9ad
outputs/paper_writer_handoff_20260922/A_EVIDENCE_FOR_PAPER/13_intent_judging_and_comparators/gfv2_intent_summary_sgc_packet_20260913/README.md	766	8f2b9bdd88d189f03e469f4ecc38474a4ca81088a49dabde0b7986a0b3ffd46d
outputs/paper_writer_handoff_20260922/A_EVIDENCE_FOR_PAPER/13_intent_judging_and_comparators/gfv2_intent_summary_sgc_packet_20260913/SEALED_evaluation_mapping.jsonl	27240	ad9a5399fc919a2388d6f3454cc02ad579635ea3f216f77ddc828b2780b24e2c
outputs/paper_writer_handoff_20260922/A_EVIDENCE_FOR_PAPER/13_intent_judging_and_comparators/gfv2_r1r2_ablation_20260912.json	21153	f2ddf93cc65618f394e251c8e99413bc58f3b994d359c0b899d1bd15f0cd8f3d
outputs/paper_writer_handoff_20260922/A_EVIDENCE_FOR_PAPER/13_intent_judging_and_comparators/goal_and_route_ablation_20260913.json	4018	99acdee64c234bef9f03e914b1c9a2196c1b8ac42daaa077b9e3028d7aee39d9
outputs/paper_writer_handoff_20260922/A_EVIDENCE_FOR_PAPER/13_intent_judging_and_comparators/local_proposal_gaps_20260913.json	3023	72ece70187628e8f9f9787164d528e174252f119b9f2440bd6acd4b4b3755281
outputs/paper_writer_handoff_20260922/A_EVIDENCE_FOR_PAPER/13_intent_judging_and_comparators/official_sidecar_followon_20260914.json	24554	ae91eaec11cdf2007c98bf7861f7d00335f505560b0b74a51f2b7eb3f3de949d
outputs/paper_writer_handoff_20260922/A_EVIDENCE_FOR_PAPER/13_intent_judging_and_comparators/pilot120_semantic_intent_judging_20260908/A_B_agreement.json	729	34f155ddc6d320e050b5ab61c3d9f5a9136cad3974c7e43772c8b60ee3e8cedf
outputs/paper_writer_handoff_20260922/A_EVIDENCE_FOR_PAPER/13_intent_judging_and_comparators/pilot120_semantic_intent_judging_20260908/A_B_consensus.jsonl	221401	d4d7fb86bd861586cbae6643fae374f789223cfb8e7f3220ef1e9499f3a10f05
outputs/paper_writer_handoff_20260922/A_EVIDENCE_FOR_PAPER/13_intent_judging_and_comparators/pilot120_semantic_intent_judging_20260908/A_B_disagreements.jsonl	69499	f92cfd605f87725d9269e10767352c209e4c2f1cfb6bc394738881748153b536
outputs/paper_writer_handoff_20260922/A_EVIDENCE_FOR_PAPER/13_intent_judging_and_comparators/pilot120_semantic_intent_judging_20260908/blind_adjudication_packet.jsonl	275254	6c10e2c173d1e7b2e4f986265cd66c30f3072f5dd57cb8b209d32b6b225f7b64
outputs/paper_writer_handoff_20260922/A_EVIDENCE_FOR_PAPER/13_intent_judging_and_comparators/pilot120_semantic_intent_judging_20260908/execution_manifests/Judge_A_pass_1.manifest.json	872	b8f2508dc7b14d7f47c00566026d0eaec9a921299c23a6eef78f589cbe5d0169
outputs/paper_writer_handoff_20260922/A_EVIDENCE_FOR_PAPER/13_intent_judging_and_comparators/pilot120_semantic_intent_judging_20260908/execution_manifests/Judge_A_pass_2.manifest.json	872	1e83979cba26c6256de6e4ce742811e2041d97eab6597becc33e98bb1b158ac3
outputs/paper_writer_handoff_20260922/A_EVIDENCE_FOR_PAPER/13_intent_judging_and_comparators/pilot120_semantic_intent_judging_20260908/execution_manifests/Judge_B_pass_1.manifest.json	872	1783c7181634dabd62e2f83734aaefedeb109044dacde2d5d72ceaa714193e4d
outputs/paper_writer_handoff_20260922/A_EVIDENCE_FOR_PAPER/13_intent_judging_and_comparators/pilot120_semantic_intent_judging_20260908/execution_manifests/Judge_B_pass_2.manifest.json	872	4bd22eb8f7a47b30351e1e47c0084f15cde9e209fe56446472548d43615ee51c
outputs/paper_writer_handoff_20260922/A_EVIDENCE_FOR_PAPER/13_intent_judging_and_comparators/pilot120_semantic_intent_judging_20260908/execution_manifests/README.md	568	9c5494b3acee4b670534303f95208b8f7748f9cfcd39aa417ed517d20b80e8d3
outputs/paper_writer_handoff_20260922/A_EVIDENCE_FOR_PAPER/13_intent_judging_and_comparators/pilot120_semantic_intent_judging_20260908/FINAL_ADVERSARIAL_AUDIT_20260908.md	2437	c8027a8641bfea339db95b9473baa5ec90ce2fa34ad715b6f0f3fbcfa71d0191
outputs/paper_writer_handoff_20260922/A_EVIDENCE_FOR_PAPER/13_intent_judging_and_comparators/pilot120_semantic_intent_judging_20260908/FINAL_AUDIT.json	1496	d2a841e8630ec18440041524c5483503c8c248b826bcccb29edb280e8cc2ffac
outputs/paper_writer_handoff_20260922/A_EVIDENCE_FOR_PAPER/13_intent_judging_and_comparators/pilot120_semantic_intent_judging_20260908/final_intent_results.json	4415	88772720087899af6618e7373bb85f724aa494984b522ccc74d476f37ad5ad9b
outputs/paper_writer_handoff_20260922/A_EVIDENCE_FOR_PAPER/13_intent_judging_and_comparators/pilot120_semantic_intent_judging_20260908/final_intent_rows.csv	50736	d1e742135b8bdaed2daed68e89861bcac65b955116a243bfd433578db0e6546b
outputs/paper_writer_handoff_20260922/A_EVIDENCE_FOR_PAPER/13_intent_judging_and_comparators/pilot120_semantic_intent_judging_20260908/FINAL_JUDGMENT_FREEZE.json	283	23603f4481860ca21db9c566a25c603e42f8b964381404d109d1dfe693f3f080
outputs/paper_writer_handoff_20260922/A_EVIDENCE_FOR_PAPER/13_intent_judging_and_comparators/pilot120_semantic_intent_judging_20260908/FINAL_RESULTS_REPORT.md	2198	7c144ea51b91641c3468e648a3eddd8b3d944dc644dc99835950865149e612a8
outputs/paper_writer_handoff_20260922/A_EVIDENCE_FOR_PAPER/13_intent_judging_and_comparators/pilot120_semantic_intent_judging_20260908/final_semantic_goal_judgments.jsonl	266335	34f47470d61ae1f9743dce6ecef07c025bc14d4af356824a988b1e5c132d4419
outputs/paper_writer_handoff_20260922/A_EVIDENCE_FOR_PAPER/13_intent_judging_and_comparators/pilot120_semantic_intent_judging_20260908/job_50863/job.stderr.log	33	5cb2b9de072c051ea216871b5141f07f43bef3751fc83a0b72141243240afa6d
outputs/paper_writer_handoff_20260922/A_EVIDENCE_FOR_PAPER/13_intent_judging_and_comparators/pilot120_semantic_intent_judging_20260908/job_50863/job.stdout.log	0	e3b0c44298fc1c149afbf4c8996fb92427ae41e4649b934ca495991b7852b855
outputs/paper_writer_handoff_20260922/A_EVIDENCE_FOR_PAPER/13_intent_judging_and_comparators/pilot120_semantic_intent_judging_20260908/Judge_A/Judge_A.jsonl	137403	7cc08a5afdf09d90d3f5d1dc9769df497e7a99d4f340ce7cab0c51b3170fbe5f
outputs/paper_writer_handoff_20260922/A_EVIDENCE_FOR_PAPER/13_intent_judging_and_comparators/pilot120_semantic_intent_judging_20260908/Judge_A/Judge_A.normalized.jsonl	161840	290d8b4ceb1a84b132825b1f6874a07dc952ac8e981c233f89cffc94136a975f
outputs/paper_writer_handoff_20260922/A_EVIDENCE_FOR_PAPER/13_intent_judging_and_comparators/pilot120_semantic_intent_judging_20260908/Judge_A/Judge_A_pass_1.jsonl	67573	983c07bb45a1b952a5315761678f655215e8821140001788094301b69f72e061
outputs/paper_writer_handoff_20260922/A_EVIDENCE_FOR_PAPER/13_intent_judging_and_comparators/pilot120_semantic_intent_judging_20260908/Judge_A/Judge_A_pass_1.normalized.jsonl	79794	fdb14c8b0c487c7114daa7f4833d55dcc90c8899adfa9dcdfd4be8252d038dae
outputs/paper_writer_handoff_20260922/A_EVIDENCE_FOR_PAPER/13_intent_judging_and_comparators/pilot120_semantic_intent_judging_20260908/Judge_A/Judge_A_pass_2.jsonl	69830	6b5e071a5f309cd98ccd7e09b25164ad563366ad461ff037ccacf726d04a3fb0
outputs/paper_writer_handoff_20260922/A_EVIDENCE_FOR_PAPER/13_intent_judging_and_comparators/pilot120_semantic_intent_judging_20260908/Judge_A/Judge_A_pass_2.normalized.jsonl	82046	81e69c2deb5a93dabc6c0119d12966ee90b4575e3d828333e324fdf9f0c75fc0
outputs/paper_writer_handoff_20260922/A_EVIDENCE_FOR_PAPER/13_intent_judging_and_comparators/pilot120_semantic_intent_judging_20260908/Judge_B/Judge_B.jsonl	184821	f7de10d1725983ee00a921433e93ddaae96cfba2bb2cfd6e2f45a604c2da6ebd
outputs/paper_writer_handoff_20260922/A_EVIDENCE_FOR_PAPER/13_intent_judging_and_comparators/pilot120_semantic_intent_judging_20260908/Judge_B/Judge_B.normalized.jsonl	209288	7640e86eb4323ff298ab8b53364cc4704c0b1d5add3e0deca4d96ca7a2fc496a
outputs/paper_writer_handoff_20260922/A_EVIDENCE_FOR_PAPER/13_intent_judging_and_comparators/pilot120_semantic_intent_judging_20260908/Judge_B/Judge_B_pass_1.jsonl	92435	d4aef88e342b2e657bfcdf6ec520ed5aa38fe44ad73dc0d9e4b28eb2381eed29
outputs/paper_writer_handoff_20260922/A_EVIDENCE_FOR_PAPER/13_intent_judging_and_comparators/pilot120_semantic_intent_judging_20260908/Judge_B/Judge_B_pass_2.jsonl	92386	288a8eb54151b57fc7fe1048d987b19800726d49d0b75c6bff4fe52e995713a0
outputs/paper_writer_handoff_20260922/A_EVIDENCE_FOR_PAPER/13_intent_judging_and_comparators/pilot120_semantic_intent_judging_20260908/Judge_C_adjudication.jsonl	19841	3b95706ef26eb91ca78d449c1150087778e0ff27a747607932a696657d96bc36
outputs/paper_writer_handoff_20260922/A_EVIDENCE_FOR_PAPER/13_intent_judging_and_comparators/pilot120_semantic_intent_judging_20260908/Judge_C_completed_zip/judge_C_adjudication.jsonl	19841	3b95706ef26eb91ca78d449c1150087778e0ff27a747607932a696657d96bc36
outputs/paper_writer_handoff_20260922/A_EVIDENCE_FOR_PAPER/13_intent_judging_and_comparators/pilot120_semantic_intent_judging_20260908/Judge_C_completed_zip/judge_C_adjudication_validation_report.json	2868	15e38b04df0c70e8b4ecaa203c5e71b5f65f83234167d40faedecc7dab60c4aa
outputs/paper_writer_handoff_20260922/A_EVIDENCE_FOR_PAPER/13_intent_judging_and_comparators/pilot120_semantic_intent_judging_20260908/Judge_C_packet/blind_adjudication_packet.jsonl	275254	6c10e2c173d1e7b2e4f986265cd66c30f3072f5dd57cb8b209d32b6b225f7b64
outputs/paper_writer_handoff_20260922/A_EVIDENCE_FOR_PAPER/13_intent_judging_and_comparators/pilot120_semantic_intent_judging_20260908/Judge_C_packet/BLINDNESS_CHECK.json	764	11ddb3448fdbf594983664a7f529acb3e71e1034649b86ba2d46f662edfbed7a
outputs/paper_writer_handoff_20260922/A_EVIDENCE_FOR_PAPER/13_intent_judging_and_comparators/pilot120_semantic_intent_judging_20260908/Judge_C_packet/protocol/ADJUDICATOR_PROMPT.txt	918	200bb6f9f905e62bd7e2832c61343413980c6dc99929ed76e7001b4dfddc6e8b
outputs/paper_writer_handoff_20260922/A_EVIDENCE_FOR_PAPER/13_intent_judging_and_comparators/pilot120_semantic_intent_judging_20260908/Judge_C_packet/protocol/JUDGE_GUIDE.md	4506	234b700e0cd225e514ded70bc949dabb207dbac9de5cb2a5df20b042664270b4
outputs/paper_writer_handoff_20260922/A_EVIDENCE_FOR_PAPER/13_intent_judging_and_comparators/pilot120_semantic_intent_judging_20260908/Judge_C_packet/protocol/judge_output_schema.json	636	c21aa39ba80cc5b14e74cbc940b1360e19211e2ad9f50ed6f665be8c8639810c
outputs/paper_writer_handoff_20260922/A_EVIDENCE_FOR_PAPER/13_intent_judging_and_comparators/pilot120_semantic_intent_judging_20260908/Judge_C_packet/protocol/synthetic_judge_calibration.jsonl	3008	98027a4e515f07d78ef7651367b28a952f08316b1deb162cdff2a451ab6cd9bf
outputs/paper_writer_handoff_20260922/A_EVIDENCE_FOR_PAPER/13_intent_judging_and_comparators/pilot120_semantic_intent_judging_20260908/OPTIONAL_DIAGNOSTICS_STATUS.md	332	769c35407738a66e4a607a8789e213b91da9984396971580f902ccf21c2f573f
outputs/paper_writer_handoff_20260922/A_EVIDENCE_FOR_PAPER/13_intent_judging_and_comparators/pilot120_semantic_intent_judging_20260908/pilot120_semantic_intent_Judge_C_packet_20260908.zip	51454	91b27079488f8f16f0f27f9398cc0e70fb4b56d23e77fdd4c3152ef6e7f9d95f
outputs/paper_writer_handoff_20260922/A_EVIDENCE_FOR_PAPER/13_intent_judging_and_comparators/pilot120_semantic_intent_judging_20260908/route_error_ledger.csv	48625	c02e2cecdf4406ce7f354129f3bfda291f375e9b943d80cd968c0e1ad8c77afd
outputs/paper_writer_handoff_20260922/A_EVIDENCE_FOR_PAPER/13_intent_judging_and_comparators/pilot120_semantic_intent_judging_20260908/semantic_intent_supplement_results.json	14851	f2970a08a0e5e13418f5a5c3a83e5e60c9b25d417ab608ead90207e6390e0721
outputs/paper_writer_handoff_20260922/A_EVIDENCE_FOR_PAPER/13_intent_judging_and_comparators/pilot120_semantic_intent_judging_20260908/sgc_correct_route_wrong_ledger.csv	43652	97b6484120901494a4236a5c4afd92c4c2dd068d1512d21bbae22287cf4837e6
outputs/paper_writer_handoff_20260922/A_EVIDENCE_FOR_PAPER/13_intent_judging_and_comparators/pilot120_semantic_intent_judging_20260908/t39_failure_pathways_deep_dive_20260911.json	32437	8e5209aa15deca780cfda974d9531e56c4f49061ab817db2aaacc139923c12a6
outputs/paper_writer_handoff_20260922/A_EVIDENCE_FOR_PAPER/13_intent_judging_and_comparators/pilot120_semantic_intent_judging_20260908/t39_future_task_outcomes_unobserved.jsonl	124710	68f55c5e6d6f72440b9a0b3397e955d49a58dd1cdc4218e714214d1900cd822f
outputs/paper_writer_handoff_20260922/A_EVIDENCE_FOR_PAPER/13_intent_judging_and_comparators/pilot120_semantic_intent_judging_20260908/t39_layer4_computability.json	158020	3112c74b3e6989287bff9d0083171d891ec043198571334e1bcd980f7ef3446c
outputs/paper_writer_handoff_20260922/A_EVIDENCE_FOR_PAPER/13_intent_judging_and_comparators/README.md	2249	4a937d38bdbd3231d5a8769e51a8722d30b04a3788622e10e63abfc7fcf75105
outputs/paper_writer_handoff_20260922/A_EVIDENCE_FOR_PAPER/14_H4_and_temperature_status_note.md	770	a6f6068761e3338217511b6fd1b21a076e6d9977406ab9820a207c8fa12640b6
outputs/paper_writer_handoff_20260922/A_EVIDENCE_FOR_PAPER/DATA_NECESSARY_VS_OPTIONAL.md	5782	2d5217c03195c0d8319a41aaa4d956beded69d8a64faf55819159ed403ef9982
outputs/paper_writer_handoff_20260922/A_EVIDENCE_FOR_PAPER/MANIFEST.json	269152	c89ba73a42e80f889fddbf1431d24031e583aea15d04fe4ae48863527582e5e1
outputs/paper_writer_handoff_20260922/A_EVIDENCE_FOR_PAPER/MISSING_SOURCES.json	2	4f53cda18c2baa0c0354bb5f9a3ecbe5ed12ab4d8e11ba873c2f11161202b945
outputs/paper_writer_handoff_20260922/B_FRAMING_AND_IDEAS/00_START_HERE.md	1769	5a304a46f528d65cc59c576686a485ff27505a506c54c4fcaef07e140c507f10
outputs/paper_writer_handoff_20260922/B_FRAMING_AND_IDEAS/01_core_contribution_claim.md	1612	be782b2c90628b3155b7b5c34ad560a193c3126739f6195479f1aa86ea1ca1ab
outputs/paper_writer_handoff_20260922/B_FRAMING_AND_IDEAS/02_metric_priority_and_wrong_paths.md	2412	7d2c2883a8bad6103c096eb24f57f27236a2a22bccd66434a367ca5f266ca7cc
outputs/paper_writer_handoff_20260922/B_FRAMING_AND_IDEAS/03_suggested_paper_spine.md	1389	1205a607fa9147a336fb1092cef0eae123c184e5a7d0bcfa0631c20e20f22612
outputs/paper_writer_handoff_20260922/B_FRAMING_AND_IDEAS/04_ideas_and_nuances.md	1315	b294a437a09fb907bded945b2381c36e705d5e7ce32fdcfde55d948758083157
outputs/paper_writer_handoff_20260922/B_FRAMING_AND_IDEAS/05_key_numbers_cheat_sheet.md	1196	9b1de31e69d60f79b6eea48e55757b47883dcc4eaf43b46fb0b2ef0cb1e0e2e7
outputs/paper_writer_handoff_20260922/B_FRAMING_AND_IDEAS/06_source_framing_docs/09-verdict.md	2571	2405e6746277a31cfb467a258c44cf67b97043474c5f0e938b3eb1b8361ec9b3
outputs/paper_writer_handoff_20260922/B_FRAMING_AND_IDEAS/06_source_framing_docs/12-capability-rescue-paper-note.md	5665	cbfbda221bc389eed2a6b423737b014ea936e62e728c14c7782c2a261451d826
outputs/paper_writer_handoff_20260922/B_FRAMING_AND_IDEAS/06_source_framing_docs/12-proposal-metrics.md	15736	bcee93c0c230744544fe4d9686f9c30700276ef9ed1c00d0dc125e6877621c5e
outputs/paper_writer_handoff_20260922/B_FRAMING_AND_IDEAS/06_source_framing_docs/13-paper-contribution-highlights.md	2760	8e431affb649ec6ab7478174bc1b7d4401893e5c9643871d8cd44d1269478feb
outputs/paper_writer_handoff_20260922/B_FRAMING_AND_IDEAS/06_source_framing_docs/grade-estimate.md	1039	ac2661859cf514f45483e8f7a8b4a25e7fd3fe0f1d9c699a1f2a13357c754257
outputs/paper_writer_handoff_20260922/B_FRAMING_AND_IDEAS/06_source_framing_docs/README.md	1016	f21b6e0e7ce7a872b4d15613875993573e94e68b2051afca95c1a9ad1f77db4f
outputs/paper_writer_handoff_20260922/B_FRAMING_AND_IDEAS/06_source_framing_docs/rubric.md	4157	2dc2a32d26264a3eaf84d91fd231e0849b27be3ce4055a62e376225acdf8dad0
outputs/paper_writer_handoff_20260922/B_FRAMING_AND_IDEAS/07_anti_bias_note.md	1205	8ac10afc5dfa4e194146527b19ce3658ee63701cfc9fbc59ca9b10a6784612fc
outputs/paper_writer_handoff_20260922/B_FRAMING_AND_IDEAS/08_project_history_lessons.md	1857	68c54eadf7e558f0fbb9577f56082975af7ca2d94983fb6db6618dbd3092f313
outputs/paper_writer_handoff_20260922/B_FRAMING_AND_IDEAS/MANIFEST.json	2801	5a8c0c620174a730b483a88c24ae85e53ac3cc634bbf1d6c3834dc60fc697511
outputs/paper_writer_handoff_20260922/BUILD_SUMMARY.json	964	f468c36e7f09cc572241f6daeb82992a4096f8920eb5ad4eade41d2b08fef279
outputs/paper_writer_handoff_20260922/BUILD_SUMMARY_A_DATA_ENRICHED.json	375	72a86d3ea81dfb050d2dfd4e9306872619fb69b08ce2bbeb10d742063cf39c92
outputs/paper_writer_handoff_20260922/HANDOFF_README.md	1464	99ee0cb93f26771331cb8163b82612bdfc58f0d98102a9821a96a08651e1737c
outputs/paper_writer_handoff_20260922/REVIEW_A_EVIDENCE.md	9746	7d4592ac312e7276d42de3f3977c903dbd417fd875c9bcd26133ff5f74200984
outputs/paper_writer_handoff_20260922/REVIEW_B_FRAMING.md	7818	9fae136adc86ea010f24e1f70f529ecc8c103b9961434c604875f0d15a687115
outputs/PaperWriter_A_DATA_NECESSARY_VS_OPTIONAL_20260922.md	5782	2d5217c03195c0d8319a41aaa4d956beded69d8a64faf55819159ed403ef9982
outputs/PaperWriter_A_EVIDENCE_COMPLETE_20260922.zip	8223345	62b84754959c899dafd5f1cbc50b7b321b81b8ea408c37e134f41360850c4bf3
outputs/PaperWriter_B_FRAMING_IDEAS_20260922.zip	28547	97a3805ce149df0522f9e52d249d9ca42466a0f434acacf339ada0c4816c5025
outputs/PaperWriter_HANDOFF_README_20260922.md	1677	a4f1a2b153228c92f63057688a10e3b482a9cbc32426afa2dd0c2397f6206b4a
outputs/PaperWriter_REVIEW_A_20260922.md	9746	7d4592ac312e7276d42de3f3977c903dbd417fd875c9bcd26133ff5f74200984
outputs/PaperWriter_REVIEW_B_20260922.md	7818	9fae136adc86ea010f24e1f70f529ecc8c103b9961434c604875f0d15a687115
outputs/pilot120_cpc_risk_scores_20260913.json	2700	0449fab6874c0dfe71d426ae9e6bfd0488a3733f81bba47466ccd8a0dc64ce91
outputs/pilot120_cpc_risk_scores_official_20260914.json	3125	09455329eb1672f5f387224a30c5bf4e3682565216a8b33250170e2e8bdab5ec
outputs/pilot120_intent_rebuild_20260902/data/blind_judge_pass_1_120.jsonl	707909	2729c7b45111fc313a9c6f4d6a1d32116c753422be3fe830c5269e7c803a3e24
outputs/pilot120_intent_rebuild_20260902/data/blind_judge_pass_2_120.jsonl	693162	44aed09a383db578bf356177f711f920baf77759e62898819fb98fb701caa014
outputs/pilot120_intent_rebuild_20260902/data/blind_semantic_goal_judge_packet_240.jsonl	1401071	576dcf1e2e33d2de0d37a1cd2945d966645d2d10d36d65a605c1799babfeb788
outputs/pilot120_intent_rebuild_20260902/data/build_audit.json	772	e0d628ff5723ea6356a7c4fcc2c8fc88b2d52a474d939e7674dbf2e6a47e466a
outputs/pilot120_intent_rebuild_20260902/data/intent_gold_references_120.jsonl	204059	70deb7a53b21b63392393d243a5e5f92631dd582f6c1bc04363cdb5077c94462
outputs/pilot120_intent_rebuild_20260902/data/intent_observable_traces_240.jsonl	1098700	c09214f8d3d913ba63a39b8b73701ef41dae14ca3e24343660747430bcd6fb18
outputs/pilot120_intent_rebuild_20260902/data/SEALED_evaluation_mapping.jsonl	26640	e3247d90432d129a58d795d2717b118a6f2e73b6b0dbe7dd06161c5251f25b86
outputs/pilot120_intent_rebuild_20260902/reports/frozen_intent_contract_audit.json	2021	8b96301209c4fab03c415959f3cf5650071a1969154fe063dfae9489a6831e18
outputs/pilot120_intent_rebuild_20260902/reports/speech_act_results.json	3951	3741ddeea8f1c65933eacc41ba2539872bc3d4d0092492695c2082669e4525cd
outputs/Pilot120_PaperPack_1p7b_latency_20260918.zip	423386	dfbf46a1a837b4165ec5af9c11e727527570e681757af6c4a5947a530a0ad21e
outputs/pilot120_semantic_intent_cluster_stage_20260902/blind_bundle/BLIND_BUNDLE_AUDIT.json	619	22228bca8c74c26e856b9e5211c001dba8b4a3b7c509d8d53549a0f6d73a6acf
outputs/pilot120_semantic_intent_cluster_stage_20260902/blind_bundle/data/blind_judge_pass_1_120.jsonl	707909	2729c7b45111fc313a9c6f4d6a1d32116c753422be3fe830c5269e7c803a3e24
outputs/pilot120_semantic_intent_cluster_stage_20260902/blind_bundle/data/blind_judge_pass_2_120.jsonl	693162	44aed09a383db578bf356177f711f920baf77759e62898819fb98fb701caa014
outputs/pilot120_semantic_intent_cluster_stage_20260902/blind_bundle/data/blind_semantic_goal_judge_packet_240.jsonl	1401071	576dcf1e2e33d2de0d37a1cd2945d966645d2d10d36d65a605c1799babfeb788
outputs/pilot120_semantic_intent_cluster_stage_20260902/blind_bundle/protocol/ADJUDICATOR_PROMPT.txt	918	200bb6f9f905e62bd7e2832c61343413980c6dc99929ed76e7001b4dfddc6e8b
outputs/pilot120_semantic_intent_cluster_stage_20260902/blind_bundle/protocol/JUDGE_GUIDE.md	4506	234b700e0cd225e514ded70bc949dabb207dbac9de5cb2a5df20b042664270b4
outputs/pilot120_semantic_intent_cluster_stage_20260902/blind_bundle/protocol/judge_output_schema.json	636	c21aa39ba80cc5b14e74cbc940b1360e19211e2ad9f50ed6f665be8c8639810c
outputs/pilot120_semantic_intent_cluster_stage_20260902/blind_bundle/protocol/JUDGE_PROMPT.txt	1295	c6c5a2a1b104d3baf7b922880c08f762745e2436634fbe08d46bf92f92c9052d
outputs/pilot120_semantic_intent_cluster_stage_20260902/blind_bundle/protocol/synthetic_judge_calibration.jsonl	3008	98027a4e515f07d78ef7651367b28a952f08316b1deb162cdff2a451ab6cd9bf
outputs/pilot120_semantic_intent_cluster_stage_20260902/blind_bundle/README.md	639	943e0e00f4a78da64ba0a13c904e3880e8f7b45f5e2da25da1a2587614aa20f2
outputs/pilot120_semantic_intent_cluster_stage_20260902/pilot120_semantic_intent_blind_judge.sbatch	2495	c64c8f556b45cd302bd556abe2409151f6ff7cb7781cebc2dcdcc6c7804c6bc2
outputs/pilot120_semantic_intent_cluster_stage_20260902/scripts/semantic_intent/run_blind_semantic_judge.py	7282	e0148236e972670648b29569c3e3092cf75e2cf562b6497f9803ad55bf2c6790
outputs/pilot120_semantic_intent_cluster_stage_20260902/scripts/semantic_intent/server_lifecycle.py	2753	9123fb338254a156d881ac09271625dc26220aff577298e3a12e5cad0a8af5af
outputs/pilot120_semantic_intent_final_20260908/Diagnostics/OPTIONAL_DIAGNOSTICS_STATUS.md	332	769c35407738a66e4a607a8789e213b91da9984396971580f902ccf21c2f573f
outputs/pilot120_semantic_intent_final_20260908/Diagnostics/run_semantic_diagnostics.py	2663	f2df2aa39b98c07e819e0b5fb8d266adc0d5178e1d2c81f3b7c1af62e9c18e58
outputs/pilot120_semantic_intent_final_20260908/Evidence/blind_semantic_goal_judge_packet_240.jsonl	1401071	576dcf1e2e33d2de0d37a1cd2945d966645d2d10d36d65a605c1799babfeb788
outputs/pilot120_semantic_intent_final_20260908/Evidence/FINAL_AUDIT.json	894	661116aaca21dfc971efd2d2c10e5eaafef81caff58a45cc51dd4c90e54173b1
outputs/pilot120_semantic_intent_final_20260908/Evidence/intent_gold_references_120.jsonl	204059	70deb7a53b21b63392393d243a5e5f92631dd582f6c1bc04363cdb5077c94462
outputs/pilot120_semantic_intent_final_20260908/Evidence/intent_observable_traces_240.jsonl	1098700	c09214f8d3d913ba63a39b8b73701ef41dae14ca3e24343660747430bcd6fb18
outputs/pilot120_semantic_intent_final_20260908/Evidence/SEALED_evaluation_mapping.jsonl	26640	e3247d90432d129a58d795d2717b118a6f2e73b6b0dbe7dd06161c5251f25b86
outputs/pilot120_semantic_intent_final_20260908/Evidence/self_contained_rebuild_report.json	1198	a64d61d8ae14d9b76c4d7a3fecbc99a73ef5708fcdab9fd2be8814d17a14ae39
outputs/pilot120_semantic_intent_final_20260908/Evidence/SHA256SUMS	15843	cb66e6bd301a8a14a8fd7ee3647f31d87fc836f2961bbd3278bf36be4a246f12
outputs/pilot120_semantic_intent_final_20260908/Future_implementation/future_intent_output_contract_v2.json	724	fe8a47d9309b12f3ee0e7bfa9ea7e67d8c30673e5d80323aeb956d91514c9421
outputs/pilot120_semantic_intent_final_20260908/Future_implementation/intent_contract_v2_example.py	1064	ed96946cd984fedbd504af405bbec7658477a864b9db14152fd07fc2faab72a7
outputs/pilot120_semantic_intent_final_20260908/Future_implementation/INTENT_OUTPUT_CONTRACT_V2.md	1510	25d3c912cda9cec9db929b9603a22883ed70dc97704119bc827d5a31adcdc35c
outputs/pilot120_semantic_intent_final_20260908/Future_implementation/intent_output_contract_v2.py	3748	330de990e83d56b8d02dd4f1f04d86dd2eebb99ee653aa1163d5e0cee7324659
outputs/pilot120_semantic_intent_final_20260908/Future_implementation/manager_analysis_schema_v2.json	1189	29f7fb784a7b1e5f275d2e3759409e39fb8842b48368b81a376aa6e53bad1112
outputs/pilot120_semantic_intent_final_20260908/Future_implementation/test_future_intent_output_contract_v2.py	2189	1b8b1bb3afa5814ec7ff8031528604fbcf24ce3817389432a860f3fc1a3098e9
outputs/pilot120_semantic_intent_final_20260908/Future_implementation/test_semantic_intent_metric_edge_cases.py	1883	abb220b5195512940884aa441bb5bcdf3271ebbc7236f90a83488955be5ccf17
outputs/pilot120_semantic_intent_final_20260908/Judging/A_B_agreement.json	729	34f155ddc6d320e050b5ab61c3d9f5a9136cad3974c7e43772c8b60ee3e8cedf
outputs/pilot120_semantic_intent_final_20260908/Judging/A_B_consensus.jsonl	221401	d4d7fb86bd861586cbae6643fae374f789223cfb8e7f3220ef1e9499f3a10f05
outputs/pilot120_semantic_intent_final_20260908/Judging/A_B_disagreements.jsonl	69499	f92cfd605f87725d9269e10767352c209e4c2f1cfb6bc394738881748153b536
outputs/pilot120_semantic_intent_final_20260908/Judging/blind_adjudication_packet.jsonl	275254	6c10e2c173d1e7b2e4f986265cd66c30f3072f5dd57cb8b209d32b6b225f7b64
outputs/pilot120_semantic_intent_final_20260908/Judging/execution_manifests/Judge_A_pass_1.manifest.json	872	b8f2508dc7b14d7f47c00566026d0eaec9a921299c23a6eef78f589cbe5d0169
outputs/pilot120_semantic_intent_final_20260908/Judging/execution_manifests/Judge_A_pass_2.manifest.json	872	1e83979cba26c6256de6e4ce742811e2041d97eab6597becc33e98bb1b158ac3
outputs/pilot120_semantic_intent_final_20260908/Judging/execution_manifests/Judge_B_pass_1.manifest.json	872	1783c7181634dabd62e2f83734aaefedeb109044dacde2d5d72ceaa714193e4d
outputs/pilot120_semantic_intent_final_20260908/Judging/execution_manifests/README.md	568	9c5494b3acee4b670534303f95208b8f7748f9cfcd39aa417ed517d20b80e8d3
outputs/pilot120_semantic_intent_final_20260908/Judging/FINAL_JUDGMENT_FREEZE.json	283	23603f4481860ca21db9c566a25c603e42f8b964381404d109d1dfe693f3f080
outputs/pilot120_semantic_intent_final_20260908/Judging/final_semantic_goal_judgments.jsonl	266335	34f47470d61ae1f9743dce6ecef07c025bc14d4af356824a988b1e5c132d4419
outputs/pilot120_semantic_intent_final_20260908/Judging/Judge_A/Judge_A.jsonl	137403	7cc08a5afdf09d90d3f5d1dc9769df497e7a99d4f340ce7cab0c51b3170fbe5f
outputs/pilot120_semantic_intent_final_20260908/Judging/Judge_A/Judge_A.normalized.jsonl	161840	290d8b4ceb1a84b132825b1f6874a07dc952ac8e981c233f89cffc94136a975f
outputs/pilot120_semantic_intent_final_20260908/Judging/Judge_A/Judge_A_pass_1.jsonl	67573	983c07bb45a1b952a5315761678f655215e8821140001788094301b69f72e061
outputs/pilot120_semantic_intent_final_20260908/Judging/Judge_A/Judge_A_pass_1.normalized.jsonl	79794	fdb14c8b0c487c7114daa7f4833d55dcc90c8899adfa9dcdfd4be8252d038dae
outputs/pilot120_semantic_intent_final_20260908/Judging/Judge_A/Judge_A_pass_2.jsonl	69830	6b5e071a5f309cd98ccd7e09b25164ad563366ad461ff037ccacf726d04a3fb0
outputs/pilot120_semantic_intent_final_20260908/Judging/Judge_A/Judge_A_pass_2.normalized.jsonl	82046	81e69c2deb5a93dabc6c0119d12966ee90b4575e3d828333e324fdf9f0c75fc0
outputs/pilot120_semantic_intent_final_20260908/Judging/Judge_B/Judge_B.jsonl	184821	f7de10d1725983ee00a921433e93ddaae96cfba2bb2cfd6e2f45a604c2da6ebd
outputs/pilot120_semantic_intent_final_20260908/Judging/Judge_B/Judge_B.normalized.jsonl	209288	7640e86eb4323ff298ab8b53364cc4704c0b1d5add3e0deca4d96ca7a2fc496a
outputs/pilot120_semantic_intent_final_20260908/Judging/Judge_B/Judge_B_pass_1.jsonl	92435	d4aef88e342b2e657bfcdf6ec520ed5aa38fe44ad73dc0d9e4b28eb2381eed29
outputs/pilot120_semantic_intent_final_20260908/Judging/Judge_B/Judge_B_pass_2.jsonl	92386	288a8eb54151b57fc7fe1048d987b19800726d49d0b75c6bff4fe52e995713a0
outputs/pilot120_semantic_intent_final_20260908/Judging/Judge_C_adjudication.jsonl	19841	3b95706ef26eb91ca78d449c1150087778e0ff27a747607932a696657d96bc36
outputs/pilot120_semantic_intent_final_20260908/Judging/judge_C_adjudication_validation_report.json	2868	15e38b04df0c70e8b4ecaa203c5e71b5f65f83234167d40faedecc7dab60c4aa
outputs/pilot120_semantic_intent_final_20260908/Protocol/ADJUDICATOR_PROMPT.txt	918	200bb6f9f905e62bd7e2832c61343413980c6dc99929ed76e7001b4dfddc6e8b
outputs/pilot120_semantic_intent_final_20260908/Protocol/intent_evaluation_protocol_v1.json	2023	822f41cf50d6f5b375c680d9e4343ad96ac8163c88cc847c3a4fd1c93b8754a8
outputs/pilot120_semantic_intent_final_20260908/Protocol/JUDGE_GUIDE.md	4506	234b700e0cd225e514ded70bc949dabb207dbac9de5cb2a5df20b042664270b4
outputs/pilot120_semantic_intent_final_20260908/Protocol/judge_output_schema.json	636	c21aa39ba80cc5b14e74cbc940b1360e19211e2ad9f50ed6f665be8c8639810c
outputs/pilot120_semantic_intent_final_20260908/Protocol/JUDGE_PROMPT.txt	1295	c6c5a2a1b104d3baf7b922880c08f762745e2436634fbe08d46bf92f92c9052d
outputs/pilot120_semantic_intent_final_20260908/Protocol/references	7588	13170d6d58079210668a082a152ae9a19fb43f8fb50e07ab47adf8155dc589ca
outputs/pilot120_semantic_intent_final_20260908/Protocol/synthetic_judge_calibration.jsonl	3008	98027a4e515f07d78ef7651367b28a952f08316b1deb162cdff2a451ab6cd9bf
outputs/pilot120_semantic_intent_final_20260908/Results/final_intent_results.json	4415	88772720087899af6618e7373bb85f724aa494984b522ccc74d476f37ad5ad9b
outputs/pilot120_semantic_intent_final_20260908/Results/final_intent_rows.csv	50736	d1e742135b8bdaed2daed68e89861bcac65b955116a243bfd433578db0e6546b
outputs/pilot120_semantic_intent_final_20260908/Results/FINAL_RESULTS_REPORT.md	2198	7c144ea51b91641c3468e648a3eddd8b3d944dc644dc99835950865149e612a8
outputs/pilot120_semantic_intent_final_20260908/Results/route_error_ledger.csv	48625	c02e2cecdf4406ce7f354129f3bfda291f375e9b943d80cd968c0e1ad8c77afd
outputs/pilot120_semantic_intent_final_20260908/Results/semantic_intent_supplement_results.json	14851	f2970a08a0e5e13418f5a5c3a83e5e60c9b25d417ab608ead90207e6390e0721
outputs/pilot120_semantic_intent_final_20260908/Results/sgc_correct_route_wrong_ledger.csv	43652	97b6484120901494a4236a5c4afd92c4c2dd068d1512d21bbae22287cf4837e6
outputs/pilot120_semantic_intent_final_20260908/Results/speech_act_results.json	3801	b9e06fbd01c456de4a34285a6d79f999a0a6ec2ca658606d0714254602a8a27d
outputs/pilot120_semantic_intent_final_20260908/SHA256SUMS	5953	1b989e5adf6a412ad55a90106fca52d83836a2d69fc41712f5ced11d5d554dee
outputs/pilot120_semantic_intent_final_20260908/Verification/FINAL_ADVERSARIAL_AUDIT_20260908.md	2437	c8027a8641bfea339db95b9473baa5ec90ce2fa34ad715b6f0f3fbcfa71d0191
outputs/pilot120_semantic_intent_final_20260908/Verification/FINAL_AUDIT.json	1496	d2a841e8630ec18440041524c5483503c8c248b826bcccb29edb280e8cc2ffac
outputs/pilot120_semantic_intent_final_20260908/Verification/FINAL_RESULTS_REPORT.md	2198	7c144ea51b91641c3468e648a3eddd8b3d944dc644dc99835950865149e612a8
outputs/pilot120_semantic_intent_final_20260908/Verification/PILOT120_SEMANTIC_INTENT_PACKAGE_AUDIT_20260902.md	3654	87db268f857b5d06a909ff10e3e4727efbe08ea904b873ea542ab3c2a668d26b
outputs/pilot120_semantic_intent_final_rebuilt_verify_20260908/Diagnostics/OPTIONAL_DIAGNOSTICS_STATUS.md	332	769c35407738a66e4a607a8789e213b91da9984396971580f902ccf21c2f573f
outputs/pilot120_semantic_intent_final_rebuilt_verify_20260908/Diagnostics/run_semantic_diagnostics.py	2663	f2df2aa39b98c07e819e0b5fb8d266adc0d5178e1d2c81f3b7c1af62e9c18e58
outputs/pilot120_semantic_intent_final_rebuilt_verify_20260908/Evidence/blind_semantic_goal_judge_packet_240.jsonl	1401071	576dcf1e2e33d2de0d37a1cd2945d966645d2d10d36d65a605c1799babfeb788
outputs/pilot120_semantic_intent_final_rebuilt_verify_20260908/Evidence/FINAL_AUDIT.json	894	661116aaca21dfc971efd2d2c10e5eaafef81caff58a45cc51dd4c90e54173b1
outputs/pilot120_semantic_intent_final_rebuilt_verify_20260908/Evidence/intent_gold_references_120.jsonl	204059	70deb7a53b21b63392393d243a5e5f92631dd582f6c1bc04363cdb5077c94462
outputs/pilot120_semantic_intent_final_rebuilt_verify_20260908/Evidence/intent_observable_traces_240.jsonl	1098700	c09214f8d3d913ba63a39b8b73701ef41dae14ca3e24343660747430bcd6fb18
outputs/pilot120_semantic_intent_final_rebuilt_verify_20260908/Evidence/SEALED_evaluation_mapping.jsonl	26640	e3247d90432d129a58d795d2717b118a6f2e73b6b0dbe7dd06161c5251f25b86
outputs/pilot120_semantic_intent_final_rebuilt_verify_20260908/Evidence/self_contained_rebuild_report.json	1198	a64d61d8ae14d9b76c4d7a3fecbc99a73ef5708fcdab9fd2be8814d17a14ae39
outputs/pilot120_semantic_intent_final_rebuilt_verify_20260908/Evidence/SHA256SUMS	15843	cb66e6bd301a8a14a8fd7ee3647f31d87fc836f2961bbd3278bf36be4a246f12
outputs/pilot120_semantic_intent_final_rebuilt_verify_20260908/Future_implementation/future_intent_output_contract_v2.json	724	fe8a47d9309b12f3ee0e7bfa9ea7e67d8c30673e5d80323aeb956d91514c9421
outputs/pilot120_semantic_intent_final_rebuilt_verify_20260908/Future_implementation/intent_contract_v2_example.py	1064	ed96946cd984fedbd504af405bbec7658477a864b9db14152fd07fc2faab72a7
outputs/pilot120_semantic_intent_final_rebuilt_verify_20260908/Future_implementation/INTENT_OUTPUT_CONTRACT_V2.md	1510	25d3c912cda9cec9db929b9603a22883ed70dc97704119bc827d5a31adcdc35c
outputs/pilot120_semantic_intent_final_rebuilt_verify_20260908/Future_implementation/intent_output_contract_v2.py	3748	330de990e83d56b8d02dd4f1f04d86dd2eebb99ee653aa1163d5e0cee7324659
outputs/pilot120_semantic_intent_final_rebuilt_verify_20260908/Future_implementation/manager_analysis_schema_v2.json	1189	29f7fb784a7b1e5f275d2e3759409e39fb8842b48368b81a376aa6e53bad1112
outputs/pilot120_semantic_intent_final_rebuilt_verify_20260908/Future_implementation/test_future_intent_output_contract_v2.py	2189	1b8b1bb3afa5814ec7ff8031528604fbcf24ce3817389432a860f3fc1a3098e9
outputs/pilot120_semantic_intent_final_rebuilt_verify_20260908/Future_implementation/test_semantic_intent_metric_edge_cases.py	1883	abb220b5195512940884aa441bb5bcdf3271ebbc7236f90a83488955be5ccf17
outputs/pilot120_semantic_intent_final_rebuilt_verify_20260908/Judging/A_B_agreement.json	729	34f155ddc6d320e050b5ab61c3d9f5a9136cad3974c7e43772c8b60ee3e8cedf
outputs/pilot120_semantic_intent_final_rebuilt_verify_20260908/Judging/A_B_consensus.jsonl	221401	d4d7fb86bd861586cbae6643fae374f789223cfb8e7f3220ef1e9499f3a10f05
outputs/pilot120_semantic_intent_final_rebuilt_verify_20260908/Judging/A_B_disagreements.jsonl	69499	f92cfd605f87725d9269e10767352c209e4c2f1cfb6bc394738881748153b536
outputs/pilot120_semantic_intent_final_rebuilt_verify_20260908/Judging/blind_adjudication_packet.jsonl	275254	6c10e2c173d1e7b2e4f986265cd66c30f3072f5dd57cb8b209d32b6b225f7b64
outputs/pilot120_semantic_intent_final_rebuilt_verify_20260908/Judging/execution_manifests/Judge_A_pass_1.manifest.json	872	b8f2508dc7b14d7f47c00566026d0eaec9a921299c23a6eef78f589cbe5d0169
outputs/pilot120_semantic_intent_final_rebuilt_verify_20260908/Judging/execution_manifests/Judge_A_pass_2.manifest.json	872	1e83979cba26c6256de6e4ce742811e2041d97eab6597becc33e98bb1b158ac3
outputs/pilot120_semantic_intent_final_rebuilt_verify_20260908/Judging/execution_manifests/Judge_B_pass_1.manifest.json	872	1783c7181634dabd62e2f83734aaefedeb109044dacde2d5d72ceaa714193e4d
outputs/pilot120_semantic_intent_final_rebuilt_verify_20260908/Judging/execution_manifests/README.md	568	9c5494b3acee4b670534303f95208b8f7748f9cfcd39aa417ed517d20b80e8d3
outputs/pilot120_semantic_intent_final_rebuilt_verify_20260908/Judging/FINAL_JUDGMENT_FREEZE.json	283	23603f4481860ca21db9c566a25c603e42f8b964381404d109d1dfe693f3f080
outputs/pilot120_semantic_intent_final_rebuilt_verify_20260908/Judging/final_semantic_goal_judgments.jsonl	266335	34f47470d61ae1f9743dce6ecef07c025bc14d4af356824a988b1e5c132d4419
outputs/pilot120_semantic_intent_final_rebuilt_verify_20260908/Judging/Judge_A/Judge_A.jsonl	137403	7cc08a5afdf09d90d3f5d1dc9769df497e7a99d4f340ce7cab0c51b3170fbe5f
outputs/pilot120_semantic_intent_final_rebuilt_verify_20260908/Judging/Judge_A/Judge_A.normalized.jsonl	161840	290d8b4ceb1a84b132825b1f6874a07dc952ac8e981c233f89cffc94136a975f
outputs/pilot120_semantic_intent_final_rebuilt_verify_20260908/Judging/Judge_A/Judge_A_pass_1.jsonl	67573	983c07bb45a1b952a5315761678f655215e8821140001788094301b69f72e061
outputs/pilot120_semantic_intent_final_rebuilt_verify_20260908/Judging/Judge_A/Judge_A_pass_1.normalized.jsonl	79794	fdb14c8b0c487c7114daa7f4833d55dcc90c8899adfa9dcdfd4be8252d038dae
outputs/pilot120_semantic_intent_final_rebuilt_verify_20260908/Judging/Judge_A/Judge_A_pass_2.jsonl	69830	6b5e071a5f309cd98ccd7e09b25164ad563366ad461ff037ccacf726d04a3fb0
outputs/pilot120_semantic_intent_final_rebuilt_verify_20260908/Judging/Judge_A/Judge_A_pass_2.normalized.jsonl	82046	81e69c2deb5a93dabc6c0119d12966ee90b4575e3d828333e324fdf9f0c75fc0
outputs/pilot120_semantic_intent_final_rebuilt_verify_20260908/Judging/Judge_B/Judge_B.jsonl	184821	f7de10d1725983ee00a921433e93ddaae96cfba2bb2cfd6e2f45a604c2da6ebd
outputs/pilot120_semantic_intent_final_rebuilt_verify_20260908/Judging/Judge_B/Judge_B.normalized.jsonl	209288	7640e86eb4323ff298ab8b53364cc4704c0b1d5add3e0deca4d96ca7a2fc496a
outputs/pilot120_semantic_intent_final_rebuilt_verify_20260908/Judging/Judge_B/Judge_B_pass_1.jsonl	92435	d4aef88e342b2e657bfcdf6ec520ed5aa38fe44ad73dc0d9e4b28eb2381eed29
outputs/pilot120_semantic_intent_final_rebuilt_verify_20260908/Judging/Judge_B/Judge_B_pass_2.jsonl	92386	288a8eb54151b57fc7fe1048d987b19800726d49d0b75c6bff4fe52e995713a0
outputs/pilot120_semantic_intent_final_rebuilt_verify_20260908/Judging/Judge_C_adjudication.jsonl	19841	3b95706ef26eb91ca78d449c1150087778e0ff27a747607932a696657d96bc36
outputs/pilot120_semantic_intent_final_rebuilt_verify_20260908/Judging/judge_C_adjudication_validation_report.json	2868	15e38b04df0c70e8b4ecaa203c5e71b5f65f83234167d40faedecc7dab60c4aa
outputs/pilot120_semantic_intent_final_rebuilt_verify_20260908/Protocol/ADJUDICATOR_PROMPT.txt	918	200bb6f9f905e62bd7e2832c61343413980c6dc99929ed76e7001b4dfddc6e8b
outputs/pilot120_semantic_intent_final_rebuilt_verify_20260908/Protocol/intent_evaluation_protocol_v1.json	2023	822f41cf50d6f5b375c680d9e4343ad96ac8163c88cc847c3a4fd1c93b8754a8
outputs/pilot120_semantic_intent_final_rebuilt_verify_20260908/Protocol/JUDGE_GUIDE.md	4506	234b700e0cd225e514ded70bc949dabb207dbac9de5cb2a5df20b042664270b4
outputs/pilot120_semantic_intent_final_rebuilt_verify_20260908/Protocol/judge_output_schema.json	636	c21aa39ba80cc5b14e74cbc940b1360e19211e2ad9f50ed6f665be8c8639810c
outputs/pilot120_semantic_intent_final_rebuilt_verify_20260908/Protocol/JUDGE_PROMPT.txt	1295	c6c5a2a1b104d3baf7b922880c08f762745e2436634fbe08d46bf92f92c9052d
outputs/pilot120_semantic_intent_final_rebuilt_verify_20260908/Protocol/references	7588	13170d6d58079210668a082a152ae9a19fb43f8fb50e07ab47adf8155dc589ca
outputs/pilot120_semantic_intent_final_rebuilt_verify_20260908/Protocol/synthetic_judge_calibration.jsonl	3008	98027a4e515f07d78ef7651367b28a952f08316b1deb162cdff2a451ab6cd9bf
outputs/pilot120_semantic_intent_final_rebuilt_verify_20260908/Results/final_intent_results.json	4415	88772720087899af6618e7373bb85f724aa494984b522ccc74d476f37ad5ad9b
outputs/pilot120_semantic_intent_final_rebuilt_verify_20260908/Results/final_intent_rows.csv	50736	d1e742135b8bdaed2daed68e89861bcac65b955116a243bfd433578db0e6546b
outputs/pilot120_semantic_intent_final_rebuilt_verify_20260908/Results/FINAL_RESULTS_REPORT.md	2198	7c144ea51b91641c3468e648a3eddd8b3d944dc644dc99835950865149e612a8
outputs/pilot120_semantic_intent_final_rebuilt_verify_20260908/Results/route_error_ledger.csv	48625	c02e2cecdf4406ce7f354129f3bfda291f375e9b943d80cd968c0e1ad8c77afd
outputs/pilot120_semantic_intent_final_rebuilt_verify_20260908/Results/semantic_intent_supplement_results.json	14851	f2970a08a0e5e13418f5a5c3a83e5e60c9b25d417ab608ead90207e6390e0721
outputs/pilot120_semantic_intent_final_rebuilt_verify_20260908/Results/sgc_correct_route_wrong_ledger.csv	43652	97b6484120901494a4236a5c4afd92c4c2dd068d1512d21bbae22287cf4837e6
outputs/pilot120_semantic_intent_final_rebuilt_verify_20260908/Results/speech_act_results.json	3801	b9e06fbd01c456de4a34285a6d79f999a0a6ec2ca658606d0714254602a8a27d
outputs/pilot120_semantic_intent_final_rebuilt_verify_20260908/SHA256SUMS	5953	1b989e5adf6a412ad55a90106fca52d83836a2d69fc41712f5ced11d5d554dee
outputs/pilot120_semantic_intent_final_rebuilt_verify_20260908/Verification/FINAL_ADVERSARIAL_AUDIT_20260908.md	2437	c8027a8641bfea339db95b9473baa5ec90ce2fa34ad715b6f0f3fbcfa71d0191
outputs/pilot120_semantic_intent_final_rebuilt_verify_20260908/Verification/FINAL_AUDIT.json	1496	d2a841e8630ec18440041524c5483503c8c248b826bcccb29edb280e8cc2ffac
outputs/pilot120_semantic_intent_final_rebuilt_verify_20260908/Verification/FINAL_RESULTS_REPORT.md	2198	7c144ea51b91641c3468e648a3eddd8b3d944dc644dc99835950865149e612a8
outputs/pilot120_semantic_intent_final_rebuilt_verify_20260908/Verification/PILOT120_SEMANTIC_INTENT_PACKAGE_AUDIT_20260902.md	3654	87db268f857b5d06a909ff10e3e4727efbe08ea904b873ea542ab3c2a668d26b
outputs/pilot120_semantic_intent_final_zip_verify_20260908/Diagnostics/OPTIONAL_DIAGNOSTICS_STATUS.md	332	769c35407738a66e4a607a8789e213b91da9984396971580f902ccf21c2f573f
outputs/pilot120_semantic_intent_final_zip_verify_20260908/Diagnostics/run_semantic_diagnostics.py	2663	f2df2aa39b98c07e819e0b5fb8d266adc0d5178e1d2c81f3b7c1af62e9c18e58
outputs/pilot120_semantic_intent_final_zip_verify_20260908/Evidence/blind_semantic_goal_judge_packet_240.jsonl	1401071	576dcf1e2e33d2de0d37a1cd2945d966645d2d10d36d65a605c1799babfeb788
outputs/pilot120_semantic_intent_final_zip_verify_20260908/Evidence/FINAL_AUDIT.json	894	661116aaca21dfc971efd2d2c10e5eaafef81caff58a45cc51dd4c90e54173b1
outputs/pilot120_semantic_intent_final_zip_verify_20260908/Evidence/intent_gold_references_120.jsonl	204059	70deb7a53b21b63392393d243a5e5f92631dd582f6c1bc04363cdb5077c94462
outputs/pilot120_semantic_intent_final_zip_verify_20260908/Evidence/intent_observable_traces_240.jsonl	1098700	c09214f8d3d913ba63a39b8b73701ef41dae14ca3e24343660747430bcd6fb18
outputs/pilot120_semantic_intent_final_zip_verify_20260908/Evidence/SEALED_evaluation_mapping.jsonl	26640	e3247d90432d129a58d795d2717b118a6f2e73b6b0dbe7dd06161c5251f25b86
outputs/pilot120_semantic_intent_final_zip_verify_20260908/Evidence/self_contained_rebuild_report.json	1198	a64d61d8ae14d9b76c4d7a3fecbc99a73ef5708fcdab9fd2be8814d17a14ae39
outputs/pilot120_semantic_intent_final_zip_verify_20260908/Evidence/SHA256SUMS	15843	cb66e6bd301a8a14a8fd7ee3647f31d87fc836f2961bbd3278bf36be4a246f12
outputs/pilot120_semantic_intent_final_zip_verify_20260908/Future_implementation/future_intent_output_contract_v2.json	724	fe8a47d9309b12f3ee0e7bfa9ea7e67d8c30673e5d80323aeb956d91514c9421
outputs/pilot120_semantic_intent_final_zip_verify_20260908/Future_implementation/intent_contract_v2_example.py	1064	ed96946cd984fedbd504af405bbec7658477a864b9db14152fd07fc2faab72a7
outputs/pilot120_semantic_intent_final_zip_verify_20260908/Future_implementation/INTENT_OUTPUT_CONTRACT_V2.md	1510	25d3c912cda9cec9db929b9603a22883ed70dc97704119bc827d5a31adcdc35c
outputs/pilot120_semantic_intent_final_zip_verify_20260908/Future_implementation/intent_output_contract_v2.py	3748	330de990e83d56b8d02dd4f1f04d86dd2eebb99ee653aa1163d5e0cee7324659
outputs/pilot120_semantic_intent_final_zip_verify_20260908/Future_implementation/manager_analysis_schema_v2.json	1189	29f7fb784a7b1e5f275d2e3759409e39fb8842b48368b81a376aa6e53bad1112
outputs/pilot120_semantic_intent_final_zip_verify_20260908/Future_implementation/test_future_intent_output_contract_v2.py	2189	1b8b1bb3afa5814ec7ff8031528604fbcf24ce3817389432a860f3fc1a3098e9
outputs/pilot120_semantic_intent_final_zip_verify_20260908/Future_implementation/test_semantic_intent_metric_edge_cases.py	1883	abb220b5195512940884aa441bb5bcdf3271ebbc7236f90a83488955be5ccf17
outputs/pilot120_semantic_intent_final_zip_verify_20260908/Judging/A_B_agreement.json	729	34f155ddc6d320e050b5ab61c3d9f5a9136cad3974c7e43772c8b60ee3e8cedf
outputs/pilot120_semantic_intent_final_zip_verify_20260908/Judging/A_B_consensus.jsonl	221401	d4d7fb86bd861586cbae6643fae374f789223cfb8e7f3220ef1e9499f3a10f05
outputs/pilot120_semantic_intent_final_zip_verify_20260908/Judging/A_B_disagreements.jsonl	69499	f92cfd605f87725d9269e10767352c209e4c2f1cfb6bc394738881748153b536
outputs/pilot120_semantic_intent_final_zip_verify_20260908/Judging/blind_adjudication_packet.jsonl	275254	6c10e2c173d1e7b2e4f986265cd66c30f3072f5dd57cb8b209d32b6b225f7b64
outputs/pilot120_semantic_intent_final_zip_verify_20260908/Judging/FINAL_JUDGMENT_FREEZE.json	283	23603f4481860ca21db9c566a25c603e42f8b964381404d109d1dfe693f3f080
outputs/pilot120_semantic_intent_final_zip_verify_20260908/Judging/final_semantic_goal_judgments.jsonl	266335	34f47470d61ae1f9743dce6ecef07c025bc14d4af356824a988b1e5c132d4419
outputs/pilot120_semantic_intent_final_zip_verify_20260908/Judging/Judge_A/Judge_A.jsonl	137403	7cc08a5afdf09d90d3f5d1dc9769df497e7a99d4f340ce7cab0c51b3170fbe5f
outputs/pilot120_semantic_intent_final_zip_verify_20260908/Judging/Judge_A/Judge_A.normalized.jsonl	161840	290d8b4ceb1a84b132825b1f6874a07dc952ac8e981c233f89cffc94136a975f
outputs/pilot120_semantic_intent_final_zip_verify_20260908/Judging/Judge_A/Judge_A_pass_1.jsonl	67573	983c07bb45a1b952a5315761678f655215e8821140001788094301b69f72e061
outputs/pilot120_semantic_intent_final_zip_verify_20260908/Judging/Judge_A/Judge_A_pass_1.normalized.jsonl	79794	fdb14c8b0c487c7114daa7f4833d55dcc90c8899adfa9dcdfd4be8252d038dae
outputs/pilot120_semantic_intent_final_zip_verify_20260908/Judging/Judge_A/Judge_A_pass_2.jsonl	69830	6b5e071a5f309cd98ccd7e09b25164ad563366ad461ff037ccacf726d04a3fb0
outputs/pilot120_semantic_intent_final_zip_verify_20260908/Judging/Judge_A/Judge_A_pass_2.normalized.jsonl	82046	81e69c2deb5a93dabc6c0119d12966ee90b4575e3d828333e324fdf9f0c75fc0
outputs/pilot120_semantic_intent_final_zip_verify_20260908/Judging/Judge_B/Judge_B.jsonl	184821	f7de10d1725983ee00a921433e93ddaae96cfba2bb2cfd6e2f45a604c2da6ebd
outputs/pilot120_semantic_intent_final_zip_verify_20260908/Judging/Judge_B/Judge_B.normalized.jsonl	209288	7640e86eb4323ff298ab8b53364cc4704c0b1d5add3e0deca4d96ca7a2fc496a
outputs/pilot120_semantic_intent_final_zip_verify_20260908/Judging/Judge_B/Judge_B_pass_1.jsonl	92435	d4aef88e342b2e657bfcdf6ec520ed5aa38fe44ad73dc0d9e4b28eb2381eed29
outputs/pilot120_semantic_intent_final_zip_verify_20260908/Judging/Judge_B/Judge_B_pass_2.jsonl	92386	288a8eb54151b57fc7fe1048d987b19800726d49d0b75c6bff4fe52e995713a0
outputs/pilot120_semantic_intent_final_zip_verify_20260908/Judging/Judge_C_adjudication.jsonl	19841	3b95706ef26eb91ca78d449c1150087778e0ff27a747607932a696657d96bc36
outputs/pilot120_semantic_intent_final_zip_verify_20260908/Judging/judge_C_adjudication_validation_report.json	2868	15e38b04df0c70e8b4ecaa203c5e71b5f65f83234167d40faedecc7dab60c4aa
outputs/pilot120_semantic_intent_final_zip_verify_20260908/Protocol/ADJUDICATOR_PROMPT.txt	918	200bb6f9f905e62bd7e2832c61343413980c6dc99929ed76e7001b4dfddc6e8b
outputs/pilot120_semantic_intent_final_zip_verify_20260908/Protocol/intent_evaluation_protocol_v1.json	2023	822f41cf50d6f5b375c680d9e4343ad96ac8163c88cc847c3a4fd1c93b8754a8
outputs/pilot120_semantic_intent_final_zip_verify_20260908/Protocol/JUDGE_GUIDE.md	4506	234b700e0cd225e514ded70bc949dabb207dbac9de5cb2a5df20b042664270b4
outputs/pilot120_semantic_intent_final_zip_verify_20260908/Protocol/judge_output_schema.json	636	c21aa39ba80cc5b14e74cbc940b1360e19211e2ad9f50ed6f665be8c8639810c
outputs/pilot120_semantic_intent_final_zip_verify_20260908/Protocol/JUDGE_PROMPT.txt	1295	c6c5a2a1b104d3baf7b922880c08f762745e2436634fbe08d46bf92f92c9052d
outputs/pilot120_semantic_intent_final_zip_verify_20260908/Protocol/references	7588	13170d6d58079210668a082a152ae9a19fb43f8fb50e07ab47adf8155dc589ca
outputs/pilot120_semantic_intent_final_zip_verify_20260908/Protocol/synthetic_judge_calibration.jsonl	3008	98027a4e515f07d78ef7651367b28a952f08316b1deb162cdff2a451ab6cd9bf
outputs/pilot120_semantic_intent_final_zip_verify_20260908/Results/final_intent_results.json	4415	88772720087899af6618e7373bb85f724aa494984b522ccc74d476f37ad5ad9b
outputs/pilot120_semantic_intent_final_zip_verify_20260908/Results/final_intent_rows.csv	50736	d1e742135b8bdaed2daed68e89861bcac65b955116a243bfd433578db0e6546b
outputs/pilot120_semantic_intent_final_zip_verify_20260908/Results/route_error_ledger.csv	48625	c02e2cecdf4406ce7f354129f3bfda291f375e9b943d80cd968c0e1ad8c77afd
outputs/pilot120_semantic_intent_final_zip_verify_20260908/Results/semantic_intent_supplement_results.json	14851	f2970a08a0e5e13418f5a5c3a83e5e60c9b25d417ab608ead90207e6390e0721
outputs/pilot120_semantic_intent_final_zip_verify_20260908/Results/sgc_correct_route_wrong_ledger.csv	43652	97b6484120901494a4236a5c4afd92c4c2dd068d1512d21bbae22287cf4837e6
outputs/pilot120_semantic_intent_final_zip_verify_20260908/Results/speech_act_results.json	3801	b9e06fbd01c456de4a34285a6d79f999a0a6ec2ca658606d0714254602a8a27d
outputs/pilot120_semantic_intent_final_zip_verify_20260908/SHA256SUMS	5273	76cd62cc12de87495dde2770eef9ff21eea2a3b901510da341f969082f3c03d1
outputs/pilot120_semantic_intent_final_zip_verify_20260908/Verification/FINAL_ADVERSARIAL_AUDIT_20260908.md	2437	c8027a8641bfea339db95b9473baa5ec90ce2fa34ad715b6f0f3fbcfa71d0191
outputs/pilot120_semantic_intent_final_zip_verify_20260908/Verification/FINAL_AUDIT.json	894	661116aaca21dfc971efd2d2c10e5eaafef81caff58a45cc51dd4c90e54173b1
outputs/pilot120_semantic_intent_final_zip_verify_20260908/Verification/PILOT120_SEMANTIC_INTENT_PACKAGE_AUDIT_20260902.md	3654	87db268f857b5d06a909ff10e3e4727efbe08ea904b873ea542ab3c2a668d26b
outputs/pilot120_semantic_intent_judging_20260908/A_B_agreement.json	729	34f155ddc6d320e050b5ab61c3d9f5a9136cad3974c7e43772c8b60ee3e8cedf
outputs/pilot120_semantic_intent_judging_20260908/A_B_consensus.jsonl	221401	d4d7fb86bd861586cbae6643fae374f789223cfb8e7f3220ef1e9499f3a10f05
outputs/pilot120_semantic_intent_judging_20260908/A_B_disagreements.jsonl	69499	f92cfd605f87725d9269e10767352c209e4c2f1cfb6bc394738881748153b536
outputs/pilot120_semantic_intent_judging_20260908/blind_adjudication_packet.jsonl	275254	6c10e2c173d1e7b2e4f986265cd66c30f3072f5dd57cb8b209d32b6b225f7b64
outputs/pilot120_semantic_intent_judging_20260908/execution_manifests/Judge_A_pass_1.manifest.json	872	b8f2508dc7b14d7f47c00566026d0eaec9a921299c23a6eef78f589cbe5d0169
outputs/pilot120_semantic_intent_judging_20260908/execution_manifests/Judge_A_pass_2.manifest.json	872	1e83979cba26c6256de6e4ce742811e2041d97eab6597becc33e98bb1b158ac3
outputs/pilot120_semantic_intent_judging_20260908/execution_manifests/Judge_B_pass_1.manifest.json	872	1783c7181634dabd62e2f83734aaefedeb109044dacde2d5d72ceaa714193e4d
outputs/pilot120_semantic_intent_judging_20260908/execution_manifests/Judge_B_pass_2.manifest.json	872	4bd22eb8f7a47b30351e1e47c0084f15cde9e209fe56446472548d43615ee51c
outputs/pilot120_semantic_intent_judging_20260908/execution_manifests/README.md	568	9c5494b3acee4b670534303f95208b8f7748f9cfcd39aa417ed517d20b80e8d3
outputs/pilot120_semantic_intent_judging_20260908/FINAL_ADVERSARIAL_AUDIT_20260908.md	2437	c8027a8641bfea339db95b9473baa5ec90ce2fa34ad715b6f0f3fbcfa71d0191
outputs/pilot120_semantic_intent_judging_20260908/FINAL_AUDIT.json	1496	d2a841e8630ec18440041524c5483503c8c248b826bcccb29edb280e8cc2ffac
outputs/pilot120_semantic_intent_judging_20260908/final_intent_results.json	4415	88772720087899af6618e7373bb85f724aa494984b522ccc74d476f37ad5ad9b
outputs/pilot120_semantic_intent_judging_20260908/final_intent_rows.csv	50736	d1e742135b8bdaed2daed68e89861bcac65b955116a243bfd433578db0e6546b
outputs/pilot120_semantic_intent_judging_20260908/FINAL_JUDGMENT_FREEZE.json	283	23603f4481860ca21db9c566a25c603e42f8b964381404d109d1dfe693f3f080
outputs/pilot120_semantic_intent_judging_20260908/FINAL_RESULTS_REPORT.md	2198	7c144ea51b91641c3468e648a3eddd8b3d944dc644dc99835950865149e612a8
outputs/pilot120_semantic_intent_judging_20260908/final_semantic_goal_judgments.jsonl	266335	34f47470d61ae1f9743dce6ecef07c025bc14d4af356824a988b1e5c132d4419
outputs/pilot120_semantic_intent_judging_20260908/job_50863/job.stderr.log	33	5cb2b9de072c051ea216871b5141f07f43bef3751fc83a0b72141243240afa6d
outputs/pilot120_semantic_intent_judging_20260908/job_50863/job.stdout.log	0	e3b0c44298fc1c149afbf4c8996fb92427ae41e4649b934ca495991b7852b855
outputs/pilot120_semantic_intent_judging_20260908/Judge_A/Judge_A.jsonl	137403	7cc08a5afdf09d90d3f5d1dc9769df497e7a99d4f340ce7cab0c51b3170fbe5f
outputs/pilot120_semantic_intent_judging_20260908/Judge_A/Judge_A.normalized.jsonl	161840	290d8b4ceb1a84b132825b1f6874a07dc952ac8e981c233f89cffc94136a975f
outputs/pilot120_semantic_intent_judging_20260908/Judge_A/Judge_A_pass_1.jsonl	67573	983c07bb45a1b952a5315761678f655215e8821140001788094301b69f72e061
outputs/pilot120_semantic_intent_judging_20260908/Judge_A/Judge_A_pass_1.normalized.jsonl	79794	fdb14c8b0c487c7114daa7f4833d55dcc90c8899adfa9dcdfd4be8252d038dae
outputs/pilot120_semantic_intent_judging_20260908/Judge_A/Judge_A_pass_2.jsonl	69830	6b5e071a5f309cd98ccd7e09b25164ad563366ad461ff037ccacf726d04a3fb0
outputs/pilot120_semantic_intent_judging_20260908/Judge_A/Judge_A_pass_2.normalized.jsonl	82046	81e69c2deb5a93dabc6c0119d12966ee90b4575e3d828333e324fdf9f0c75fc0
outputs/pilot120_semantic_intent_judging_20260908/Judge_B/Judge_B.jsonl	184821	f7de10d1725983ee00a921433e93ddaae96cfba2bb2cfd6e2f45a604c2da6ebd
outputs/pilot120_semantic_intent_judging_20260908/Judge_B/Judge_B.normalized.jsonl	209288	7640e86eb4323ff298ab8b53364cc4704c0b1d5add3e0deca4d96ca7a2fc496a
outputs/pilot120_semantic_intent_judging_20260908/Judge_B/Judge_B_pass_1.jsonl	92435	d4aef88e342b2e657bfcdf6ec520ed5aa38fe44ad73dc0d9e4b28eb2381eed29
outputs/pilot120_semantic_intent_judging_20260908/Judge_B/Judge_B_pass_2.jsonl	92386	288a8eb54151b57fc7fe1048d987b19800726d49d0b75c6bff4fe52e995713a0
outputs/pilot120_semantic_intent_judging_20260908/Judge_C_adjudication.jsonl	19841	3b95706ef26eb91ca78d449c1150087778e0ff27a747607932a696657d96bc36
outputs/pilot120_semantic_intent_judging_20260908/Judge_C_completed_zip/judge_C_adjudication.jsonl	19841	3b95706ef26eb91ca78d449c1150087778e0ff27a747607932a696657d96bc36
outputs/pilot120_semantic_intent_judging_20260908/Judge_C_completed_zip/judge_C_adjudication_validation_report.json	2868	15e38b04df0c70e8b4ecaa203c5e71b5f65f83234167d40faedecc7dab60c4aa
outputs/pilot120_semantic_intent_judging_20260908/Judge_C_packet/blind_adjudication_packet.jsonl	275254	6c10e2c173d1e7b2e4f986265cd66c30f3072f5dd57cb8b209d32b6b225f7b64
outputs/pilot120_semantic_intent_judging_20260908/Judge_C_packet/BLINDNESS_CHECK.json	764	11ddb3448fdbf594983664a7f529acb3e71e1034649b86ba2d46f662edfbed7a
outputs/pilot120_semantic_intent_judging_20260908/Judge_C_packet/protocol/ADJUDICATOR_PROMPT.txt	918	200bb6f9f905e62bd7e2832c61343413980c6dc99929ed76e7001b4dfddc6e8b
outputs/pilot120_semantic_intent_judging_20260908/Judge_C_packet/protocol/JUDGE_GUIDE.md	4506	234b700e0cd225e514ded70bc949dabb207dbac9de5cb2a5df20b042664270b4
outputs/pilot120_semantic_intent_judging_20260908/Judge_C_packet/protocol/judge_output_schema.json	636	c21aa39ba80cc5b14e74cbc940b1360e19211e2ad9f50ed6f665be8c8639810c
outputs/pilot120_semantic_intent_judging_20260908/Judge_C_packet/protocol/synthetic_judge_calibration.jsonl	3008	98027a4e515f07d78ef7651367b28a952f08316b1deb162cdff2a451ab6cd9bf
outputs/pilot120_semantic_intent_judging_20260908/OPTIONAL_DIAGNOSTICS_STATUS.md	332	769c35407738a66e4a607a8789e213b91da9984396971580f902ccf21c2f573f
outputs/pilot120_semantic_intent_judging_20260908/pilot120_semantic_intent_Judge_C_packet_20260908.zip	51454	91b27079488f8f16f0f27f9398cc0e70fb4b56d23e77fdd4c3152ef6e7f9d95f
outputs/pilot120_semantic_intent_judging_20260908/route_error_ledger.csv	48625	c02e2cecdf4406ce7f354129f3bfda291f375e9b943d80cd968c0e1ad8c77afd
outputs/pilot120_semantic_intent_judging_20260908/semantic_intent_supplement_results.json	14851	f2970a08a0e5e13418f5a5c3a83e5e60c9b25d417ab608ead90207e6390e0721
outputs/pilot120_semantic_intent_judging_20260908/sgc_correct_route_wrong_ledger.csv	43652	97b6484120901494a4236a5c4afd92c4c2dd068d1512d21bbae22287cf4837e6
outputs/pilot120_semantic_intent_judging_20260908/t39_failure_pathways_deep_dive_20260911.json	32437	8e5209aa15deca780cfda974d9531e56c4f49061ab817db2aaacc139923c12a6
outputs/pilot120_semantic_intent_judging_20260908/t39_future_task_outcomes_unobserved.jsonl	124710	68f55c5e6d6f72440b9a0b3397e955d49a58dd1cdc4218e714214d1900cd822f
outputs/pilot120_semantic_intent_judging_20260908/t39_layer4_computability.json	158020	3112c74b3e6989287bff9d0083171d891ec043198571334e1bcd980f7ef3446c
outputs/pilot_120/cluster_systems_pending.json	4328	afad14a7f9f497f3794634bb01cf4137615dfd88f1da1db293d1ac6b705dc0da
outputs/pilot_120/local_systems/comparison_table.csv	1270	3185c9209ad303e1feefb219e8b0c1927fc225653b58c6752dc8ea345439877f
outputs/pilot_120/local_systems/comparison_table.json	2534	d88e346fa80c4cff56381f6b6a91198aea3f56803688d17ff942837168140647
outputs/pilot_120/local_systems/comparison_table.md	1102	19f7fbb96d611e99fb762e74816f49f87063951f4e4481fa78d3d86dd3213bd2
outputs/pilot_120/local_systems/evaluations/always_clarify.eval.json	4245	a0fe1f29f66f1f94a769e508edb619b9aef971c65339c36f9ef149b32538cd51
outputs/pilot_120/local_systems/evaluations/always_execute.eval.json	4242	c3c152fb7fc902d16f7ac326841b861433dda6dbc18d39f7af249243c10d38a5
outputs/pilot_120/local_systems/evaluations/always_silently_resolve.eval.json	4346	ae55b0003348825e598927a485787839417bdafeca983f26a8fa18c5b7aa5c25
outputs/pilot_120/local_systems/failure_analysis.json	4506	a29c58662f64ffa07c85618baae3c9adbfa33c97317a4cdf0718d1db723c28ef
outputs/pilot_120/local_systems/integrity_check.json	693	ee84ae173839e9a84eb01886b784faa90d5c6224981f0ddf9a6e68949a507d17
outputs/pilot_120/local_systems/predictions/always_clarify.predictions.jsonl	81966	6b3dc7dc181471afcacdf9f7c9c2c2df100aa3d541f95a9012089d6c6119d5ab
outputs/pilot_120/local_systems/predictions/always_execute.predictions.jsonl	81970	65bcd565699d31644317eeed4cad6ef0bf94825ba6660fd1d2b1cd9850cd9d26
outputs/pilot_120/local_systems/predictions/always_silently_resolve.predictions.jsonl	87367	fd501517c6dde2316423ad218a41903e774fa9ee5d3f191b81d8957b33481c66
outputs/pilot_120/local_systems/run_summary.json	4359	11e59cb56317d2f5d973ddcc3a9d758272468b0e04f3cb5deced6f3f46c63999
outputs/pilot_120/local_systems/system_inventory.json	5597	2052f771948b9fc146d6f3a91ce142ebc6a0b8239b2f44a33f48b7205764a07a
outputs/pilot_120/local_systems/uncertainty/always_clarify.bootstrap.json	818	fa0961d1a428a9a68a7918cb75b7aae3ea1a503a8235706c53b9e70043fe0697
outputs/pilot_120/local_systems/uncertainty/always_execute.bootstrap.json	813	80b82adf360710ebe74abe3929c61aaede3b8fa02510ebee4143d84c60bcf036
outputs/pilot_120/local_systems/uncertainty/always_silently_resolve.bootstrap.json	576	be9319e807bd800be420d310f13bf6c747a958e04b8ad272b2bdcaa27578eea8
outputs/pilot_120/local_systems/uncertainty/paired_bootstrap_terminal_accuracy.json	741	239060f156f9dc660708ba39fff55bd5b5d1daa21c5ec1a53d7760328b48ad0f
outputs/readiness_20260901/R1_t39_evidence_atlas.json	4451228	5e00ff43a700b7755d35e35091e0de538b53e4ff7877129b75155e892ab86f4e
outputs/readiness_20260901/t41_readiness_contract.json	219	53a5775c5ce9b9e1e2b78c2cbe63162c17bce396a42f6e778d27fd4f2676fb21
outputs/readiness_20260901/t42_readiness_scaffold.json	214	89354b10b9bca7fd8bd3183277ab9e2eda4b45c18404e88a10babad80e5a619a
outputs/readiness_20260901/t43_factorial_manifest.json	3117214	01f1a0ca043d3edce653b67261c10068ee541035ee96b0d5cc18164e5c145b4f
outputs/readiness_20260901/t43_static_verification.json	708	2268203b4f9a61683e0cd3ce661784e0cb757e720968c5853ce34390f3c34a6b
outputs/readiness_20260901/t44_pilot_reference_recovery.json	31394	3f06d86aaac776c33d87d65aea13acb1748190f752460ab205e71a291afa19b0
outputs/readiness_20260902/t39_evidence_atlas.json	4451210	1c962ff949c6a91ca19572a0dc91b44cf3e9fc9221f9662aaf5e2ca3f3fe0ad0
outputs/readiness_20260902/t39_reproducibility_audit.json	71096	b803771c0fcd4a22b3da344e2d0647ebc46fe2a5d6823a8116eb91978630f081
outputs/readiness_20260902/t39_reproducibility_audit_submission.tsv	691	51b08ff5ca980f7cf065873a99c41c4b89f53837fe4123d3d6fe6c53adf5ce90
outputs/research_project_latest_tree_20260927.zip	3454930	bf2d4c30946b3edef5f39b0ab04cca2c83e43000289acd52f933874b86328b75
outputs/sprint_rescue_20260918/ambiguity_audit.json	4364	498e97bac68eb13dcc34cc5a1e6963c19d3fb00bcdf177ae049aef0b5e964bdb
outputs/sprint_rescue_20260918/early_8b_vs_1p7b_T0.7.json	1597	914ea319cc6c5b9e2955bbf959f6bc913014edc3c9bbeb013cdf7619562c7932
outputs/sprint_rescue_20260918/historical_dissociation_62_ids.json	1024	18db9b69d78a798f9d6d8839e8f4df407f50635796e28fab85f2fded642e86bc
outputs/sprint_rescue_20260918/repaired_T0.7/ambiguity_audit.json	4370	579ee2dc8762b496c322bc6eb55ee438d6082da48c7afa1702e3771caf655a9f
outputs/sprint_rescue_20260918/repaired_T0.7/sprint_rescue_summary.json	27664	af2acdb8fb87f2005159504d074ba94fb79b681f88d9f9c0aa7534112a7a8588
outputs/sprint_rescue_20260918/sprint_rescue_summary.json	27744	282370e5afc2d522db235ad64e5bad1f7bf92af233fa061b59f0ffafba407b0f
outputs/t03_gf_ablation_able_ix_20260923/00_PROTOCOL_FREEZE.md	1402	248c0befc7ca5e1f276a4ba304f4ea4bd19e26530308351ad66f8e8b31622c13
outputs/t03_gf_ablation_able_ix_20260923/01_FIVE_SEED_JOBS.md	1083	08b03d5f883a776d58d23020f2d6cfeab0c1f808702581290802a208836e5cee
outputs/t03_gf_ablation_able_ix_20260923/ABLE_IX_RESCORED.json	20900	70af85b8d75d777f10d4c2a144ea8293dba233da233e60449f8024e3bfc6436a
outputs/t03_gf_ablation_able_ix_20260923/PACK_README.md	2492	a31a5fb184c6111537d0822e888b00d091a405da56d7754282deba7b2df7ce88
outputs/t07_and_recovery_overlay_20260922.tar.gz	415869	b69650273150cb4183577b963c20646df0ccf51a72acfed22212f1a891c25062
outputs/t07_matched_baseline_completion_20260922/00_PROTOCOL_FREEZE.md	2747	9b95be1e17cda261130871878eee4a9019a9ded9f0356924c5492b39f29aed29
outputs/t07_matched_baseline_completion_20260922/01_manifest.json	4816	834fe07a780520f08673b322b90d2651acde7b8fac620edaf95f425919bad947
outputs/t07_matched_baseline_completion_20260922/02_input_case_ids.txt	1080	9f0442e1cb85c33132c2a7521d98fb934d2fa9c9497674234a49b52cfc66d7d6
outputs/t07_matched_baseline_completion_20260922/03_config_raw_t07.json	939	c9cdadfa9474d7d840e8a9ecf7f7559bbc7addb6df18436eb48882aedeb35352
outputs/t07_matched_baseline_completion_20260922/04_config_finetune_t07.json	1339	1f6b9f27271d412f6b77499e2239c5676b7ca0dd35780338410b5ea00c47dc85
outputs/t07_matched_baseline_completion_20260922/05_judging_config.json	1625	31474fdd4eccc56483299a1646d712d9aa4f15ff6b7c32414107d771d174a8a1
outputs/t07_matched_baseline_completion_20260922/20_ADAPTER_PROVENANCE_NOTE.md	2240	e59fad902e31fe9b69413c38237e8bda1592f4b7360637adf8e602d52bef934a
outputs/t07_matched_baseline_completion_20260922/README.md	635	db2706c38e630adef9d6bb79bb120421ffb3f3e8cd15931b5c02fb141eb3c377
outputs/t07_matched_baseline_completion_20260927_FINAL.zip	1177609	34ca50e034ca37b617068bb50c734d12fa26282fb5eec563c11ead700163e491
outputs/t12_cluster_jobs/build_training_sif.sbatch	1545	4c641b129f5ec1ba05ca111415d54d033e18091e9b8802032d958483366675ae
outputs/t12_cluster_jobs/build_training_sif_mscluster111.sbatch	1567	48e721d5b19f991c8272ac25537f5be7b1b515d51c1a75fb3609e856a18976d6
outputs/t12_cluster_jobs/cleanup_training_site_packages.sh	1548	8f2c7a18d6f18fa3983b9937cd82cfead788c6400a36941c67e013c8d1dfee37
outputs/t12_cluster_jobs/download_bakeoff_candidates.sbatch	1397	341187df691125432e933b5a1a1540d0367ce46de8a0f68111c24b7de07989e4
outputs/t12_cluster_jobs/probe_apptainer_nodes.sh	778	ef868004d9eff831e40161b106ac3d93010ff4e63e0d52be407c4cac67dbbf32
outputs/t12_cluster_jobs/read_apptainer_probes.sh	322	f72e732527037a0447d92f092bba38ccf7120667cf23af6a82c49104f2cd46fb
outputs/t12_cluster_jobs/setup_training_env.sbatch	2347	824ceca69c7b5d63d44f8a0ffe8b3c1234380ce38555b6233f265d8234963a5e
outputs/t12_cluster_jobs/state.json	67173	cb878d4d3155fc2681c6f5e7ff432c07bf1c9a692838e02f74096975a5e24f54
outputs/t12_cluster_jobs/t12-canary-20260722T060329Z-99ebab9/remote_metadata.json	535	9ac6ca19ed7c6bdca13897fa61894d8b4e9ad58ba80b36b264cad9228d27979b
outputs/t12_cluster_jobs/t12-canary-20260722T060329Z-99ebab9/source_identity_manifest.json	323	d91dca78e99b7b76604d06d3d6b20df09b43cbe1aa40c8f6da60de458d8ec3c4
outputs/t12_cluster_jobs/t12-canary-20260722T060329Z-99ebab9/submit.sbatch	1475	dede76fdde7d3142f7667d4f9805ec450af8003c58ddccf10ee78f2c577bbbe7
outputs/t12_cluster_jobs/t12-canary-20260722T060451Z-fe85d8c/pulled/canary_records.jsonl	163	1b16dddd181ff26daa85ea91869d99e28e7d45f9e57af3d07e01c24f815419e3
outputs/t12_cluster_jobs/t12-canary-20260722T060451Z-fe85d8c/pulled/canary_result.json	672	e422c539c35cefad18a3b2987998321ab12d9f945935ba3c5a4be371ee0297dd
outputs/t12_cluster_jobs/t12-canary-20260722T060451Z-fe85d8c/pulled/run_manifest.json	1023	07e256062eab8517b7953e6acac6e798a00b21b27b55ba7785cf8daf6f9ffbfb
outputs/t12_cluster_jobs/t12-canary-20260722T060451Z-fe85d8c/pulled/source_identity_manifest.json	323	c5d64264e96e4c43caf3727b355c36bffe5da89f41c7fc08ab41644bf28ebe52
outputs/t12_cluster_jobs/t12-canary-20260722T060451Z-fe85d8c/remote_metadata.json	543	e2e40082960496d1596c6935bb7d93fbedff48ea92b69cef7d3b46bc8ba0551e
outputs/t12_cluster_jobs/t12-canary-20260722T060451Z-fe85d8c/source_identity_manifest.json	323	c5d64264e96e4c43caf3727b355c36bffe5da89f41c7fc08ab41644bf28ebe52
outputs/t12_cluster_jobs/t12-canary-20260722T060451Z-fe85d8c/submit.sbatch	1475	3b91375c6dafb58da512af863d153f799258a09d2b9e60080855f2917fee0030
outputs/t12_cluster_jobs/t12-canary-20260722T060451Z-fe85d8c/t12-fe85d8c.tar.gz	228539946	3dafc8e3021b94632926694904ee92a3250ed3cb9be9653e66550f2169fb8388
outputs/t12_cluster_jobs/t12-canary-20260722T060451Z-fe85d8c/verification.json	322	f49b6799d250596c7dbb893577ddc502393b0d0a7519d00f313eb5cea38825e7
outputs/t12_cluster_jobs/t12-mc-preflight-20260722T185755Z-1b554e6/remote_metadata.json	844	b2cb9871753d0a19624eec08fa01f48e7aa13e1b6f5a072ea58a0c1a660559d3
outputs/t12_cluster_jobs/t12-mc-preflight-20260722T185755Z-1b554e6/source_identity_manifest.json	323	c5d5c312cc72c8017ce2fd790aebd4657644907f4dd7690e0764196ff7622894
outputs/t12_cluster_jobs/t12-mc-preflight-20260722T185755Z-1b554e6/submit.sbatch	1782	f902153bf3e5adb633c50ee4851971cbd5baa3d83cfcccb4f7e277bdf540a682
outputs/t12_cluster_jobs/t12-mc-preflight-20260722T185802Z-1b554e6/remote_metadata.json	852	105fbeb845193a3dd7844643cea38bcd2487c06a5a1971a41f49990782836c9c
outputs/t12_cluster_jobs/t12-mc-preflight-20260722T185802Z-1b554e6/source_identity_manifest.json	323	9d62454143218d43620b8f62ca2b0c73d42ff619bf46ce1df936a36746000c83
outputs/t12_cluster_jobs/t12-mc-preflight-20260722T185802Z-1b554e6/submit.sbatch	1782	3761198d9372d719e25862786462e5890ca85add226388ff127feace1bfa14e5
outputs/t12_cluster_jobs/t12-mc-preflight-20260722T185802Z-1b554e6/t12-1b554e6.tar.gz	228773559	d39a24ac42395707f20983fcabf25e470672e79a61542cb9c9c021c6f6029d9c
outputs/t12_cluster_jobs/t12-mc-preflight-20260722T190142Z-a0ade06/pulled/candidate_provenance.json	1383	9ae72f6039adc10c9970e534a748c3f99bf30d90617596fe8f2116625bfa0636
outputs/t12_cluster_jobs/t12-mc-preflight-20260722T190142Z-a0ade06/pulled/preflight_result.json	1223	f3220594fadc8cdcd51a31315f5b6b3643a27bc25db5f9f70c708a2e18a9a249
outputs/t12_cluster_jobs/t12-mc-preflight-20260722T190142Z-a0ade06/pulled/run_manifest.json	1087	1fc56b134197ec3db62b4348bf604b94ce56deaca253bc141fa09758402ce362
outputs/t12_cluster_jobs/t12-mc-preflight-20260722T190142Z-a0ade06/pulled/source_identity_manifest.json	323	fc3d6c498d0643f38d78a144a978a094fae47a706dffd7a86f28cce0b5ecac86
outputs/t12_cluster_jobs/t12-mc-preflight-20260722T190142Z-a0ade06/remote_metadata.json	852	d9b89b0271baf6ebf5953900aa3a2858c3560488585f32bd31279bc6ee6497ba
outputs/t12_cluster_jobs/t12-mc-preflight-20260722T190142Z-a0ade06/source_identity_manifest.json	323	fc3d6c498d0643f38d78a144a978a094fae47a706dffd7a86f28cce0b5ecac86
outputs/t12_cluster_jobs/t12-mc-preflight-20260722T190142Z-a0ade06/submit.sbatch	1761	6ba5cceb2ab3d1fdba8b8c7a2c731a5405aa3d22f053dadd3f7f5d92ec198d5d
outputs/t12_cluster_jobs/t12-mc-preflight-20260722T190142Z-a0ade06/t12-a0ade06.tar.gz	228773612	f9ff6aa857fdbe4baefaa450953dec71637e86cf961f690297236a67cc499220
outputs/t12_cluster_jobs/t12-mc-preflight-20260722T190142Z-a0ade06/verification.json	336	9785cda8f1b1e3959b01d44160d6b11c29d6a2ed9e6be942940a572337e6814e
outputs/t12_cluster_jobs/t12-mc-preflight-20260722T190643Z-61000b4/pulled/candidate_provenance.json	1383	9ae72f6039adc10c9970e534a748c3f99bf30d90617596fe8f2116625bfa0636
outputs/t12_cluster_jobs/t12-mc-preflight-20260722T190643Z-61000b4/pulled/preflight_result.json	1572	f5e919a791cf6d8b8aaca6323371ed89eba3bf1a229390aca20f0bc1f087178b
outputs/t12_cluster_jobs/t12-mc-preflight-20260722T190643Z-61000b4/pulled/run_manifest.json	1087	2fe98a5502ff4c70ec01c283319df8339bfff09534ff258c951ddf34e87c0a3e
outputs/t12_cluster_jobs/t12-mc-preflight-20260722T190643Z-61000b4/pulled/source_identity_manifest.json	323	6a0dcbec80801f73613d35fd4d22e8421b172ab529659043509bfbb701e754d2
outputs/t12_cluster_jobs/t12-mc-preflight-20260722T190643Z-61000b4/remote_metadata.json	852	2b1205342cd386673692411a695e3222ec85f47d9b96d57121a2e4c0c0ed1da0
outputs/t12_cluster_jobs/t12-mc-preflight-20260722T190643Z-61000b4/source_identity_manifest.json	323	6a0dcbec80801f73613d35fd4d22e8421b172ab529659043509bfbb701e754d2
outputs/t12_cluster_jobs/t12-mc-preflight-20260722T190643Z-61000b4/submit.sbatch	2733	9d23df725ca49a2f30087bf3f6bc28389236a0a8b2815ccc3df8a5fc09e4457a
outputs/t12_cluster_jobs/t12-mc-preflight-20260722T190643Z-61000b4/t12-61000b4.tar.gz	228773950	e2d0a6f497ae72a845fe37e696d734c0a43e82dd1723dcf5a5bf016245aed539
outputs/t12_cluster_jobs/t12-mc-preflight-20260722T190643Z-61000b4/verification.json	336	174ecce52ab91c7543923a7b22938e993b5eca92d7c6721af172bc9e5acec526
outputs/t12_cluster_jobs/t12-mc-transport-20260722T191008Z-61000b4/pulled/accepted_predictions.jsonl	0	e3b0c44298fc1c149afbf4c8996fb92427ae41e4649b934ca495991b7852b855
outputs/t12_cluster_jobs/t12-mc-transport-20260722T191008Z-61000b4/pulled/analysis_outputs.jsonl	536	b91683271a6c436be48a7129fed1fbb5fa64551d27a94735a8a56d7810295b8f
outputs/t12_cluster_jobs/t12-mc-transport-20260722T191008Z-61000b4/pulled/attempt_ledgers.jsonl	604	3300d296359b238ddb7e41b787895ae5fea0feea07941fa766578860024b67c8
outputs/t12_cluster_jobs/t12-mc-transport-20260722T191008Z-61000b4/pulled/raw_attempts.jsonl	920	5c0616db5b9e8b1e23eaccb40c26ab82036a1308c48373988c2bd6813c17e010
outputs/t12_cluster_jobs/t12-mc-transport-20260722T191008Z-61000b4/pulled/record_results.jsonl	732	1bd1738bb3658c2acec03463b591795aafb50a8b6fd97531f92fd6ce9d92c72f
outputs/t12_cluster_jobs/t12-mc-transport-20260722T191008Z-61000b4/pulled/run_manifest.json	2009	195bdfc634190725c6e1c30404e8f422a22321730fff3ca936cf62c87aaefc8e
outputs/t12_cluster_jobs/t12-mc-transport-20260722T191008Z-61000b4/pulled/source_identity_manifest.json	323	8541ac7da85431983dd52835f27f2e9cc00d2c5211c72377f35f459c2b82b07a
outputs/t12_cluster_jobs/t12-mc-transport-20260722T191008Z-61000b4/pulled/transport_smoke_summary.json	568	3280598197f25c0caaad1e245337f4cbf2d4ffe0d4235dc8ac6190a768ae392a
outputs/t12_cluster_jobs/t12-mc-transport-20260722T191008Z-61000b4/remote_metadata.json	882	0c1b12368ff24a370c428226c4beb2a5628599fd1bbbd4665583f1fd3ab75ba2
outputs/t12_cluster_jobs/t12-mc-transport-20260722T191008Z-61000b4/source_identity_manifest.json	323	8541ac7da85431983dd52835f27f2e9cc00d2c5211c72377f35f459c2b82b07a
outputs/t12_cluster_jobs/t12-mc-transport-20260722T191008Z-61000b4/submit.sbatch	2757	746859e207e8d1bb1866687c874969af9f1f4239ab7532312b29ffdc5eac543e
outputs/t12_cluster_jobs/t12-mc-transport-20260722T191008Z-61000b4/t12-61000b4.tar.gz	228773950	e2d0a6f497ae72a845fe37e696d734c0a43e82dd1723dcf5a5bf016245aed539
outputs/t12_cluster_jobs/t12-mc-transport-20260722T191008Z-61000b4/verification.json	457	38dac3466f9be97369ecf88680116b50da718d2e2365967a2c8f9fc6c181749e
outputs/t12_cluster_jobs/t12-mc-transport-20260722T191742Z-96f6191/pulled/accepted_predictions.jsonl	23340	59ec303ebf1287117d542f1ff5d8736a10540d70947fc7d66452169f99058347
outputs/t12_cluster_jobs/t12-mc-transport-20260722T191742Z-96f6191/pulled/analysis_outputs.jsonl	10695	9bc305f0bf358bc91206fab3aaef403fe436fab9a1da05894e6a46b49c19f82c
outputs/t12_cluster_jobs/t12-mc-transport-20260722T191742Z-96f6191/pulled/attempt_ledgers.jsonl	560	8f95bb3e8d4332a6e7bca799dbeb4031c0a9c419e75b4bd1f47ab281115b5901
outputs/t12_cluster_jobs/t12-mc-transport-20260722T191742Z-96f6191/pulled/raw_attempts.jsonl	45240	ef4ca114e7547e590a1cfc36405bd8375ab29a9cb655a3c51edbf22d6891d753
outputs/t12_cluster_jobs/t12-mc-transport-20260722T191742Z-96f6191/pulled/record_results.jsonl	681	9b0a3657fa02f07545cbd92c649f451c21e9c557e90cd82f8c7c46ff064a2912
outputs/t12_cluster_jobs/t12-mc-transport-20260722T191742Z-96f6191/pulled/run_manifest.json	2017	2d5c6bd9c284f8cd37fcbea6c5d9aca322c473b0441cea2da137dd89a00c100a
outputs/t12_cluster_jobs/t12-mc-transport-20260722T191742Z-96f6191/pulled/source_identity_manifest.json	323	0f08c8c66b6f04190bd28fa7273984a9e786d21b471323ed684f0ef79a156184
outputs/t12_cluster_jobs/t12-mc-transport-20260722T191742Z-96f6191/pulled/transport_smoke_summary.json	568	1087fc404668167752926fab561ec9ef8c7f599e9ed2a18eea580c410a88a015
outputs/t12_cluster_jobs/t12-mc-transport-20260722T191742Z-96f6191/remote_metadata.json	882	4376b72b43e8231c4ae3e0befd0fdf2c833bbdf896bac01aa2f19f753467d650
outputs/t12_cluster_jobs/t12-mc-transport-20260722T191742Z-96f6191/source_identity_manifest.json	323	0f08c8c66b6f04190bd28fa7273984a9e786d21b471323ed684f0ef79a156184
outputs/t12_cluster_jobs/t12-mc-transport-20260722T191742Z-96f6191/submit.sbatch	2757	d05b894d46507c2fd45ef71af10cd61f8cfcb17d3263b34c120928d02b623d45
outputs/t12_cluster_jobs/t12-mc-transport-20260722T191742Z-96f6191/t12-96f6191.tar.gz	228774080	aa50224a8475398a84137f7e5e1c48f2c6d0a4b390f355a1af7af08faecb0e82
outputs/t12_cluster_jobs/t12-mc-transport-20260722T191742Z-96f6191/verification.json	457	00b5eff16c0da8cad3a5bd28ab936c5beccd58d7bedf72d12e1ece6bab690374
outputs/t12_cluster_jobs/t12-mc-transport-20260722T200851Z-c6d65f7/pulled/accepted_predictions.jsonl	0	e3b0c44298fc1c149afbf4c8996fb92427ae41e4649b934ca495991b7852b855
outputs/t12_cluster_jobs/t12-mc-transport-20260722T200851Z-c6d65f7/pulled/analysis_outputs.jsonl	536	b91683271a6c436be48a7129fed1fbb5fa64551d27a94735a8a56d7810295b8f
outputs/t12_cluster_jobs/t12-mc-transport-20260722T200851Z-c6d65f7/pulled/attempt_ledgers.jsonl	604	3300d296359b238ddb7e41b787895ae5fea0feea07941fa766578860024b67c8
outputs/t12_cluster_jobs/t12-mc-transport-20260722T200851Z-c6d65f7/pulled/raw_attempts.jsonl	1056	974bc7f4d4e267e4ffbf385575cb97df5782ef6e9d44d5ca9f231c1fbfb1fd97
outputs/t12_cluster_jobs/t12-mc-transport-20260722T200851Z-c6d65f7/pulled/record_results.jsonl	868	727e94ec079976f88b7ff328aa7598d18bce80f46c1a4fef90fe7d9931dbe12c
outputs/t12_cluster_jobs/t12-mc-transport-20260722T200851Z-c6d65f7/pulled/run_manifest.json	2010	7b0e340b522ade5b99b1016f2e98f61fd840c2c54621af32d8585844e8d1c995
outputs/t12_cluster_jobs/t12-mc-transport-20260722T200851Z-c6d65f7/pulled/source_identity_manifest.json	323	53952f6476aa42c3a6fa06a8dabbf0e0f5e7c77acec60664241e50cf72b23c46
outputs/t12_cluster_jobs/t12-mc-transport-20260722T200851Z-c6d65f7/pulled/transport_smoke_summary.json	568	1a9983cafc224ea477127eb7b8f02ff4d22143b07198be1fc08b0edf608fc178
outputs/t12_cluster_jobs/t12-mc-transport-20260722T200851Z-c6d65f7/remote_metadata.json	882	df592ddece6ede524a1c98f3120b4ddd345f639402524cc4bda6936c194804dd
outputs/t12_cluster_jobs/t12-mc-transport-20260722T200851Z-c6d65f7/source_identity_manifest.json	323	53952f6476aa42c3a6fa06a8dabbf0e0f5e7c77acec60664241e50cf72b23c46
outputs/t12_cluster_jobs/t12-mc-transport-20260722T200851Z-c6d65f7/submit.sbatch	2757	a7b1f3e9486be6de812553a1cf459a4ff9e423d8c10070edac05328fe7dbcfa2
outputs/t12_cluster_jobs/t12-mc-transport-20260722T200851Z-c6d65f7/t12-c6d65f7.tar.gz	228774233	823e719d468a5ba4d692d8e1c67b77046b48e2c7dbb7eba4c71d9572f524fc73
outputs/t12_cluster_jobs/t12-mc-transport-20260722T201932Z-b07f7e7/pulled/accepted_predictions.jsonl	6446	e564da5bb52b585d07f2ed7d0efce1e8f36e362856f74f7f54021e02e0af7297
outputs/t12_cluster_jobs/t12-mc-transport-20260722T201932Z-b07f7e7/pulled/analysis_outputs.jsonl	3781	1d2dc8f0c238e5afb7c0d93eb7ccea26e6dc4c88d9c67493773ca2058e59ee86
outputs/t12_cluster_jobs/t12-mc-transport-20260722T201932Z-b07f7e7/pulled/attempt_ledgers.jsonl	592	47a4edb4171600f26ff4eca266321d3e1343d5c184294484ee93a48d602c1092
outputs/t12_cluster_jobs/t12-mc-transport-20260722T201932Z-b07f7e7/pulled/raw_attempts.jsonl	44155	f8625bace688e8e44fe491c4e730feb91c155f9b73a3375c50a4a2339b1a42d5
outputs/t12_cluster_jobs/t12-mc-transport-20260722T201932Z-b07f7e7/pulled/record_results.jsonl	928	4eab88ac89f67f9f16bdb12ff7dacff1fdac4236af7e90dcb291c757c30f2ffb
outputs/t12_cluster_jobs/t12-mc-transport-20260722T201932Z-b07f7e7/pulled/run_manifest.json	2016	687696c562ca91a378700933b71a06a7adaa5d059537fd104c0bb9985f033e46
outputs/t12_cluster_jobs/t12-mc-transport-20260722T201932Z-b07f7e7/pulled/source_identity_manifest.json	323	b9891cfdcbd98fbbdd17e872a95d06ed1f3bd1de9e7aa48ae6c539e0f55abf3d
outputs/t12_cluster_jobs/t12-mc-transport-20260722T201932Z-b07f7e7/pulled/transport_smoke_summary.json	568	9ebe4f453b40b392b9d768b21066accdb704724a1a119c85c28f7f63bcee8499
outputs/t12_cluster_jobs/t12-mc-transport-20260722T201932Z-b07f7e7/remote_metadata.json	882	99db0ca3f034f1e171b094e223b7355fecf7d88d760a677b04a652380aab0a26
outputs/t12_cluster_jobs/t12-mc-transport-20260722T201932Z-b07f7e7/source_identity_manifest.json	323	b9891cfdcbd98fbbdd17e872a95d06ed1f3bd1de9e7aa48ae6c539e0f55abf3d
outputs/t12_cluster_jobs/t12-mc-transport-20260722T201932Z-b07f7e7/submit.sbatch	2757	6516e8943f1bdbfab13fa6dafc02a9ae91460d7817642375cc6a2b476de55b46
outputs/t12_cluster_jobs/t12-mc-transport-20260722T201932Z-b07f7e7/t12-b07f7e7.tar.gz	228774233	d77d42f4f6b58828f8e4f79028031c9251d0aca91b08dc3f2815c3f142638008
outputs/t12_cluster_jobs/t12-mc-transport-20260722T202618Z-da7e69e/remote_metadata.json	896	ddcc6f22dc9b1a01642ec9c684ce9a7e034701c486328959101033418140cb52
outputs/t12_cluster_jobs/t12-mc-transport-20260722T202618Z-da7e69e/source_identity_manifest.json	323	cb0595b45d38dd91340db14789447636e965ee2fe4362262a137fb36be6bf1a1
outputs/t12_cluster_jobs/t12-mc-transport-20260722T202618Z-da7e69e/submit.sbatch	2771	081c317ed426ad83b3b415c7c7af7c49f281dce0f0b66f1c6e12779b567068d4
outputs/t12_cluster_jobs/t12-mc-transport-20260722T202618Z-da7e69e/t12-da7e69e.tar.gz	228774224	b53d47e61c540e474a3ec2fa015eb9a4f638a526d0d6131a7f2e3ec9208a4a1a
outputs/t12_cluster_jobs/t12-mc-transport-20260722T203945Z-da7e69e/remote_metadata.json	896	6d7650d5b67a7e0168ea71beed3e64a7d51bce660460d1a3f026ade2a8c68504
outputs/t12_cluster_jobs/t12-mc-transport-20260722T203945Z-da7e69e/source_identity_manifest.json	323	aa4ddba8aba4adb7d108dbfc43ea832de518976d90a0f277f146e9e0c4871d32
outputs/t12_cluster_jobs/t12-mc-transport-20260722T203945Z-da7e69e/submit.sbatch	2771	007a2f4e7d4f22f2bac4f87838095086bebe8203511f79f52115ccd5b347da1a
outputs/t12_cluster_jobs/t12-mc-transport-20260722T203945Z-da7e69e/t12-da7e69e.tar.gz	228774224	b53d47e61c540e474a3ec2fa015eb9a4f638a526d0d6131a7f2e3ec9208a4a1a
outputs/t12_cluster_jobs/t12-mc-transport-20260722T213016Z-117c7f6/remote_metadata.json	896	7f1b325ec5533b35b77c9d0dc846bf78327e72563ba1148a2385776224efe08c
outputs/t12_cluster_jobs/t12-mc-transport-20260722T213016Z-117c7f6/source_identity_manifest.json	323	bede06dcfeeb4352ea69b4a51a72e7cf1c2e3fa9161363879dc1195bac591387
outputs/t12_cluster_jobs/t12-mc-transport-20260722T213016Z-117c7f6/submit.sbatch	2765	4b29a415e66238df4eee11704f3ae33f06af17a4914c2f2f5fe3bc49de183572
outputs/t12_cluster_jobs/t12-mc-transport-20260722T213016Z-117c7f6/t12-117c7f6.tar.gz	229965275	afe1ed31d4745d584a8cb337e5b8852811aa1f584f59b72eecaf9a6e304de743
outputs/t12_cluster_jobs/t12-mc-transport-20260722T213522Z-117c7f6/remote_metadata.json	896	66b89169d4c2c6dc431f85d1dbafd4c27af436ac2f2850874604604c1db65e40
outputs/t12_cluster_jobs/t12-mc-transport-20260722T213522Z-117c7f6/source_identity_manifest.json	323	479b1860799f072c25e2335b15e4a083fdba78649dcae1378f8f7ed6961cd609
outputs/t12_cluster_jobs/t12-mc-transport-20260722T213522Z-117c7f6/submit.sbatch	2765	f1bfea8e4c331ed5b89892e1842514dd1adb69688fc750377749cf8615c19f9e
outputs/t12_cluster_jobs/t12-mc-transport-20260722T213522Z-117c7f6/t12-117c7f6.tar.gz	229965275	afe1ed31d4745d584a8cb337e5b8852811aa1f584f59b72eecaf9a6e304de743
outputs/t12_cluster_jobs/t12-mc-transport-20260722T220331Z-8a0ccfb/remote_metadata.json	896	43be7a7097b59930145e4de5a19dec19dd5cfaf510d69cd82ec718d7c8ba7376
outputs/t12_cluster_jobs/t12-mc-transport-20260722T220331Z-8a0ccfb/source_identity_manifest.json	323	7e90365f1dc7e14fe9ae3edc159a85b238874004c08e527e726a4401c0a841ba
outputs/t12_cluster_jobs/t12-mc-transport-20260722T220331Z-8a0ccfb/submit.sbatch	2765	5492394e03df1f2b79328009fcfba7afaadacec20aacc4dd6607986fb324540b
outputs/t12_cluster_jobs/t12-mc-transport-20260722T220331Z-8a0ccfb/t12-8a0ccfb.tar.gz	230007071	b6d33a9781200c670c5a043bf690a98f200d2048c872ea5bbf491b6b9d925dfd
outputs/t12_cluster_jobs/t12-qlora-emission-recovery-20260723T085807Z-ba31f28/pulled/adapter_identity.json	338	8dbb1010f4402be6ab872253d4f7b01d81efe7a000f3354bcbed6c924380138b
outputs/t12_cluster_jobs/t12-qlora-emission-recovery-20260723T085807Z-ba31f28/pulled/loss_mask_summary.json	25	921fbd955c053aa8e7a532c14987820385583b546e5d267feb194e8db6e90e17
outputs/t12_cluster_jobs/t12-qlora-emission-recovery-20260723T085807Z-ba31f28/pulled/qlora_structured_emission_recovery_result.json	1770	3c00af7506528781a05be4748f0cf02ec307beaf5bcb45219342611f995ed7a8
outputs/t12_cluster_jobs/t12-qlora-emission-recovery-20260723T085807Z-ba31f28/pulled/resume_components.json	190	33f60f612bd8d34e2e27b49eee675fbf66f218eab47ba7be11cc4eb8983ec064
outputs/t12_cluster_jobs/t12-qlora-emission-recovery-20260723T085807Z-ba31f28/pulled/run_manifest.json	1816	d2cd011207a92d22fc3d780a422338e8c81dea294e4882842a59ca9ce71b1710
outputs/t12_cluster_jobs/t12-qlora-emission-recovery-20260723T085807Z-ba31f28/pulled/source_identity_manifest.json	323	b6f2c91728f2d9529115cbfa1cf8f2a0b1f1a1be1dd770cf9974eff1e037f5b8
outputs/t12_cluster_jobs/t12-qlora-emission-recovery-20260723T085807Z-ba31f28/pulled/structured_output_results.json	43	2b63df130706ae447156be13e36de6e86c66baad81576e57e403a2e6c37a259a
outputs/t12_cluster_jobs/t12-qlora-emission-recovery-20260723T085807Z-ba31f28/pulled/supervision_density.json	547	d77cac6b69ef416f1d068adee05bb1e6ef9c12658ba97d59bdeb972c8d480bfa
outputs/t12_cluster_jobs/t12-qlora-emission-recovery-20260723T085807Z-ba31f28/remote_metadata.json	946	7e9f3d842f6c6d1b5f4d105cdc49988557bef7ade69f271476272986bb7e04c8
outputs/t12_cluster_jobs/t12-qlora-emission-recovery-20260723T085807Z-ba31f28/source_identity_manifest.json	323	b6f2c91728f2d9529115cbfa1cf8f2a0b1f1a1be1dd770cf9974eff1e037f5b8
outputs/t12_cluster_jobs/t12-qlora-emission-recovery-20260723T085807Z-ba31f28/submit.sbatch	2975	2b9e6d1500b6a1ae10323d68a9c1d9d03377d2440391e194546333905cfd903a
outputs/t12_cluster_jobs/t12-qlora-emission-recovery-20260723T085807Z-ba31f28/t12-ba31f28.tar.gz	230209615	016f368f45d7542cd6a41cab95ec5bdbc00100f1745575786851ccd4703333d3
outputs/t12_cluster_jobs/t12-qlora-emission-recovery-20260723T085807Z-ba31f28/verification.json	579	bbefbfd4b7dc47c66dff4ede170a7661a653f063ccd3995ea7e63ee9539413d3
outputs/t12_cluster_jobs/t12-qlora-emission-recovery-20260723T090450Z-6fd6dcf/pulled/adapter_identity.json	338	3456832dfebdb125a31915a50e5b61563a570f79e72f98d71c3e0cdc0944e12e
outputs/t12_cluster_jobs/t12-qlora-emission-recovery-20260723T090450Z-6fd6dcf/pulled/loss_mask_summary.json	25	921fbd955c053aa8e7a532c14987820385583b546e5d267feb194e8db6e90e17
outputs/t12_cluster_jobs/t12-qlora-emission-recovery-20260723T090450Z-6fd6dcf/pulled/qlora_structured_emission_recovery_result.json	1797	caccafc4749224fd3bf6c525940677383f99f991702826ef0c3967463f593fd0
outputs/t12_cluster_jobs/t12-qlora-emission-recovery-20260723T090450Z-6fd6dcf/pulled/resume_components.json	190	33f60f612bd8d34e2e27b49eee675fbf66f218eab47ba7be11cc4eb8983ec064
outputs/t12_cluster_jobs/t12-qlora-emission-recovery-20260723T090450Z-6fd6dcf/pulled/run_manifest.json	1816	be297e89d7ec08f912ce806016271373bd8c3a4367c378840a5f2fa6a554873b
outputs/t12_cluster_jobs/t12-qlora-emission-recovery-20260723T090450Z-6fd6dcf/pulled/source_identity_manifest.json	323	0916e5d5905956b5809cfdec5c87359543c677d3262d31ed9ad970be7619e7a8
outputs/t12_cluster_jobs/t12-qlora-emission-recovery-20260723T090450Z-6fd6dcf/pulled/structured_output_results.json	43	2b63df130706ae447156be13e36de6e86c66baad81576e57e403a2e6c37a259a
outputs/t12_cluster_jobs/t12-qlora-emission-recovery-20260723T090450Z-6fd6dcf/pulled/supervision_density.json	547	d77cac6b69ef416f1d068adee05bb1e6ef9c12658ba97d59bdeb972c8d480bfa
outputs/t12_cluster_jobs/t12-qlora-emission-recovery-20260723T090450Z-6fd6dcf/remote_metadata.json	946	e30bfc0c155a298443945c4877b90415b61b9de17fe8d59ea8a90b5576b19ea7
outputs/t12_cluster_jobs/t12-qlora-emission-recovery-20260723T090450Z-6fd6dcf/source_identity_manifest.json	323	0916e5d5905956b5809cfdec5c87359543c677d3262d31ed9ad970be7619e7a8
outputs/t12_cluster_jobs/t12-qlora-emission-recovery-20260723T090450Z-6fd6dcf/submit.sbatch	2975	9a8ef3d663a209aefac332e1ab45548f30b9758c8b44d91182ef819863ee2b04
outputs/t12_cluster_jobs/t12-qlora-emission-recovery-20260723T090450Z-6fd6dcf/t12-6fd6dcf.tar.gz	230210419	436a96c4f390ab3c90dbe6e2bdf7d1c4ca0283161722ce8107ec5d724fd649fa
outputs/t12_cluster_jobs/t12-qlora-emission-recovery-20260723T090450Z-6fd6dcf/verification.json	498	26dc02351b48bc3f2c61c3634da3bd638cad6907e018245aac947c63cd8ce681
outputs/t12_cluster_jobs/t12-qlora-emission-recovery-20260723T090929Z-3ae20c7/pulled/adapter/adapter_config.json	994	8d8014f5accdea125554433452274ddc5765c657a9554a7253e0ba2a47fae2ec
outputs/t12_cluster_jobs/t12-qlora-emission-recovery-20260723T090929Z-3ae20c7/pulled/adapter/adapter_identity.json	442	bdd0949378a286cf0e57a0cb407b6a2116728875ee677f1b69ceaf97f0cb2a15
outputs/t12_cluster_jobs/t12-qlora-emission-recovery-20260723T090929Z-3ae20c7/pulled/adapter/adapter_model.safetensors	30709192	494e67f43f0299325e01371db0c11aecf14e0e483191374cf65f9f1a1f9d19b7
outputs/t12_cluster_jobs/t12-qlora-emission-recovery-20260723T090929Z-3ae20c7/pulled/adapter/base_identity_reference.json	107	0774a3b9fb3d3e82e14d44612229bc90146cefee4e98617cf11ecb11d317ac7f
outputs/t12_cluster_jobs/t12-qlora-emission-recovery-20260723T090929Z-3ae20c7/pulled/adapter/README.md	5180	0e0823d2434cbad0d603d0e26cdddf75db51e56be47e36d8d3dc1fbd33ea8580
outputs/t12_cluster_jobs/t12-qlora-emission-recovery-20260723T090929Z-3ae20c7/pulled/adapter/training_state.json	114	451289b2aad378b8ae0583cbe449a7e626b3aa2a43a90094a9517f127ecffbe4
outputs/t12_cluster_jobs/t12-qlora-emission-recovery-20260723T090929Z-3ae20c7/pulled/adapter_identity.json	442	bdd0949378a286cf0e57a0cb407b6a2116728875ee677f1b69ceaf97f0cb2a15
outputs/t12_cluster_jobs/t12-qlora-emission-recovery-20260723T090929Z-3ae20c7/pulled/full_checkpoint/full_checkpoint_manifest.json	1023	0b5b10f98a433d14737d5d0c3cc9fc5f3b7c381b64c0ed9ec55fbd1e64301ea8
outputs/t12_cluster_jobs/t12-qlora-emission-recovery-20260723T090929Z-3ae20c7/pulled/full_checkpoint/full_training_state.pt	61607323	2a96d9e0f0649d5db242596ba9af1454e4045fecc1613b64e77c7de666ce8d14
outputs/t12_cluster_jobs/t12-qlora-emission-recovery-20260723T090929Z-3ae20c7/pulled/loss_mask_summary.json	131884	740268a3d09286fa50ddbaa38b1d4e6a8115fbee8b3accba18faf0a9a6f284e1
outputs/t12_cluster_jobs/t12-qlora-emission-recovery-20260723T090929Z-3ae20c7/pulled/qlora_structured_emission_recovery_result.json	36152	0953dbb856df3f0eb58f3e8e4f9d8b7dc03a86cde2a974be1d414a3502abaad9
outputs/t12_cluster_jobs/t12-qlora-emission-recovery-20260723T090929Z-3ae20c7/pulled/resume_components.json	184	3724ce559860403ef6f7e7242ed604cfd71a639a868382eceb1db2a1ce934f9e
outputs/t12_cluster_jobs/t12-qlora-emission-recovery-20260723T090929Z-3ae20c7/pulled/run_manifest.json	3273	054f83b1a6b75ed50ac27d090700a13d0d1aac0c74ed5bdd62d98e7454585777
outputs/t12_cluster_jobs/t12-qlora-emission-recovery-20260723T090929Z-3ae20c7/pulled/source_identity_manifest.json	323	ca0e061b56945b707dc637fc06c155c00fb82ce233339d49cc90aa4869ff43a5
outputs/t12_cluster_jobs/t12-qlora-emission-recovery-20260723T090929Z-3ae20c7/pulled/structured_output_results.json	188326	e4bda543cf62deb97a568a4fdb5f82a5f185db3ca17cf2e5edd40329e0234b69
outputs/t12_cluster_jobs/t12-qlora-emission-recovery-20260723T090929Z-3ae20c7/pulled/supervision_density.json	558	bbcb74244c24ca7d92a4aa5bc55eba5e4583c9dc826f714a39d553f0886f96ec
outputs/t12_cluster_jobs/t12-qlora-emission-recovery-20260723T090929Z-3ae20c7/remote_metadata.json	946	299cb9ae8e8942af5f2f3217de6c481944bf0d44e005d7c1e6c22e9238f45bdc
outputs/t12_cluster_jobs/t12-qlora-emission-recovery-20260723T090929Z-3ae20c7/source_identity_manifest.json	323	ca0e061b56945b707dc637fc06c155c00fb82ce233339d49cc90aa4869ff43a5
outputs/t12_cluster_jobs/t12-qlora-emission-recovery-20260723T090929Z-3ae20c7/submit.sbatch	2975	3b30ab9ba29ea03826dadff0080b757696dcebab98252bc48d56a8975b5aa0c9
outputs/t12_cluster_jobs/t12-qlora-emission-recovery-20260723T090929Z-3ae20c7/t12-3ae20c7.tar.gz	230211288	c8f0802fa70f9d6cb50d924b74ea353f8cb7ac5698aa8a5ba1233ce26c9cc688
outputs/t12_cluster_jobs/t12-qlora-emission-recovery-20260723T090929Z-3ae20c7/verification.json	814	94c4ef95537a14b99be44145937d2b250525dfcbcad3ab43f6f2669e248f57cd
outputs/t12_cluster_jobs/t12-qlora-smoke-20260722T230658Z-5a9d53d/remote_metadata.json	771	cc4eb0c47ae7eaff969dfb5aeaa437fdd4735613b9130591c43062cbff3d8719
outputs/t12_cluster_jobs/t12-qlora-smoke-20260722T230658Z-5a9d53d/source_identity_manifest.json	323	2da6ef45e748f2cc8de1c02af13c02246d235bde75077215d33e15758cc01eda
outputs/t12_cluster_jobs/t12-qlora-smoke-20260722T230658Z-5a9d53d/submit.sbatch	2793	aeec8fb6ce36fda07dc66e2c887ba2f51da7515055cf47687684fe619a191c0f
outputs/t12_cluster_jobs/t12-qlora-smoke-20260722T230658Z-5a9d53d/t12-5a9d53d.tar.gz	230012321	59533a3317cc780101dd8e89f7869590a8f1eba22d20eb988c953132a0eb8583
outputs/t12_cluster_jobs/t12-qlora-smoke-20260722T231643Z-1eb7fb8/remote_metadata.json	771	ba4d1ab507b46d8e515b73974617a3534475b1278846cdf0d6a20cab76c4f79e
outputs/t12_cluster_jobs/t12-qlora-smoke-20260722T231643Z-1eb7fb8/source_identity_manifest.json	323	1abe346bd119e813c69c67ba7e3c6d9cdc18dc9c7cb126fc0607ed965dab9cc7
outputs/t12_cluster_jobs/t12-qlora-smoke-20260722T231643Z-1eb7fb8/submit.sbatch	2854	e6716d8f804b555a6260d4074ecaa9eaa5332751cc75eae8bb36bd26c84322f9
outputs/t12_cluster_jobs/t12-qlora-smoke-20260722T231643Z-1eb7fb8/t12-1eb7fb8.tar.gz	230012570	ca210914d2c7df40f7ac334e8d770cb5de39c5a1eaa2f3bf9d052bdd63978140
outputs/t12_cluster_jobs/t12-qlora-smoke-20260722T232037Z-fc06b13/pulled/adapter/adapter_identity.json	407	c258d5147f96a16fb89b5a8736f3b0564c0edd8647f59f819838eae15256fd13
outputs/t12_cluster_jobs/t12-qlora-smoke-20260722T232037Z-fc06b13/pulled/adapter/adapter_weights.json	134	0dfd9334536fe44ee23a178b686634ff5a495a4c7017447e28da35d2b7b525c8
outputs/t12_cluster_jobs/t12-qlora-smoke-20260722T232037Z-fc06b13/pulled/adapter/base_identity_reference.json	126	76ca33a186f1e118ce06e8bde8bd478c7f16311f4a84f9141dccafb43b5a22f8
outputs/t12_cluster_jobs/t12-qlora-smoke-20260722T232037Z-fc06b13/pulled/adapter/training_state.json	61	3f70f5cd98851706d6679039a5bce07c850b4e5e5096493c9c2642e238bebeb7
outputs/t12_cluster_jobs/t12-qlora-smoke-20260722T232037Z-fc06b13/pulled/adapter_identity.json	407	c258d5147f96a16fb89b5a8736f3b0564c0edd8647f59f819838eae15256fd13
outputs/t12_cluster_jobs/t12-qlora-smoke-20260722T232037Z-fc06b13/pulled/loss_mask_summary.json	742	307efeed6b02173fddaaecb27c72e026e34d3f94f05ea462a2e07f0a09568908
outputs/t12_cluster_jobs/t12-qlora-smoke-20260722T232037Z-fc06b13/pulled/qlora_smoke_result.json	2117	0936ce5ae7d69116b411f55e27528da9c0987dbf92d53731c177521508ddd6ec
outputs/t12_cluster_jobs/t12-qlora-smoke-20260722T232037Z-fc06b13/pulled/run_manifest.json	1856	c2132de1e2477cbc9994fe21f5af6cb42d9b7be6840553a692739bd1585cddd4
outputs/t12_cluster_jobs/t12-qlora-smoke-20260722T232037Z-fc06b13/pulled/source_identity_manifest.json	323	5a82ec3d5a3f7b662337f0583d1733ef04bd164c4b365163f0672c1cfab2a5a8
outputs/t12_cluster_jobs/t12-qlora-smoke-20260722T232037Z-fc06b13/remote_metadata.json	771	044f8d06f5d5bd7b60341b0a4afa702b0679e0e8fa17c33b3b6cd4c3fbc0e4f9
outputs/t12_cluster_jobs/t12-qlora-smoke-20260722T232037Z-fc06b13/source_identity_manifest.json	323	5a82ec3d5a3f7b662337f0583d1733ef04bd164c4b365163f0672c1cfab2a5a8
outputs/t12_cluster_jobs/t12-qlora-smoke-20260722T232037Z-fc06b13/submit.sbatch	2854	9e88c682da3d9dfb038a1ccfd9cfa5ca86a4ab483ad644f6622674ba9dfc94a6
outputs/t12_cluster_jobs/t12-qlora-smoke-20260722T232037Z-fc06b13/t12-fc06b13.tar.gz	230012576	d3367ff8210ff272a599b83c53e1cbf421514a514d667aa7fb80175ea68ae86e
outputs/t12_cluster_jobs/t12-qlora-smoke-20260723T064511Z-d6b0182/pulled/adapter/adapter_config.json	994	ba1d10495508e2d7bb68334e0050bebea0acb90732127bd2fa62b6d4e5ed20a0
outputs/t12_cluster_jobs/t12-qlora-smoke-20260723T064511Z-d6b0182/pulled/adapter/adapter_identity.json	407	bb6a15f8cef7bb42d956f857864af1b9da7875ce76d5d7a201d37847fcaa595c
outputs/t12_cluster_jobs/t12-qlora-smoke-20260723T064511Z-d6b0182/pulled/adapter/adapter_model.safetensors	30709192	39e7c9a4af2316ee26e19ec764d21e8b577cd19121bdb91dee5beb60bd0a1fab
outputs/t12_cluster_jobs/t12-qlora-smoke-20260723T064511Z-d6b0182/pulled/adapter/base_identity_reference.json	107	0774a3b9fb3d3e82e14d44612229bc90146cefee4e98617cf11ecb11d317ac7f
outputs/t12_cluster_jobs/t12-qlora-smoke-20260723T064511Z-d6b0182/pulled/adapter/README.md	5180	0e0823d2434cbad0d603d0e26cdddf75db51e56be47e36d8d3dc1fbd33ea8580
outputs/t12_cluster_jobs/t12-qlora-smoke-20260723T064511Z-d6b0182/pulled/adapter/training_state.json	90	1ee114ee31468e450c511978132c7533707f74fbd3f104d4143a07483f01a10a
outputs/t12_cluster_jobs/t12-qlora-smoke-20260723T064511Z-d6b0182/pulled/adapter_identity.json	407	bb6a15f8cef7bb42d956f857864af1b9da7875ce76d5d7a201d37847fcaa595c
outputs/t12_cluster_jobs/t12-qlora-smoke-20260723T064511Z-d6b0182/pulled/loss_mask_summary.json	742	307efeed6b02173fddaaecb27c72e026e34d3f94f05ea462a2e07f0a09568908
outputs/t12_cluster_jobs/t12-qlora-smoke-20260723T064511Z-d6b0182/pulled/qlora_smoke_result.json	2687	d571b10c2d97a8c62ae9cc73d9d153512f54cd6b56383931f1eb97c3efddd113
outputs/t12_cluster_jobs/t12-qlora-smoke-20260723T064511Z-d6b0182/pulled/run_manifest.json	2207	76a7a89c7ad75a6119d8197e2b4bada9e5e3c655f5ee906f79005ad7506b0eaf
outputs/t12_cluster_jobs/t12-qlora-smoke-20260723T064511Z-d6b0182/pulled/source_identity_manifest.json	323	5ca1be060122fac759af21254888bec824d1bbc68999fdd743c29a6cb38f6a73
outputs/t12_cluster_jobs/t12-qlora-smoke-20260723T064511Z-d6b0182/remote_metadata.json	771	cda00a4476d24e93f939598302cc44792171d302c9268eac6f6dbbe433bf2de7
outputs/t12_cluster_jobs/t12-qlora-smoke-20260723T064511Z-d6b0182/source_identity_manifest.json	323	5ca1be060122fac759af21254888bec824d1bbc68999fdd743c29a6cb38f6a73
outputs/t12_cluster_jobs/t12-qlora-smoke-20260723T064511Z-d6b0182/submit.sbatch	2854	86bbfe46eabdfe229e074968807e043a5cf3a8d0673e01ec20cdf03e9634e616
outputs/t12_cluster_jobs/t12-qlora-smoke-20260723T064511Z-d6b0182/t12-d6b0182.tar.gz	230014009	ee99d16d9053f9ff7c8fc22fcd76f7f04ba13e9a7bdd3937f5f8786d71f9f26d
outputs/t12_cluster_jobs/t12-qlora-smoke-20260723T064511Z-d6b0182/verification.json	580	867100396bd7cf7da13baf35bed10abe702b12bf8f8377c1ae9d1672dccabf5c
outputs/t12_cluster_jobs/t12-qlora-task-aligned-20260723T074258Z-de18cec/remote_metadata.json	871	a86d7db64484beb2459b2297dcd1d145dfab308602754d68575a5609a6c55277
outputs/t12_cluster_jobs/t12-qlora-task-aligned-20260723T074258Z-de18cec/source_identity_manifest.json	323	c1682569d8a65870ca97ef92455a76592c4fbb9ed051a6c9f51b10fede63a001
outputs/t12_cluster_jobs/t12-qlora-task-aligned-20260723T074258Z-de18cec/submit.sbatch	2902	583cbdacee5ca7e057516ef427e4290fd6b5a3763e7fc0f504abcb6151c041f0
outputs/t12_cluster_jobs/t12-qlora-task-aligned-20260723T074258Z-de18cec/t12-de18cec.tar.gz	230069285	e66c14d65154c8371b1501ee12348e2389cc647b4af8a81c6bff13d6982d7501
outputs/t12_cluster_jobs/t12-qlora-task-aligned-20260723T074715Z-991732e/pulled/adapter/adapter_config.json	994	5527686506617b186cf25be0e3ca5781a777f864d5e47987927e981afdd24dfb
outputs/t12_cluster_jobs/t12-qlora-task-aligned-20260723T074715Z-991732e/pulled/adapter/adapter_identity.json	427	7e3dbe56e93ec4ad1dc68f3198cc2350fe2af343c28cad58e55cdd6cf680df92
outputs/t12_cluster_jobs/t12-qlora-task-aligned-20260723T074715Z-991732e/pulled/adapter/adapter_model.safetensors	30709192	275f76e8d3d2827e1b551b3cf9df394051db68a19279361785c6f4c8ec22860b
outputs/t12_cluster_jobs/t12-qlora-task-aligned-20260723T074715Z-991732e/pulled/adapter/base_identity_reference.json	107	0774a3b9fb3d3e82e14d44612229bc90146cefee4e98617cf11ecb11d317ac7f
outputs/t12_cluster_jobs/t12-qlora-task-aligned-20260723T074715Z-991732e/pulled/adapter/README.md	5180	0e0823d2434cbad0d603d0e26cdddf75db51e56be47e36d8d3dc1fbd33ea8580
outputs/t12_cluster_jobs/t12-qlora-task-aligned-20260723T074715Z-991732e/pulled/adapter/training_state.json	112	1c2a9c71890bce06a666375aaf0f38eb465612796e553d5c903cc15950ffdc5d
outputs/t12_cluster_jobs/t12-qlora-task-aligned-20260723T074715Z-991732e/pulled/adapter_identity.json	427	7e3dbe56e93ec4ad1dc68f3198cc2350fe2af343c28cad58e55cdd6cf680df92
outputs/t12_cluster_jobs/t12-qlora-task-aligned-20260723T074715Z-991732e/pulled/full_checkpoint/full_checkpoint_manifest.json	1021	360d67a25623aa4537b4a0df95795a58364181516324609eed28df7139fb2b49
outputs/t12_cluster_jobs/t12-qlora-task-aligned-20260723T074715Z-991732e/pulled/full_checkpoint/full_training_state.pt	61606939	8168fc93f9dcee01a7dba587fdf674cbac2b53c86cfaded80719cfd9cf609d4b
outputs/t12_cluster_jobs/t12-qlora-task-aligned-20260723T074715Z-991732e/pulled/loss_mask_summary.json	61117	d9089ba0ab71621f4be74d1e6944c558efdfcfd25d94c5e3861e85c71f0e51d8
outputs/t12_cluster_jobs/t12-qlora-task-aligned-20260723T074715Z-991732e/pulled/qlora_task_aligned_smoke_result.json	11958	29cd9825b1bbc3e1af95ff7a17cdca4b8c287dd62c58009c08f0eae95018c08f
outputs/t12_cluster_jobs/t12-qlora-task-aligned-20260723T074715Z-991732e/pulled/resume_components.json	184	3724ce559860403ef6f7e7242ed604cfd71a639a868382eceb1db2a1ce934f9e
outputs/t12_cluster_jobs/t12-qlora-task-aligned-20260723T074715Z-991732e/pulled/run_manifest.json	2978	2391fb40518def1a50e1cc0d59be1f422276fd465024c1cd1dea4de8f92f631b
outputs/t12_cluster_jobs/t12-qlora-task-aligned-20260723T074715Z-991732e/pulled/source_identity_manifest.json	323	174de801bf2c8b9d1aba02e360b5bae2776126f24d075cb30e232661f46d8854
outputs/t12_cluster_jobs/t12-qlora-task-aligned-20260723T074715Z-991732e/pulled/structured_output_results.json	57281	f737ee6bbf1854672c435ca7d103c21630309c098350e97e56906b38d26f76e4
outputs/t12_cluster_jobs/t12-qlora-task-aligned-20260723T074715Z-991732e/remote_metadata.json	871	282468c1d7c740572cfb4ca799e9143301e70fd1f441d0a0f048944a716bd10d
outputs/t12_cluster_jobs/t12-qlora-task-aligned-20260723T074715Z-991732e/source_identity_manifest.json	323	174de801bf2c8b9d1aba02e360b5bae2776126f24d075cb30e232661f46d8854
outputs/t12_cluster_jobs/t12-qlora-task-aligned-20260723T074715Z-991732e/submit.sbatch	2915	d3e49d1836d69edea0f42c5afad50c124ad2768ff695a73ac5fa8aff37ffae99
outputs/t12_cluster_jobs/t12-qlora-task-aligned-20260723T074715Z-991732e/t12-991732e.tar.gz	230069482	6f90d34eab7bfb75e46b545b990d5c887681d2ce40a0f814f5f9f7ddcbcbaa94
outputs/t12_cluster_jobs/t12-qlora-task-aligned-20260723T074715Z-991732e/verification.json	767	48955534c06fc0cc1da17473e596d4658ec1bfce2528bff9167480898ae6bf7e
outputs/t12_cluster_jobs/t12-qlora-task-conditioned-20260723T100855Z-a39b8cf/pulled/source_identity_manifest.json	323	eebaef38734d11c67704f50c667ee77c8785d0a50745ffda0fb7e396b8c29729
outputs/t12_cluster_jobs/t12-qlora-task-conditioned-20260723T100855Z-a39b8cf/remote_metadata.json	911	11d46ffb805449aaa26038585c95dfabef66a43afc4ab1ebf42f644618a797d1
outputs/t12_cluster_jobs/t12-qlora-task-conditioned-20260723T100855Z-a39b8cf/source_identity_manifest.json	323	eebaef38734d11c67704f50c667ee77c8785d0a50745ffda0fb7e396b8c29729
outputs/t12_cluster_jobs/t12-qlora-task-conditioned-20260723T100855Z-a39b8cf/submit.sbatch	2947	8096610ae5902cb8dc0ba7bd18d005a3862a2948f81872b80ff99abe8953ebe4
outputs/t12_cluster_jobs/t12-qlora-task-conditioned-20260723T100855Z-a39b8cf/t12-a39b8cf.tar.gz	231554802	f9487872bab9e45be2f201d6a34040ba53072e77f235984d31370057e6bce621
outputs/t12_cluster_jobs/t12-qlora-task-conditioned-20260723T101556Z-8585571/pulled/source_identity_manifest.json	323	1b5d92b9a8a0d98a7a38cc3b7a05f4736bcf561ad70a366b55a34005146d7333
outputs/t12_cluster_jobs/t12-qlora-task-conditioned-20260723T101556Z-8585571/remote_metadata.json	911	d205802ec3006986114fd45e40a88f97455357963255863d4eedbc7b2e528fe6
outputs/t12_cluster_jobs/t12-qlora-task-conditioned-20260723T101556Z-8585571/source_identity_manifest.json	323	1b5d92b9a8a0d98a7a38cc3b7a05f4736bcf561ad70a366b55a34005146d7333
outputs/t12_cluster_jobs/t12-qlora-task-conditioned-20260723T101556Z-8585571/submit.sbatch	2947	da166018a6f957c33729aa792c8fdde942445f34d8ce1d1540879684108cc361
outputs/t12_cluster_jobs/t12-qlora-task-conditioned-20260723T101556Z-8585571/t12-8585571.tar.gz	231555422	1b6f588ef5dd89825b185d81ef84fb45719089aa38579e33f0f81cefe3542ca8
outputs/t12_cluster_jobs/t12-qlora-task-conditioned-20260723T102117Z-f843148/remote_metadata.json	911	7d0723b2d6b0e44326d6606935b76463038eed8a674cd72e25f6fbbb843f754f
outputs/t12_cluster_jobs/t12-qlora-task-conditioned-20260723T102117Z-f843148/source_identity_manifest.json	323	5805d841d1c4408ebb56db04005058dee6bf7dddc8d459c0d9766f3eb793c677
outputs/t12_cluster_jobs/t12-qlora-task-conditioned-20260723T102117Z-f843148/submit.sbatch	2947	e5198762d8aae91d180d2476d18fa508241f8ccb7d9de8fae78f8a14291355fb
outputs/t12_cluster_jobs/t12-qlora-task-conditioned-20260723T102117Z-f843148/t12-f843148.tar.gz	231555690	c530a87f331ae7833b5424883e38ed579dd514084bc3f0153d8b79bd3df589bb
outputs/t12_cluster_jobs/t12-qlora-task-conditioned-20260723T103026Z-9d65e70/pulled/adapter/base_identity_reference.json	107	0774a3b9fb3d3e82e14d44612229bc90146cefee4e98617cf11ecb11d317ac7f
outputs/t12_cluster_jobs/t12-qlora-task-conditioned-20260723T103026Z-9d65e70/pulled/source_identity_manifest.json	323	22645da988a354b34d6f00fb4e1fd480c3ab6d460aba2743289a8415dcfa1139
outputs/t12_cluster_jobs/t12-qlora-task-conditioned-20260723T103026Z-9d65e70/remote_metadata.json	911	f8925621634dc02042abb3b7fba7a0d833334f586aeddaaeef2ef0241f19a926
outputs/t12_cluster_jobs/t12-qlora-task-conditioned-20260723T103026Z-9d65e70/source_identity_manifest.json	323	22645da988a354b34d6f00fb4e1fd480c3ab6d460aba2743289a8415dcfa1139
outputs/t12_cluster_jobs/t12-qlora-task-conditioned-20260723T103026Z-9d65e70/submit.sbatch	2947	8e9aa3feb1688d883dc774c5c7de42e877c37b3ee40009074023f7bc7dda834e
outputs/t12_cluster_jobs/t12-qlora-task-conditioned-20260723T103026Z-9d65e70/t12-9d65e70.tar.gz	231556289	05fc00214195f22a4012ea806e6dd2841cdb05a0ce32c493deb31bfdf86f7c94
outputs/t12_cluster_jobs/t12-qlora-task-conditioned-20260723T105312Z-f9e252c/pulled/adapter/adapter_config.json	994	1981332cb38ade6533e211ca174ae170c6c42e1cb6fef863ba64d393ba0e2ab1
outputs/t12_cluster_jobs/t12-qlora-task-conditioned-20260723T105312Z-f9e252c/pulled/adapter/adapter_identity.json	435	3af67ec4712148cb03e03e88cd47753beae2a51a454e83c28bd647c914c909ed
outputs/t12_cluster_jobs/t12-qlora-task-conditioned-20260723T105312Z-f9e252c/pulled/adapter/adapter_model.safetensors	30709192	095f718a052e4ae00be316c0ef0571c5609756a9f846adcaddef061057846320
outputs/t12_cluster_jobs/t12-qlora-task-conditioned-20260723T105312Z-f9e252c/pulled/adapter/base_identity_reference.json	107	0774a3b9fb3d3e82e14d44612229bc90146cefee4e98617cf11ecb11d317ac7f
outputs/t12_cluster_jobs/t12-qlora-task-conditioned-20260723T105312Z-f9e252c/pulled/adapter/README.md	5180	0e0823d2434cbad0d603d0e26cdddf75db51e56be47e36d8d3dc1fbd33ea8580
outputs/t12_cluster_jobs/t12-qlora-task-conditioned-20260723T105312Z-f9e252c/pulled/adapter/training_state.json	299	8bae92ad9307a1f42b2df89d9e3a1e7a38ecd0e69b1a45352185b3d21c62ffee
outputs/t12_cluster_jobs/t12-qlora-task-conditioned-20260723T105312Z-f9e252c/pulled/adapter_identity.json	373	b7539a97d8dd5dae0e1d18b0692f7253891ca0ca0f706486568b87d06c4ecede
outputs/t12_cluster_jobs/t12-qlora-task-conditioned-20260723T105312Z-f9e252c/pulled/assembly_results.json	17555	c0eb5d291ed202e4dee95e8826d3886ebb3d270b50dd35c361758be78eab2085
outputs/t12_cluster_jobs/t12-qlora-task-conditioned-20260723T105312Z-f9e252c/pulled/full_checkpoint/full_checkpoint_manifest.json	1023	09f0391db15c0e5c166203c8577fe9c7d75851930a7b31e5da6dadba4a384eb5
outputs/t12_cluster_jobs/t12-qlora-task-conditioned-20260723T105312Z-f9e252c/pulled/full_checkpoint/full_training_state.pt	61608869	5a278cffb715178899148a63de36405611e6c3c7b7471d03bf0fd3c5f97005b8
outputs/t12_cluster_jobs/t12-qlora-task-conditioned-20260723T105312Z-f9e252c/pulled/loss_mask_summary.json	191	4378cdb86931e48a032b0c24ada9c41dc4912d248add49a41e8a40a43244aa78
outputs/t12_cluster_jobs/t12-qlora-task-conditioned-20260723T105312Z-f9e252c/pulled/qlora_task_conditioned_smoke_result.json	3649	0887152541b7dd447497e8e73e4c7b9824c16166bb474ecaa38d72327e8db75f
outputs/t12_cluster_jobs/t12-qlora-task-conditioned-20260723T105312Z-f9e252c/pulled/resume_components.json	184	3724ce559860403ef6f7e7242ed604cfd71a639a868382eceb1db2a1ce934f9e
outputs/t12_cluster_jobs/t12-qlora-task-conditioned-20260723T105312Z-f9e252c/pulled/run_manifest.json	621	5f8429b5b5b93461e5f3df15c767a8307779b90c62b918a5f738e0478aaee6e6
outputs/t12_cluster_jobs/t12-qlora-task-conditioned-20260723T105312Z-f9e252c/pulled/source_identity_manifest.json	323	728eef97313e3ab50edafb0788aa155211ac2c9f9571ff93e92f7fc0e21f66c6
outputs/t12_cluster_jobs/t12-qlora-task-conditioned-20260723T105312Z-f9e252c/pulled/supervision_density.json	259	13d9a1020d8c9fd8a654d730bdf258ad79a346f60bb73505f03063121ed6cc53
outputs/t12_cluster_jobs/t12-qlora-task-conditioned-20260723T105312Z-f9e252c/pulled/task_prediction_results.json	195333	d31d1ed2fdca93ad21ab0c7c8f57ac92982947467158dc6b96f013bd2d082490
outputs/t12_cluster_jobs/t12-qlora-task-conditioned-20260723T105312Z-f9e252c/remote_metadata.json	911	302e349c63683395a12dda343e3a57679357308c9418282cd49a9f0c21c35313
outputs/t12_cluster_jobs/t12-qlora-task-conditioned-20260723T105312Z-f9e252c/source_identity_manifest.json	323	728eef97313e3ab50edafb0788aa155211ac2c9f9571ff93e92f7fc0e21f66c6
outputs/t12_cluster_jobs/t12-qlora-task-conditioned-20260723T105312Z-f9e252c/submit.sbatch	2947	5206211a65d8aeb4bc8c8da085c8062a64c4953281f18f66cbe3e757ed6663cf
outputs/t12_cluster_jobs/t12-qlora-task-conditioned-20260723T105312Z-f9e252c/t12-f9e252c.tar.gz	231557097	4b27bd923c1fe96fb3103e5195324f278a6a347909f0ffede26a02b39c2f7c2f
outputs/t12_cluster_jobs/t12-qlora-task-conditioned-20260723T105312Z-f9e252c/verification.json	245	87d160240c145c0fa90e69ad4a689d245171c03d877fd4ed0740ccd6d493a1aa
outputs/t12_cluster_jobs/t12-qlora-task-conditioned-20260723T110642Z-e11ae85/pulled/adapter/adapter_config.json	994	97451a12f42c4d5a4c5655d1fbf6fb91ad35a8714ff46d401b0645d2ac7a23a6
outputs/t12_cluster_jobs/t12-qlora-task-conditioned-20260723T110642Z-e11ae85/pulled/adapter/adapter_identity.json	435	8547f07d77653a722043601c2d86f3fda2ac37687adbab068b05f4a337fb7055
outputs/t12_cluster_jobs/t12-qlora-task-conditioned-20260723T110642Z-e11ae85/pulled/adapter/adapter_model.safetensors	30709192	1e53b38fa8c024c62d5f00b0a4bfe58251c7de9ae691998addea943aeb997587
outputs/t12_cluster_jobs/t12-qlora-task-conditioned-20260723T110642Z-e11ae85/pulled/adapter/base_identity_reference.json	107	0774a3b9fb3d3e82e14d44612229bc90146cefee4e98617cf11ecb11d317ac7f
outputs/t12_cluster_jobs/t12-qlora-task-conditioned-20260723T110642Z-e11ae85/pulled/adapter/README.md	5180	0e0823d2434cbad0d603d0e26cdddf75db51e56be47e36d8d3dc1fbd33ea8580
outputs/t12_cluster_jobs/t12-qlora-task-conditioned-20260723T110642Z-e11ae85/pulled/adapter/training_state.json	299	8bae92ad9307a1f42b2df89d9e3a1e7a38ecd0e69b1a45352185b3d21c62ffee
outputs/t12_cluster_jobs/t12-qlora-task-conditioned-20260723T110642Z-e11ae85/pulled/full_checkpoint/full_checkpoint_manifest.json	1023	586989e2de8b991aecd74ae0ad70d90acda68f4c620b7759ad3e492a89d58429
outputs/t12_cluster_jobs/t12-qlora-task-conditioned-20260723T110642Z-e11ae85/pulled/full_checkpoint/full_training_state.pt	61608805	ff62a812d5bca7eca20ea2bb6f76973b8a8d0a1ef4b57d8e9331df116b7b459a
outputs/t12_cluster_jobs/t12-qlora-task-conditioned-20260723T110642Z-e11ae85/pulled/source_identity_manifest.json	323	c598a46ec333a1f72d1f438347d938fbf7a2607fad7402c37e96ff2dfb503c6e
outputs/t12_cluster_jobs/t12-qlora-task-conditioned-20260723T110642Z-e11ae85/remote_metadata.json	911	b4a97de5738cba6b2dc451acdaedd011163fd8ec9f876c4dc461c0dabb14f6ce
outputs/t12_cluster_jobs/t12-qlora-task-conditioned-20260723T110642Z-e11ae85/source_identity_manifest.json	323	c598a46ec333a1f72d1f438347d938fbf7a2607fad7402c37e96ff2dfb503c6e
outputs/t12_cluster_jobs/t12-qlora-task-conditioned-20260723T110642Z-e11ae85/submit.sbatch	2947	872cd69190fd3179b5b64975802dfd6198654d419a72f4eea33330512695bd1d
outputs/t12_cluster_jobs/t12-qlora-task-conditioned-20260723T110642Z-e11ae85/t12-e11ae85.tar.gz	231557672	00cc354c2e5354d7d707e81bf89fa02e43d1cff1b0b7f3c0adfe3e8cd2395f71
outputs/t12_cluster_jobs/t12-qlora-task-conditioned-20260723T115027Z-43a5381/remote_metadata.json	911	8bfc22fa5df697c8fdf4094fdab5d031eec74f8675475c1597b799cb123c9c36
outputs/t12_cluster_jobs/t12-qlora-task-conditioned-20260723T115027Z-43a5381/source_identity_manifest.json	323	52068dc1e36cc8c4d043d6f25590ef2d29a3b0878f9e0322896e9550aa90c8a1
outputs/t12_cluster_jobs/t12-qlora-task-conditioned-20260723T115027Z-43a5381/submit.sbatch	2947	7fd5958f23cc79611dacb3f94332c684192038084e247678fa2e99e54f525159
outputs/t12_cluster_jobs/t12-qlora-task-conditioned-20260723T115027Z-43a5381/t12-43a5381.tar.gz	231557813	5c2de6ec793cb9284512e281ffccf6a6dc3e61475cc8ca4b6f029c78ac2455bd
outputs/t12_cluster_jobs/t12-qlora-task-conditioned-20260723T163122Z-e8c1d63/pulled/adapter/adapter_config.json	994	a9957fb8731cd629d90f890b178f21a2936f485e3e8938e27de5a745b32bfbed
outputs/t12_cluster_jobs/t12-qlora-task-conditioned-20260723T163122Z-e8c1d63/pulled/adapter/adapter_identity.json	435	d6f32f16735d8afb74dcceafc2c2ab1ccca37d2b57ddf3a35ad5cd5325b1b67c
outputs/t12_cluster_jobs/t12-qlora-task-conditioned-20260723T163122Z-e8c1d63/pulled/adapter/adapter_model.safetensors	30709192	308eed0e87e7c090d5508c990e45da0efb78548daebdca9efe51036eed632096
outputs/t12_cluster_jobs/t12-qlora-task-conditioned-20260723T163122Z-e8c1d63/pulled/adapter/base_identity_reference.json	107	0774a3b9fb3d3e82e14d44612229bc90146cefee4e98617cf11ecb11d317ac7f
outputs/t12_cluster_jobs/t12-qlora-task-conditioned-20260723T163122Z-e8c1d63/pulled/adapter/README.md	5180	0e0823d2434cbad0d603d0e26cdddf75db51e56be47e36d8d3dc1fbd33ea8580
outputs/t12_cluster_jobs/t12-qlora-task-conditioned-20260723T163122Z-e8c1d63/pulled/adapter/training_state.json	299	8bae92ad9307a1f42b2df89d9e3a1e7a38ecd0e69b1a45352185b3d21c62ffee
outputs/t12_cluster_jobs/t12-qlora-task-conditioned-20260723T163122Z-e8c1d63/pulled/full_checkpoint/full_checkpoint_manifest.json	1023	e1780090b37f8084918b05bcd86eb62a2c738f7c8416bf67857fe4e0011f62e2
outputs/t12_cluster_jobs/t12-qlora-task-conditioned-20260723T163122Z-e8c1d63/pulled/full_checkpoint/full_training_state.pt	61608869	bfe041d13e74bbd9fe43c541043602514aec46c42713298a6b9ee035b036801e
outputs/t12_cluster_jobs/t12-qlora-task-conditioned-20260723T163122Z-e8c1d63/pulled/source_identity_manifest.json	323	08ea7cd1af6c32caf8bf4f9e3784032d00f6f4dedd8e30db6b5acb7d413986dc
outputs/t12_cluster_jobs/t12-qlora-task-conditioned-20260723T163122Z-e8c1d63/remote_metadata.json	911	3a1a2548d41d268b1095aec34be34638b78b86bc082c6a96adb6a2180486ea30
outputs/t12_cluster_jobs/t12-qlora-task-conditioned-20260723T163122Z-e8c1d63/source_identity_manifest.json	323	08ea7cd1af6c32caf8bf4f9e3784032d00f6f4dedd8e30db6b5acb7d413986dc
outputs/t12_cluster_jobs/t12-qlora-task-conditioned-20260723T163122Z-e8c1d63/submit.sbatch	2947	3e44f29db79b15cfc23ccd678b90e8b4519c17e934ecd1a91795aadde2d0eb2b
outputs/t12_cluster_jobs/t12-qlora-task-conditioned-20260723T163122Z-e8c1d63/t12-e8c1d63.tar.gz	231559315	02e6edeaf70309fbf0312affde6526de461d09975e76747d545da7b2ccaf8b97
outputs/t12_cluster_jobs/t12-qlora-task-conditioned-20260723T164516Z-e8c1d63/remote_metadata.json	911	11ca1a0132b963d0d7b33ace65096ca03c5ca93c7a45233e0aa22d36ba78ccfb
outputs/t12_cluster_jobs/t12-qlora-task-conditioned-20260723T164516Z-e8c1d63/source_identity_manifest.json	323	1d95f8277d3c8e93d7164cd6bf83461aadde0393da1329c4206948b80652b4b6
outputs/t12_cluster_jobs/t12-qlora-task-conditioned-20260723T164516Z-e8c1d63/submit.sbatch	2947	20d267fc7983c7c9a36f847e03991adf26ed14e9cd66f8b215ec39a47b26fbc0
outputs/t12_cluster_jobs/t12-qlora-task-conditioned-20260723T164516Z-e8c1d63/t12-e8c1d63.tar.gz	231559315	02e6edeaf70309fbf0312affde6526de461d09975e76747d545da7b2ccaf8b97
outputs/t12_cluster_jobs/t12-qlora-task-conditioned-20260723T171913Z-f3fdf91/pulled/adapter/adapter_config.json	994	1981332cb38ade6533e211ca174ae170c6c42e1cb6fef863ba64d393ba0e2ab1
outputs/t12_cluster_jobs/t12-qlora-task-conditioned-20260723T171913Z-f3fdf91/pulled/adapter/adapter_identity.json	435	617cb5dc54ec6aff4c3485e249697fddbfe872fd19946b6eace508824a7d0038
outputs/t12_cluster_jobs/t12-qlora-task-conditioned-20260723T171913Z-f3fdf91/pulled/adapter/adapter_model.safetensors	30709192	a730c0af48751a0f44b7268ff2201f64a4e8193f30a1a285a42adde5d370df6a
outputs/t12_cluster_jobs/t12-qlora-task-conditioned-20260723T171913Z-f3fdf91/pulled/adapter/base_identity_reference.json	107	0774a3b9fb3d3e82e14d44612229bc90146cefee4e98617cf11ecb11d317ac7f
outputs/t12_cluster_jobs/t12-qlora-task-conditioned-20260723T171913Z-f3fdf91/pulled/adapter/README.md	5180	0e0823d2434cbad0d603d0e26cdddf75db51e56be47e36d8d3dc1fbd33ea8580
outputs/t12_cluster_jobs/t12-qlora-task-conditioned-20260723T171913Z-f3fdf91/pulled/adapter/training_state.json	299	8bae92ad9307a1f42b2df89d9e3a1e7a38ecd0e69b1a45352185b3d21c62ffee
outputs/t12_cluster_jobs/t12-qlora-task-conditioned-20260723T171913Z-f3fdf91/pulled/full_checkpoint/full_checkpoint_manifest.json	1023	7ca4ff7ece0051c8e9f3bdcc563c36be6c18bc684224137a773270a9f837a480
outputs/t12_cluster_jobs/t12-qlora-task-conditioned-20260723T171913Z-f3fdf91/pulled/full_checkpoint/full_training_state.pt	61608869	811d14bb2f44a6cc5203a2c63afaef65b85d81b77d803ab63e414c24df26fab6
outputs/t12_cluster_jobs/t12-qlora-task-conditioned-20260723T171913Z-f3fdf91/pulled/source_identity_manifest.json	323	4700262c1b31c4cd79b33cee77a744950be01a687a274aa31adeaf1d7030aaa3
outputs/t12_cluster_jobs/t12-qlora-task-conditioned-20260723T171913Z-f3fdf91/remote_metadata.json	911	832dada0e5914de7421800af161299a34b5c843027e54b88255dc1be39b7f07a
outputs/t12_cluster_jobs/t12-qlora-task-conditioned-20260723T171913Z-f3fdf91/source_identity_manifest.json	323	4700262c1b31c4cd79b33cee77a744950be01a687a274aa31adeaf1d7030aaa3
outputs/t12_cluster_jobs/t12-qlora-task-conditioned-20260723T171913Z-f3fdf91/submit.sbatch	3018	731987ec8f2cfd1e9ac1a6cb3b3d44cb165760e2421f49fe04add090489576a9
outputs/t12_cluster_jobs/t12-qlora-task-conditioned-20260723T171913Z-f3fdf91/t12-f3fdf91.tar.gz	231559512	fbe6f5e780eeeedbe25b0316bb175e3ad0fe10ed1c45b462bf74b60dad25def0
outputs/t12_cluster_jobs/t12-qlora-task-conditioned-20260723T185137Z-6419cfc/pulled/adapter/adapter_config.json	994	40dec308845bc5a238268b44947d19b1594cea939f93c76da72c1e3a1538f2a1
outputs/t12_cluster_jobs/t12-qlora-task-conditioned-20260723T185137Z-6419cfc/pulled/adapter/adapter_identity.json	435	7f3758d2a8d3ee46a637cd7ec1437ce3dfe68956cd3d171cf6b105594058900b
outputs/t12_cluster_jobs/t12-qlora-task-conditioned-20260723T185137Z-6419cfc/pulled/adapter/adapter_model.safetensors	30709192	9a206da3ac205a725bfbcdcc8958d16ec760d63db1d31e53e019a1281a734212
outputs/t12_cluster_jobs/t12-qlora-task-conditioned-20260723T185137Z-6419cfc/pulled/adapter/base_identity_reference.json	107	0774a3b9fb3d3e82e14d44612229bc90146cefee4e98617cf11ecb11d317ac7f
outputs/t12_cluster_jobs/t12-qlora-task-conditioned-20260723T185137Z-6419cfc/pulled/adapter/README.md	5180	0e0823d2434cbad0d603d0e26cdddf75db51e56be47e36d8d3dc1fbd33ea8580
outputs/t12_cluster_jobs/t12-qlora-task-conditioned-20260723T185137Z-6419cfc/pulled/adapter/training_state.json	299	8bae92ad9307a1f42b2df89d9e3a1e7a38ecd0e69b1a45352185b3d21c62ffee
outputs/t12_cluster_jobs/t12-qlora-task-conditioned-20260723T185137Z-6419cfc/pulled/adapter_identity.json	373	30c3f177d90941df938668d3ef5d605c5470162f412eabeb21fb971380d85eb0
outputs/t12_cluster_jobs/t12-qlora-task-conditioned-20260723T185137Z-6419cfc/pulled/assembly_results.json	19907	3d81c5a39225b96951a49613160dd7a66ed8edafda6dcd82bcf04477b4c49d68
outputs/t12_cluster_jobs/t12-qlora-task-conditioned-20260723T185137Z-6419cfc/pulled/full_checkpoint/full_checkpoint_manifest.json	1023	e64503c626a8c52be27e216500179a0058861ab0bc7a8b87165f7c2e9effa7b3
outputs/t12_cluster_jobs/t12-qlora-task-conditioned-20260723T185137Z-6419cfc/pulled/full_checkpoint/full_training_state.pt	61608475	b51d8e371b962d1514274ba6388e184d070f435f217f04617c9a2844654949cc
outputs/t12_cluster_jobs/t12-qlora-task-conditioned-20260723T185137Z-6419cfc/pulled/heartbeat.json	349	61eaea4aad800333f06e3adcde1df018ce7a2af4ff764d7cddc7fb46d006322a
outputs/t12_cluster_jobs/t12-qlora-task-conditioned-20260723T185137Z-6419cfc/pulled/loss_mask_summary.json	191	4378cdb86931e48a032b0c24ada9c41dc4912d248add49a41e8a40a43244aa78
outputs/t12_cluster_jobs/t12-qlora-task-conditioned-20260723T185137Z-6419cfc/pulled/prediction_journal.jsonl	92884	79165ee1163c4c513d8c55bd9742556bc1416f31a6b497ff5d5fac0999602a01
outputs/t12_cluster_jobs/t12-qlora-task-conditioned-20260723T185137Z-6419cfc/pulled/qlora_task_conditioned_smoke_result.json	3662	26de4c9a48caad1c863e1cd8b5318dafbc318d4235ce6c95d6cbb6177008a8f2
outputs/t12_cluster_jobs/t12-qlora-task-conditioned-20260723T185137Z-6419cfc/pulled/raw_outputs/adapter/ambik_30__predict_ambiguity_v1.json.txt	83	21395266b8ad2193ddfd5593b74eb0572d30d9b61bfbd6f20f86c467ca948e8d
outputs/t12_cluster_jobs/t12-qlora-task-conditioned-20260723T185137Z-6419cfc/pulled/raw_outputs/adapter/ambik_30__predict_cpc_v1.json.txt	651	ada46141ce2989cc7eb692931a30e1cbcaf63cf94adce741819349fd49e30186
outputs/t12_cluster_jobs/t12-qlora-task-conditioned-20260723T185137Z-6419cfc/pulled/raw_outputs/adapter/ambik_30__predict_intent_v1.json.txt	154	8df18d5bb60af3fa8609d3ef69e87c458bb6a0c2aee80484e9a2e25f1deb53c0
outputs/t12_cluster_jobs/t12-qlora-task-conditioned-20260723T185137Z-6419cfc/pulled/raw_outputs/adapter/ambik_30__predict_interpretations_v1.json.txt	371	def2a3d7f8713871274dfda248c3acbdbc6ea95a697caab4a9ef972f89e39cd6
outputs/t12_cluster_jobs/t12-qlora-task-conditioned-20260723T185137Z-6419cfc/pulled/raw_outputs/adapter/ambik_30__predict_risk_capability_v1.json.txt	12	ab404931e59df358f5ef6353d707ad2ad7254cc9cb3208302952a2dbabf34779
outputs/t12_cluster_jobs/t12-qlora-task-conditioned-20260723T185137Z-6419cfc/pulled/raw_outputs/adapter/ambik_625__predict_ambiguity_v1.json.txt	83	21395266b8ad2193ddfd5593b74eb0572d30d9b61bfbd6f20f86c467ca948e8d
outputs/t12_cluster_jobs/t12-qlora-task-conditioned-20260723T185137Z-6419cfc/pulled/raw_outputs/adapter/ambik_625__predict_cpc_v1.json.txt	657	1260bc4efcbd5a19e3f2af63ecc1a7f219ffdec103c9d8947392937b2e07d8a0
outputs/t12_cluster_jobs/t12-qlora-task-conditioned-20260723T185137Z-6419cfc/pulled/raw_outputs/adapter/ambik_625__predict_intent_v1.json.txt	125	d67fb64177336399785dc36750628063fce2143da8d3d1b4413a7edfabcc3977
outputs/t12_cluster_jobs/t12-qlora-task-conditioned-20260723T185137Z-6419cfc/pulled/raw_outputs/adapter/ambik_625__predict_interpretations_v1.json.txt	309	39f67abcc188844f5f4e2ac220b76150fcf08ccf0ef27cc2cecf9f3da47d736b
outputs/t12_cluster_jobs/t12-qlora-task-conditioned-20260723T185137Z-6419cfc/pulled/raw_outputs/adapter/ambik_625__predict_risk_capability_v1.json.txt	12	ab404931e59df358f5ef6353d707ad2ad7254cc9cb3208302952a2dbabf34779
outputs/t12_cluster_jobs/t12-qlora-task-conditioned-20260723T185137Z-6419cfc/pulled/raw_outputs/adapter/clara_5180__predict_ambiguity_v1.json.txt	83	21395266b8ad2193ddfd5593b74eb0572d30d9b61bfbd6f20f86c467ca948e8d
outputs/t12_cluster_jobs/t12-qlora-task-conditioned-20260723T185137Z-6419cfc/pulled/raw_outputs/adapter/clara_5180__predict_cpc_v1.json.txt	633	66564037892e8b78736709b72a179eb906372948353cd37c36dc087c319388b9
outputs/t12_cluster_jobs/t12-qlora-task-conditioned-20260723T185137Z-6419cfc/pulled/raw_outputs/adapter/clara_5180__predict_intent_v1.json.txt	94	fded6d33970c8f299978ef51d4b552d63b8a3784ee1840cb236c14c584555513
outputs/t12_cluster_jobs/t12-qlora-task-conditioned-20260723T185137Z-6419cfc/pulled/raw_outputs/adapter/clara_5180__predict_interpretations_v1.json.txt	134	8e6b341c79a5a48d85488a6230d0b64781ac6a022982c384ee49c043680dd800
outputs/t12_cluster_jobs/t12-qlora-task-conditioned-20260723T185137Z-6419cfc/pulled/raw_outputs/adapter/clara_5180__predict_risk_capability_v1.json.txt	12	ab404931e59df358f5ef6353d707ad2ad7254cc9cb3208302952a2dbabf34779
outputs/t12_cluster_jobs/t12-qlora-task-conditioned-20260723T185137Z-6419cfc/pulled/raw_outputs/adapter/codraw_icr_v2_11414__predict_ambiguity_v1.json.txt	83	21395266b8ad2193ddfd5593b74eb0572d30d9b61bfbd6f20f86c467ca948e8d
outputs/t12_cluster_jobs/t12-qlora-task-conditioned-20260723T185137Z-6419cfc/pulled/raw_outputs/adapter/codraw_icr_v2_11414__predict_cpc_v1.json.txt	607	3d234f832a371f72ed5c170dea3e8e4d539682f8fbede346e8ef0aa6d44eebd2
outputs/t12_cluster_jobs/t12-qlora-task-conditioned-20260723T185137Z-6419cfc/pulled/raw_outputs/adapter/codraw_icr_v2_11414__predict_intent_v1.json.txt	111	343ba349c4c33c8e8ae26f1252fffed6b10037f5ed0d911bb0185d64f9c6494f
outputs/t12_cluster_jobs/t12-qlora-task-conditioned-20260723T185137Z-6419cfc/pulled/raw_outputs/adapter/codraw_icr_v2_11414__predict_interpretations_v1.json.txt	99	e40ae7ee1bf8960e950fd75a8f351907f31680f671f56f7621729aafcc633b46
outputs/t12_cluster_jobs/t12-qlora-task-conditioned-20260723T185137Z-6419cfc/pulled/raw_outputs/adapter/codraw_icr_v2_11414__predict_risk_capability_v1.json.txt	12	ab404931e59df358f5ef6353d707ad2ad7254cc9cb3208302952a2dbabf34779
outputs/t12_cluster_jobs/t12-qlora-task-conditioned-20260723T185137Z-6419cfc/pulled/raw_outputs/adapter/codraw_icr_v2_12748__predict_ambiguity_v1.json.txt	83	21395266b8ad2193ddfd5593b74eb0572d30d9b61bfbd6f20f86c467ca948e8d
outputs/t12_cluster_jobs/t12-qlora-task-conditioned-20260723T185137Z-6419cfc/pulled/raw_outputs/adapter/codraw_icr_v2_12748__predict_cpc_v1.json.txt	613	5aa10a13f2583d7f1dd0666a475c9390f26d69b0430747bf8340e2082dd9e322
outputs/t12_cluster_jobs/t12-qlora-task-conditioned-20260723T185137Z-6419cfc/pulled/raw_outputs/adapter/codraw_icr_v2_12748__predict_intent_v1.json.txt	133	51f6c236e081a15af27bb91522964cf536711f2cd7fd6aca408b9054e0c56fc5
outputs/t12_cluster_jobs/t12-qlora-task-conditioned-20260723T185137Z-6419cfc/pulled/raw_outputs/adapter/codraw_icr_v2_12748__predict_interpretations_v1.json.txt	208	9c97c21d7923510fcc40f19191c3670358573708f64321d8e7ad9cb69486cd62
outputs/t12_cluster_jobs/t12-qlora-task-conditioned-20260723T185137Z-6419cfc/pulled/raw_outputs/adapter/codraw_icr_v2_12748__predict_risk_capability_v1.json.txt	12	ab404931e59df358f5ef6353d707ad2ad7254cc9cb3208302952a2dbabf34779
outputs/t12_cluster_jobs/t12-qlora-task-conditioned-20260723T185137Z-6419cfc/pulled/raw_outputs/adapter/codraw_icr_v2_14725__predict_ambiguity_v1.json.txt	83	21395266b8ad2193ddfd5593b74eb0572d30d9b61bfbd6f20f86c467ca948e8d
outputs/t12_cluster_jobs/t12-qlora-task-conditioned-20260723T185137Z-6419cfc/pulled/raw_outputs/adapter/codraw_icr_v2_14725__predict_cpc_v1.json.txt	625	40f9e0874bda6318544b3604bdc8652fa0270238b87a1d85a8a934caf02c91d7
outputs/t12_cluster_jobs/t12-qlora-task-conditioned-20260723T185137Z-6419cfc/pulled/raw_outputs/adapter/codraw_icr_v2_14725__predict_intent_v1.json.txt	106	99b78a694c9db0ebc43cf6a96b7abd2650a6284f199eb68ce6b911572766b3e8
outputs/t12_cluster_jobs/t12-qlora-task-conditioned-20260723T185137Z-6419cfc/pulled/raw_outputs/adapter/codraw_icr_v2_14725__predict_interpretations_v1.json.txt	83	6cb0002dc246c13d84fd329340a3b007c259f5d365ce5b3113825b5df402f4df
outputs/t12_cluster_jobs/t12-qlora-task-conditioned-20260723T185137Z-6419cfc/pulled/raw_outputs/adapter/codraw_icr_v2_14725__predict_risk_capability_v1.json.txt	12	ab404931e59df358f5ef6353d707ad2ad7254cc9cb3208302952a2dbabf34779
outputs/t12_cluster_jobs/t12-qlora-task-conditioned-20260723T185137Z-6419cfc/pulled/raw_outputs/adapter/codraw_icr_v2_4720__predict_ambiguity_v1.json.txt	83	21395266b8ad2193ddfd5593b74eb0572d30d9b61bfbd6f20f86c467ca948e8d
outputs/t12_cluster_jobs/t12-qlora-task-conditioned-20260723T185137Z-6419cfc/pulled/raw_outputs/adapter/codraw_icr_v2_4720__predict_cpc_v1.json.txt	606	600232b127edcb4b2592f23ffd9b9fe7db908199b88bf0a0632a26318fa03244
outputs/t12_cluster_jobs/t12-qlora-task-conditioned-20260723T185137Z-6419cfc/pulled/raw_outputs/adapter/codraw_icr_v2_4720__predict_intent_v1.json.txt	135	3798698edc5e483d262121d0f320fdcb6c82c2387f719415cdf458da1314c474
outputs/t12_cluster_jobs/t12-qlora-task-conditioned-20260723T185137Z-6419cfc/pulled/raw_outputs/adapter/codraw_icr_v2_4720__predict_interpretations_v1.json.txt	83	6cb0002dc246c13d84fd329340a3b007c259f5d365ce5b3113825b5df402f4df
outputs/t12_cluster_jobs/t12-qlora-task-conditioned-20260723T185137Z-6419cfc/pulled/raw_outputs/adapter/codraw_icr_v2_4720__predict_risk_capability_v1.json.txt	12	ab404931e59df358f5ef6353d707ad2ad7254cc9cb3208302952a2dbabf34779
outputs/t12_cluster_jobs/t12-qlora-task-conditioned-20260723T185137Z-6419cfc/pulled/raw_outputs/adapter/codraw_icr_v2_8213__predict_ambiguity_v1.json.txt	83	21395266b8ad2193ddfd5593b74eb0572d30d9b61bfbd6f20f86c467ca948e8d
outputs/t12_cluster_jobs/t12-qlora-task-conditioned-20260723T185137Z-6419cfc/pulled/raw_outputs/adapter/codraw_icr_v2_8213__predict_cpc_v1.json.txt	607	3d234f832a371f72ed5c170dea3e8e4d539682f8fbede346e8ef0aa6d44eebd2
outputs/t12_cluster_jobs/t12-qlora-task-conditioned-20260723T185137Z-6419cfc/pulled/raw_outputs/adapter/codraw_icr_v2_8213__predict_intent_v1.json.txt	107	f74d1337be46a0aee19281f5ecc7c5d5bc722d105132a22143fa972035543e76
outputs/t12_cluster_jobs/t12-qlora-task-conditioned-20260723T185137Z-6419cfc/pulled/raw_outputs/adapter/codraw_icr_v2_8213__predict_interpretations_v1.json.txt	139	a951b514e48b8acf10ee56cdf8cc205a4751e37963bb64937a6f06f06442ea14
outputs/t12_cluster_jobs/t12-qlora-task-conditioned-20260723T185137Z-6419cfc/pulled/raw_outputs/adapter/codraw_icr_v2_8213__predict_risk_capability_v1.json.txt	12	ab404931e59df358f5ef6353d707ad2ad7254cc9cb3208302952a2dbabf34779
outputs/t12_cluster_jobs/t12-qlora-task-conditioned-20260723T185137Z-6419cfc/pulled/raw_outputs/adapter/codraw_icr_v2_9548__predict_ambiguity_v1.json.txt	83	21395266b8ad2193ddfd5593b74eb0572d30d9b61bfbd6f20f86c467ca948e8d
outputs/t12_cluster_jobs/t12-qlora-task-conditioned-20260723T185137Z-6419cfc/pulled/raw_outputs/adapter/codraw_icr_v2_9548__predict_cpc_v1.json.txt	643	1e270a92b6ed504a7167930c6b7ac04efdeb5e5e081dd38a98d52ce59a30a161
outputs/t12_cluster_jobs/t12-qlora-task-conditioned-20260723T185137Z-6419cfc/pulled/raw_outputs/adapter/codraw_icr_v2_9548__predict_intent_v1.json.txt	122	3e3f3dc1fc49df8d311cbc7adc44901c68002c70dbb31f0060551126cd4e8d33
outputs/t12_cluster_jobs/t12-qlora-task-conditioned-20260723T185137Z-6419cfc/pulled/raw_outputs/adapter/codraw_icr_v2_9548__predict_interpretations_v1.json.txt	133	5190e8b12153fc5b49687a295bcd42ce2df653bbf3c7fbfcb4fea2274192a7ba
outputs/t12_cluster_jobs/t12-qlora-task-conditioned-20260723T185137Z-6419cfc/pulled/raw_outputs/adapter/codraw_icr_v2_9548__predict_risk_capability_v1.json.txt	12	ab404931e59df358f5ef6353d707ad2ad7254cc9cb3208302952a2dbabf34779
outputs/t12_cluster_jobs/t12-qlora-task-conditioned-20260723T185137Z-6419cfc/pulled/raw_outputs/adapter/indirect_requests_test_124__predict_ambiguity_v1.json.txt	83	21395266b8ad2193ddfd5593b74eb0572d30d9b61bfbd6f20f86c467ca948e8d
outputs/t12_cluster_jobs/t12-qlora-task-conditioned-20260723T185137Z-6419cfc/pulled/raw_outputs/adapter/indirect_requests_test_124__predict_cpc_v1.json.txt	607	3d234f832a371f72ed5c170dea3e8e4d539682f8fbede346e8ef0aa6d44eebd2
outputs/t12_cluster_jobs/t12-qlora-task-conditioned-20260723T185137Z-6419cfc/pulled/raw_outputs/adapter/indirect_requests_test_124__predict_intent_v1.json.txt	105	850065d3f1f577b9bf6ddccd54c5e0cf4f9f4a5d9009d41da0fe938db649262c
outputs/t12_cluster_jobs/t12-qlora-task-conditioned-20260723T185137Z-6419cfc/pulled/raw_outputs/adapter/indirect_requests_test_124__predict_interpretations_v1.json.txt	1457	5cab02efd4bc50fd69a72fb6cd8927af19f1cbaa99de506fc16164d4cb117f39
outputs/t12_cluster_jobs/t12-qlora-task-conditioned-20260723T185137Z-6419cfc/pulled/raw_outputs/adapter/indirect_requests_test_124__predict_risk_capability_v1.json.txt	12	ab404931e59df358f5ef6353d707ad2ad7254cc9cb3208302952a2dbabf34779
outputs/t12_cluster_jobs/t12-qlora-task-conditioned-20260723T185137Z-6419cfc/pulled/raw_outputs/adapter/indirect_requests_validation_169__predict_ambiguity_v1.json.txt	83	21395266b8ad2193ddfd5593b74eb0572d30d9b61bfbd6f20f86c467ca948e8d
outputs/t12_cluster_jobs/t12-qlora-task-conditioned-20260723T185137Z-6419cfc/pulled/raw_outputs/adapter/indirect_requests_validation_169__predict_cpc_v1.json.txt	622	3d60ad4e28b2ef271846ac9b968627f0ec3e383cdd6df9a125a98b3f19b1fa43
outputs/t12_cluster_jobs/t12-qlora-task-conditioned-20260723T185137Z-6419cfc/pulled/raw_outputs/adapter/indirect_requests_validation_169__predict_intent_v1.json.txt	79	5099ddbee6dc16edcaed8e7a23fbb1aa567d878428f1c91f60b6182f9732d46f
outputs/t12_cluster_jobs/t12-qlora-task-conditioned-20260723T185137Z-6419cfc/pulled/raw_outputs/adapter/indirect_requests_validation_169__predict_interpretations_v1.json.txt	345	043692742b81cd92def35ebc6a842e9b012df3b51fe9f7997afca4fc7bd86a17
outputs/t12_cluster_jobs/t12-qlora-task-conditioned-20260723T185137Z-6419cfc/pulled/raw_outputs/adapter/indirect_requests_validation_169__predict_risk_capability_v1.json.txt	12	ab404931e59df358f5ef6353d707ad2ad7254cc9cb3208302952a2dbabf34779
outputs/t12_cluster_jobs/t12-qlora-task-conditioned-20260723T185137Z-6419cfc/pulled/raw_outputs/adapter/vague_3089_XMEN_FIRST_CLASS_00.17.07.819-00.17.11.788@0__predict_ambiguity_v1.json.txt	83	21395266b8ad2193ddfd5593b74eb0572d30d9b61bfbd6f20f86c467ca948e8d
outputs/t12_cluster_jobs/t12-qlora-task-conditioned-20260723T185137Z-6419cfc/pulled/raw_outputs/adapter/vague_3089_XMEN_FIRST_CLASS_00.17.07.819-00.17.11.788@0__predict_cpc_v1.json.txt	607	3d234f832a371f72ed5c170dea3e8e4d539682f8fbede346e8ef0aa6d44eebd2
outputs/t12_cluster_jobs/t12-qlora-task-conditioned-20260723T185137Z-6419cfc/pulled/raw_outputs/adapter/vague_3089_XMEN_FIRST_CLASS_00.17.07.819-00.17.11.788@0__predict_intent_v1.json.txt	104	7166a29de727322ddd7ec0ef4dc9c31621e9429d3a58b52474585f9b590dd262
outputs/t12_cluster_jobs/t12-qlora-task-conditioned-20260723T185137Z-6419cfc/pulled/raw_outputs/adapter/vague_3089_XMEN_FIRST_CLASS_00.17.07.819-00.17.11.788@0__predict_interpretations_v1.json.txt	355	dbf20cf1eafa8566abfaf658cd8974caed588cedad7a792fb4cef772a857f064
outputs/t12_cluster_jobs/t12-qlora-task-conditioned-20260723T185137Z-6419cfc/pulled/raw_outputs/adapter/vague_3089_XMEN_FIRST_CLASS_00.17.07.819-00.17.11.788@0__predict_risk_capability_v1.json.txt	12	ab404931e59df358f5ef6353d707ad2ad7254cc9cb3208302952a2dbabf34779
outputs/t12_cluster_jobs/t12-qlora-task-conditioned-20260723T185137Z-6419cfc/pulled/raw_outputs/base/ambik_30__predict_ambiguity_v1.json.txt	82	453b8edb80f91d91b6f2b1b430d0e6133e91b47c3e00a3b9d3d8707b2450c0c3
outputs/t12_cluster_jobs/t12-qlora-task-conditioned-20260723T185137Z-6419cfc/pulled/raw_outputs/base/ambik_30__predict_cpc_v1.json.txt	997	1f43be9534f986e007241966bd8451555914b5564882d8a8d0d6c827cb8c414d
outputs/t12_cluster_jobs/t12-qlora-task-conditioned-20260723T185137Z-6419cfc/pulled/raw_outputs/base/ambik_30__predict_intent_v1.json.txt	154	cab7824d9fa1c47c14cee3a759da7deb6a1fc9f151f1e3fcb939536b69a8c4df
outputs/t12_cluster_jobs/t12-qlora-task-conditioned-20260723T185137Z-6419cfc/pulled/raw_outputs/base/ambik_30__predict_interpretations_v1.json.txt	188	a874201f221e33679e8ba970a490098300fde872ac109f0b01d60064549b5387
outputs/t12_cluster_jobs/t12-qlora-task-conditioned-20260723T185137Z-6419cfc/pulled/raw_outputs/base/ambik_30__predict_risk_capability_v1.json.txt	36	846d4ef786086210f8815e215f2d780dbbd42abdc788018454c871c16ff6dc89
outputs/t12_cluster_jobs/t12-qlora-task-conditioned-20260723T185137Z-6419cfc/pulled/raw_outputs/base/ambik_625__predict_ambiguity_v1.json.txt	117	6654adf4fefdd48d8cd3ae2b7156402c05a264ad349e5989141d37a46334a6b8
outputs/t12_cluster_jobs/t12-qlora-task-conditioned-20260723T185137Z-6419cfc/pulled/raw_outputs/base/ambik_625__predict_cpc_v1.json.txt	1109	6d377d0c83915bb4b1c0eced319e1cdfb59c0661b470cf22a1ed1713416f24e1
outputs/t12_cluster_jobs/t12-qlora-task-conditioned-20260723T185137Z-6419cfc/pulled/raw_outputs/base/ambik_625__predict_intent_v1.json.txt	175	376cd17d0053e3953c21325756cb1a6f933e3dd25131adb54894200407cdaf79
outputs/t12_cluster_jobs/t12-qlora-task-conditioned-20260723T185137Z-6419cfc/pulled/raw_outputs/base/ambik_625__predict_interpretations_v1.json.txt	424	61a9e90869248af527b8ab52a5844a3cf319e33101014cdb90050c55f55acf70
outputs/t12_cluster_jobs/t12-qlora-task-conditioned-20260723T185137Z-6419cfc/pulled/raw_outputs/base/ambik_625__predict_risk_capability_v1.json.txt	36	846d4ef786086210f8815e215f2d780dbbd42abdc788018454c871c16ff6dc89
outputs/t12_cluster_jobs/t12-qlora-task-conditioned-20260723T185137Z-6419cfc/pulled/raw_outputs/base/clara_5180__predict_ambiguity_v1.json.txt	118	0acd4185e263a1ce16606cc1a587c9dbdddca101189127d86789a0596f764f1d
outputs/t12_cluster_jobs/t12-qlora-task-conditioned-20260723T185137Z-6419cfc/pulled/raw_outputs/base/clara_5180__predict_cpc_v1.json.txt	1036	c0e4e9ece93b28cff5b968e1bb427d1ab21ad8da1d63862e38ba4b9635b67700
outputs/t12_cluster_jobs/t12-qlora-task-conditioned-20260723T185137Z-6419cfc/pulled/raw_outputs/base/clara_5180__predict_intent_v1.json.txt	100	e45e4d5c942c2a18d7bee06ca4f74ad0f6b33be0340edda4941d7f50ca724eba
outputs/t12_cluster_jobs/t12-qlora-task-conditioned-20260723T185137Z-6419cfc/pulled/raw_outputs/base/clara_5180__predict_interpretations_v1.json.txt	352	d0681c060417582c8f6b3dbccf690cbec66e38e5775b6499dc221dd6fbf198b6
outputs/t12_cluster_jobs/t12-qlora-task-conditioned-20260723T185137Z-6419cfc/pulled/raw_outputs/base/clara_5180__predict_risk_capability_v1.json.txt	36	846d4ef786086210f8815e215f2d780dbbd42abdc788018454c871c16ff6dc89
outputs/t12_cluster_jobs/t12-qlora-task-conditioned-20260723T185137Z-6419cfc/pulled/raw_outputs/base/codraw_icr_v2_11414__predict_ambiguity_v1.json.txt	82	21e11457763772351b865a33100438ad1da0f2deabeb34b8e0428898ee624e4e
outputs/t12_cluster_jobs/t12-qlora-task-conditioned-20260723T185137Z-6419cfc/pulled/raw_outputs/base/codraw_icr_v2_11414__predict_cpc_v1.json.txt	605	9570bafe86740d67dbe78ab173e07bb6354ac7b197bd56955062ce21899ec5e5
outputs/t12_cluster_jobs/t12-qlora-task-conditioned-20260723T185137Z-6419cfc/pulled/raw_outputs/base/codraw_icr_v2_11414__predict_intent_v1.json.txt	108	43be9a0802d4798fbe13a361619cea975c6571e8e6568727d1ee00ab65c3e412
outputs/t12_cluster_jobs/t12-qlora-task-conditioned-20260723T185137Z-6419cfc/pulled/raw_outputs/base/codraw_icr_v2_11414__predict_interpretations_v1.json.txt	195	1536147de7d121181bc119db5bd45e899728d65747526deec7fef7aea744f759
outputs/t12_cluster_jobs/t12-qlora-task-conditioned-20260723T185137Z-6419cfc/pulled/raw_outputs/base/codraw_icr_v2_11414__predict_risk_capability_v1.json.txt	36	846d4ef786086210f8815e215f2d780dbbd42abdc788018454c871c16ff6dc89
outputs/t12_cluster_jobs/t12-qlora-task-conditioned-20260723T185137Z-6419cfc/pulled/raw_outputs/base/codraw_icr_v2_12748__predict_ambiguity_v1.json.txt	118	0acd4185e263a1ce16606cc1a587c9dbdddca101189127d86789a0596f764f1d
outputs/t12_cluster_jobs/t12-qlora-task-conditioned-20260723T185137Z-6419cfc/pulled/raw_outputs/base/codraw_icr_v2_12748__predict_cpc_v1.json.txt	640	d2129a36e79df25b9855a0a82b662196da2548d79e47fd26c5c36f417047cd20
outputs/t12_cluster_jobs/t12-qlora-task-conditioned-20260723T185137Z-6419cfc/pulled/raw_outputs/base/codraw_icr_v2_12748__predict_intent_v1.json.txt	88	1fceb80ba7d0b7fffb80b66bc11224b15b180642d7f59f14c0a1a7ae8fea7fbe
outputs/t12_cluster_jobs/t12-qlora-task-conditioned-20260723T185137Z-6419cfc/pulled/raw_outputs/base/codraw_icr_v2_12748__predict_interpretations_v1.json.txt	349	6326da302ee46e06e234113482d989da53d66a3355bb3c6b0a6d2531cc3c45ce
outputs/t12_cluster_jobs/t12-qlora-task-conditioned-20260723T185137Z-6419cfc/pulled/raw_outputs/base/codraw_icr_v2_12748__predict_risk_capability_v1.json.txt	36	846d4ef786086210f8815e215f2d780dbbd42abdc788018454c871c16ff6dc89
outputs/t12_cluster_jobs/t12-qlora-task-conditioned-20260723T185137Z-6419cfc/pulled/raw_outputs/base/codraw_icr_v2_14725__predict_ambiguity_v1.json.txt	105	5f19c81b6c3e1facf7e08f2d6aa9df134a8086d110c2b36738ecfea81a0c1210
outputs/t12_cluster_jobs/t12-qlora-task-conditioned-20260723T185137Z-6419cfc/pulled/raw_outputs/base/codraw_icr_v2_14725__predict_cpc_v1.json.txt	1021	a8df1db768a322731fc8333ac867d4a7052eddc2cea709903e3f24c4c5599fcd
outputs/t12_cluster_jobs/t12-qlora-task-conditioned-20260723T185137Z-6419cfc/pulled/raw_outputs/base/codraw_icr_v2_14725__predict_intent_v1.json.txt	144	7fd0d3d5d9cb83860fb93ef881c0686ea9a1c4e3d53d2519ab20fc0b0f0addba
outputs/t12_cluster_jobs/t12-qlora-task-conditioned-20260723T185137Z-6419cfc/pulled/raw_outputs/base/codraw_icr_v2_14725__predict_interpretations_v1.json.txt	234	d80970948c773a5cdbc473b72ae51a7a6bfe430659052f77d1720cc046f598a5
outputs/t12_cluster_jobs/t12-qlora-task-conditioned-20260723T185137Z-6419cfc/pulled/raw_outputs/base/codraw_icr_v2_14725__predict_risk_capability_v1.json.txt	36	846d4ef786086210f8815e215f2d780dbbd42abdc788018454c871c16ff6dc89
outputs/t12_cluster_jobs/t12-qlora-task-conditioned-20260723T185137Z-6419cfc/pulled/raw_outputs/base/codraw_icr_v2_4720__predict_ambiguity_v1.json.txt	120	f0edabb9a670db8846fbe7e4b606998894584ce29672555cd938e307bff11e83
outputs/t12_cluster_jobs/t12-qlora-task-conditioned-20260723T185137Z-6419cfc/pulled/raw_outputs/base/codraw_icr_v2_4720__predict_cpc_v1.json.txt	1086	0103869e086269236948a160a4f09c9f091b7a611fecbac7212fd1dba16e71ad
outputs/t12_cluster_jobs/t12-qlora-task-conditioned-20260723T185137Z-6419cfc/pulled/raw_outputs/base/codraw_icr_v2_4720__predict_intent_v1.json.txt	197	4ee866021988bc69d831e91fcf66d9bb80c3855fb6447d163e35c4d23a037b77
outputs/t12_cluster_jobs/t12-qlora-task-conditioned-20260723T185137Z-6419cfc/pulled/raw_outputs/base/codraw_icr_v2_4720__predict_interpretations_v1.json.txt	198	422d64b14ca0a005b6e2398581dfa12f5d09fb2d442044dd2e988a45259185f5
outputs/t12_cluster_jobs/t12-qlora-task-conditioned-20260723T185137Z-6419cfc/pulled/raw_outputs/base/codraw_icr_v2_4720__predict_risk_capability_v1.json.txt	36	846d4ef786086210f8815e215f2d780dbbd42abdc788018454c871c16ff6dc89
outputs/t12_cluster_jobs/t12-qlora-task-conditioned-20260723T185137Z-6419cfc/pulled/raw_outputs/base/codraw_icr_v2_8213__predict_ambiguity_v1.json.txt	79	20daed968e4940d91afb509a44e9bb35d7ecd175c1623d7bb2f80a4babeb55d5
outputs/t12_cluster_jobs/t12-qlora-task-conditioned-20260723T185137Z-6419cfc/pulled/raw_outputs/base/codraw_icr_v2_8213__predict_cpc_v1.json.txt	605	9570bafe86740d67dbe78ab173e07bb6354ac7b197bd56955062ce21899ec5e5
outputs/t12_cluster_jobs/t12-qlora-task-conditioned-20260723T185137Z-6419cfc/pulled/raw_outputs/base/codraw_icr_v2_8213__predict_intent_v1.json.txt	119	ea1284bfda0ab20da846a44141671b98cce36a1060dc6587faf5a86975fd95d0
outputs/t12_cluster_jobs/t12-qlora-task-conditioned-20260723T185137Z-6419cfc/pulled/raw_outputs/base/codraw_icr_v2_8213__predict_interpretations_v1.json.txt	196	210892248bf383589d5c5110b26d1075237458b7bc93646eb5b8a81431eb3dbc
outputs/t12_cluster_jobs/t12-qlora-task-conditioned-20260723T185137Z-6419cfc/pulled/raw_outputs/base/codraw_icr_v2_8213__predict_risk_capability_v1.json.txt	33	689cf5d6ad8019a3365c5c11029bd9c3f6afb0406374b3e2b2db81103956146c
outputs/t12_cluster_jobs/t12-qlora-task-conditioned-20260723T185137Z-6419cfc/pulled/raw_outputs/base/codraw_icr_v2_9548__predict_ambiguity_v1.json.txt	105	35dbffabca9cbfd9e28ff400db1ba449691f0b9f5ab97ab4a174d340430b2199
outputs/t12_cluster_jobs/t12-qlora-task-conditioned-20260723T185137Z-6419cfc/pulled/raw_outputs/base/codraw_icr_v2_9548__predict_cpc_v1.json.txt	1001	ee60f68f9be8e75453ef23de39f5d1b4fcd47c12bbfea62692196a2f79662181
outputs/t12_cluster_jobs/t12-qlora-task-conditioned-20260723T185137Z-6419cfc/pulled/raw_outputs/base/codraw_icr_v2_9548__predict_intent_v1.json.txt	75	dcb2755b57e168397fa8c9525d357fa411d5712d4dd8f415e67760df0c83af28
outputs/t12_cluster_jobs/t12-qlora-task-conditioned-20260723T185137Z-6419cfc/pulled/raw_outputs/base/codraw_icr_v2_9548__predict_interpretations_v1.json.txt	235	af7cc47be288ef34296fa7d9ae8641a8f2b129ef7210aa87f7cabacddda84ef9
outputs/t12_cluster_jobs/t12-qlora-task-conditioned-20260723T185137Z-6419cfc/pulled/raw_outputs/base/codraw_icr_v2_9548__predict_risk_capability_v1.json.txt	36	846d4ef786086210f8815e215f2d780dbbd42abdc788018454c871c16ff6dc89
outputs/t12_cluster_jobs/t12-qlora-task-conditioned-20260723T185137Z-6419cfc/pulled/raw_outputs/base/indirect_requests_test_124__predict_ambiguity_v1.json.txt	106	ec3f9897faa9d9c021d12cc632c6a8715c12509c64d747fe12595de3ada7cde6
outputs/t12_cluster_jobs/t12-qlora-task-conditioned-20260723T185137Z-6419cfc/pulled/raw_outputs/base/indirect_requests_test_124__predict_cpc_v1.json.txt	1051	96a79a55c157bfd2f4884b8fb1926e385e1065e47d6fa0f4a8d907a5d0e6b458
outputs/t12_cluster_jobs/t12-qlora-task-conditioned-20260723T185137Z-6419cfc/pulled/raw_outputs/base/indirect_requests_test_124__predict_intent_v1.json.txt	126	bd6b218c37e61d661efcdcc574437d0807e89215eab6b98e3a184e1818db07bb
outputs/t12_cluster_jobs/t12-qlora-task-conditioned-20260723T185137Z-6419cfc/pulled/raw_outputs/base/indirect_requests_test_124__predict_interpretations_v1.json.txt	227	32ee6ac41a5b49b41f1e677d0717ac68e6a63db5d174e9d46567391b7d4c88ac
outputs/t12_cluster_jobs/t12-qlora-task-conditioned-20260723T185137Z-6419cfc/pulled/raw_outputs/base/indirect_requests_test_124__predict_risk_capability_v1.json.txt	36	846d4ef786086210f8815e215f2d780dbbd42abdc788018454c871c16ff6dc89
outputs/t12_cluster_jobs/t12-qlora-task-conditioned-20260723T185137Z-6419cfc/pulled/raw_outputs/base/indirect_requests_validation_169__predict_ambiguity_v1.json.txt	82	453b8edb80f91d91b6f2b1b430d0e6133e91b47c3e00a3b9d3d8707b2450c0c3
outputs/t12_cluster_jobs/t12-qlora-task-conditioned-20260723T185137Z-6419cfc/pulled/raw_outputs/base/indirect_requests_validation_169__predict_cpc_v1.json.txt	1013	2c04a376d6b88e78bca26c34224dfc43ba04b58736f90049347a9e8dfa124ea8
outputs/t12_cluster_jobs/t12-qlora-task-conditioned-20260723T185137Z-6419cfc/pulled/raw_outputs/base/indirect_requests_validation_169__predict_intent_v1.json.txt	86	890f40545254651e533c5b6b7db18abc564fc42b0a4a59e7c31a3a3a940ba66c
outputs/t12_cluster_jobs/t12-qlora-task-conditioned-20260723T185137Z-6419cfc/pulled/raw_outputs/base/indirect_requests_validation_169__predict_interpretations_v1.json.txt	180	acacb220e7a4e033e32704c91a0ea1201a4585f948eeec211633af2ac00702c0
outputs/t12_cluster_jobs/t12-qlora-task-conditioned-20260723T185137Z-6419cfc/pulled/raw_outputs/base/indirect_requests_validation_169__predict_risk_capability_v1.json.txt	41	3ad5ea1a10d810cde40f4eb5407d3e7fa08beac3e650f3e65432f0a39149d2e5
outputs/t12_cluster_jobs/t12-qlora-task-conditioned-20260723T185137Z-6419cfc/pulled/raw_outputs/base/vague_3089_XMEN_FIRST_CLASS_00.17.07.819-00.17.11.788@0__predict_ambiguity_v1.json.txt	107	13b5b472ea3c1483d5ba2b82c534d0cfa819e36f2972f7001c73d228675eb5e1
outputs/t12_cluster_jobs/t12-qlora-task-conditioned-20260723T185137Z-6419cfc/pulled/raw_outputs/base/vague_3089_XMEN_FIRST_CLASS_00.17.07.819-00.17.11.788@0__predict_cpc_v1.json.txt	972	69acc9d4d85ecfbecb3b930bc9dcd1ff9485c9a53d454f59d088c234f4866fd3
outputs/t12_cluster_jobs/t12-qlora-task-conditioned-20260723T185137Z-6419cfc/pulled/raw_outputs/base/vague_3089_XMEN_FIRST_CLASS_00.17.07.819-00.17.11.788@0__predict_intent_v1.json.txt	161	68f28729091030400fd1737a548df5a7d20f138e0379462c6c351587ecf54bc0
outputs/t12_cluster_jobs/t12-qlora-task-conditioned-20260723T185137Z-6419cfc/pulled/raw_outputs/base/vague_3089_XMEN_FIRST_CLASS_00.17.07.819-00.17.11.788@0__predict_interpretations_v1.json.txt	255	228cedc45e7b6db349cbb1d6d98f84366e3b453aeb981968367b1244d3d2ef44
outputs/t12_cluster_jobs/t12-qlora-task-conditioned-20260723T185137Z-6419cfc/pulled/raw_outputs/base/vague_3089_XMEN_FIRST_CLASS_00.17.07.819-00.17.11.788@0__predict_risk_capability_v1.json.txt	36	846d4ef786086210f8815e215f2d780dbbd42abdc788018454c871c16ff6dc89
outputs/t12_cluster_jobs/t12-qlora-task-conditioned-20260723T185137Z-6419cfc/pulled/resume_components.json	184	3724ce559860403ef6f7e7242ed604cfd71a639a868382eceb1db2a1ce934f9e
outputs/t12_cluster_jobs/t12-qlora-task-conditioned-20260723T185137Z-6419cfc/pulled/run_manifest.json	621	a86fb47f053c27b3037ab9e95708e34746a88109c55d9e85dac41aec2949b2a2
outputs/t12_cluster_jobs/t12-qlora-task-conditioned-20260723T185137Z-6419cfc/pulled/source_identity_manifest.json	323	704b690c5704c4371b5d8fee69dc6a69fc5f6354535d9944c9c6bc83a60fbc1b
outputs/t12_cluster_jobs/t12-qlora-task-conditioned-20260723T185137Z-6419cfc/pulled/supervision_density.json	259	13d9a1020d8c9fd8a654d730bdf258ad79a346f60bb73505f03063121ed6cc53
outputs/t12_cluster_jobs/t12-qlora-task-conditioned-20260723T185137Z-6419cfc/pulled/task_prediction_results.json	268313	c1032105b821c8ab767e0dfc9ba42895eefad9e7a612400739b9b729cb1a6f10
outputs/t12_cluster_jobs/t12-qlora-task-conditioned-20260723T185137Z-6419cfc/remote_metadata.json	911	4ac9d67c3a6edfa49ad8dc9e2af537c72d3deafe1a99fcad735ecd18baf03956
outputs/t12_cluster_jobs/t12-qlora-task-conditioned-20260723T185137Z-6419cfc/source_identity_manifest.json	323	704b690c5704c4371b5d8fee69dc6a69fc5f6354535d9944c9c6bc83a60fbc1b
outputs/t12_cluster_jobs/t12-qlora-task-conditioned-20260723T185137Z-6419cfc/submit.sbatch	3018	eccfc44e982e0d1da8613108105f8dea70e71a22ab0697e6bb7c59094a897af5
outputs/t12_cluster_jobs/t12-qlora-task-conditioned-20260723T185137Z-6419cfc/t12-6419cfc.tar.gz	231571658	a7506157de1f3538869667d649e7b8b49b20113827f6ec3dce989acd232ce830
outputs/t12_cluster_jobs/t12-qlora-task-conditioned-20260723T185137Z-6419cfc/verification.json	245	49a73b980a1cdfffba75207e920d593948d370402c2dc0d829753153334deb73
outputs/t12_cluster_jobs/t27d-inference-diagnostic-20260723T201410Z-e1d9e7e/pulled/recovery_blocked.json	478	c27933343690f0b144c6639616c060c41b68fc883a07ada9ef19fb9b08bd1edd
outputs/t12_cluster_jobs/t27d-inference-diagnostic-20260723T201410Z-e1d9e7e/remote_metadata.json	891	764984a57b1c5d1a06687604efc13a02b290e2eb32a51748c98e184c179f1862
outputs/t12_cluster_jobs/t27d-inference-diagnostic-20260723T201410Z-e1d9e7e/source_identity_manifest.json	323	4c07fb4d711a02a227b256e6b00286244103dfc2172f99329c665d668584b5d9
outputs/t12_cluster_jobs/t27d-inference-diagnostic-20260723T201410Z-e1d9e7e/submit.sbatch	3359	08c95a9993927b0c371e9c744cf7781c5295332046b90c3a6e40d5727698acd4
outputs/t12_cluster_jobs/t27d-inference-diagnostic-20260723T201410Z-e1d9e7e/t12-e1d9e7e.tar.gz	231601721	580da5be6da9fb8341e8198243f225e566e886d984bad580ce2804d5e8f791c5
outputs/t12_cluster_jobs/t27d-inference-diagnostic-20260723T201803Z-5c6430b/pulled/assembly_results.json	387305	828840c910b29a7830b2b573404b9443e9d3151e34904e500a288506fa97a5ae
outputs/t12_cluster_jobs/t27d-inference-diagnostic-20260723T201803Z-5c6430b/pulled/heartbeat.json	414	b0724604c4684ccb8bc2f2748596805f02ab2d0e8cd4461fa62b088bd2a67e22
outputs/t12_cluster_jobs/t27d-inference-diagnostic-20260723T201803Z-5c6430b/pulled/prediction_journal.jsonl	123472	272584e38850374e9aff1921f12db62ac5a16c430aee481be04e30625db89375
outputs/t12_cluster_jobs/t27d-inference-diagnostic-20260723T201803Z-5c6430b/pulled/qlora_task_conditioned_smoke_result.json	1485	5f35c0879bfad864a0627bd7ddf8d4b901456493d4bcc0e6a5496425e0a9929a
outputs/t12_cluster_jobs/t27d-inference-diagnostic-20260723T201803Z-5c6430b/pulled/raw_outputs/adapter/ambik_128__predict_ambiguity_v1.json.txt	83	21395266b8ad2193ddfd5593b74eb0572d30d9b61bfbd6f20f86c467ca948e8d
outputs/t12_cluster_jobs/t27d-inference-diagnostic-20260723T201803Z-5c6430b/pulled/raw_outputs/adapter/ambik_128__predict_cpc_v1.json.txt	651	941a3856e779fe19651442a85aa0132124ded617affd1f31f22eb815a8b939fc
outputs/t12_cluster_jobs/t27d-inference-diagnostic-20260723T201803Z-5c6430b/pulled/raw_outputs/adapter/ambik_128__predict_intent_v1.json.txt	70	d05d7e4e2a2fe112f9b746cb2fc4f7b3f9cb6159d6707517d267247f2feed34d
outputs/t12_cluster_jobs/t27d-inference-diagnostic-20260723T201803Z-5c6430b/pulled/raw_outputs/adapter/ambik_128__predict_interpretations_v1.json.txt	107	4c49e2a66201e5b38f40d62739711204c80c605a7cc9a0f445a325a8e30cdffc
outputs/t12_cluster_jobs/t27d-inference-diagnostic-20260723T201803Z-5c6430b/pulled/raw_outputs/adapter/ambik_128__predict_risk_capability_v1.json.txt	12	ab404931e59df358f5ef6353d707ad2ad7254cc9cb3208302952a2dbabf34779
outputs/t12_cluster_jobs/t27d-inference-diagnostic-20260723T201803Z-5c6430b/pulled/raw_outputs/adapter/ambik_131__predict_ambiguity_v1.json.txt	83	21395266b8ad2193ddfd5593b74eb0572d30d9b61bfbd6f20f86c467ca948e8d
outputs/t12_cluster_jobs/t27d-inference-diagnostic-20260723T201803Z-5c6430b/pulled/raw_outputs/adapter/ambik_131__predict_cpc_v1.json.txt	675	a13bdaaed1736084a81ec37bb6838eb12454b9a52b70588facb29191611248c4
outputs/t12_cluster_jobs/t27d-inference-diagnostic-20260723T201803Z-5c6430b/pulled/raw_outputs/adapter/ambik_131__predict_intent_v1.json.txt	147	11dc671ad3f2f17b3f57764f09c4f8e94dbba72cf416e16926d174bcd4de5356
outputs/t12_cluster_jobs/t27d-inference-diagnostic-20260723T201803Z-5c6430b/pulled/raw_outputs/adapter/ambik_131__predict_interpretations_v1.json.txt	289	f4d90d1ebb7cb28f9afa15563be9cf1395f8105049a088be2d4151ca190e004c
outputs/t12_cluster_jobs/t27d-inference-diagnostic-20260723T201803Z-5c6430b/pulled/raw_outputs/adapter/ambik_131__predict_risk_capability_v1.json.txt	12	ab404931e59df358f5ef6353d707ad2ad7254cc9cb3208302952a2dbabf34779
outputs/t12_cluster_jobs/t27d-inference-diagnostic-20260723T201803Z-5c6430b/pulled/raw_outputs/adapter/ambik_140__predict_ambiguity_v1.json.txt	83	21395266b8ad2193ddfd5593b74eb0572d30d9b61bfbd6f20f86c467ca948e8d
outputs/t12_cluster_jobs/t27d-inference-diagnostic-20260723T201803Z-5c6430b/pulled/raw_outputs/adapter/ambik_140__predict_cpc_v1.json.txt	1135	1f1b5239178e757e9cebd2fc520c6561128c97336d810854a26d48acaf8f1c2f
outputs/t12_cluster_jobs/t27d-inference-diagnostic-20260723T201803Z-5c6430b/pulled/raw_outputs/adapter/ambik_140__predict_intent_v1.json.txt	118	bf50d4c98621b588b71e1cf7e24b164fead2cb98fd628ecf7e1c22ec2e6be0b8
outputs/t12_cluster_jobs/t27d-inference-diagnostic-20260723T201803Z-5c6430b/pulled/raw_outputs/adapter/ambik_140__predict_interpretations_v1.json.txt	155	a145e4a2f936dc723b9836a10cd8d11d03ce0df2e0d79797b1e8bafe10e9dcb6
outputs/t12_cluster_jobs/t27d-inference-diagnostic-20260723T201803Z-5c6430b/pulled/raw_outputs/adapter/ambik_140__predict_risk_capability_v1.json.txt	12	ab404931e59df358f5ef6353d707ad2ad7254cc9cb3208302952a2dbabf34779
outputs/t12_cluster_jobs/t27d-inference-diagnostic-20260723T201803Z-5c6430b/pulled/raw_outputs/adapter/ambik_148__predict_ambiguity_v1.json.txt	83	21395266b8ad2193ddfd5593b74eb0572d30d9b61bfbd6f20f86c467ca948e8d
outputs/t12_cluster_jobs/t27d-inference-diagnostic-20260723T201803Z-5c6430b/pulled/raw_outputs/adapter/ambik_148__predict_cpc_v1.json.txt	655	96fab80545d22954778896e205014bca75fbc5068a4ff067b8db2f6d77c0b038
outputs/t12_cluster_jobs/t27d-inference-diagnostic-20260723T201803Z-5c6430b/pulled/raw_outputs/adapter/ambik_148__predict_intent_v1.json.txt	74	4d54ce5e4212a50ce16ba4e78a7e798eb4aaa6313f9997c3ef77f9c0ee1ec596
outputs/t12_cluster_jobs/t27d-inference-diagnostic-20260723T201803Z-5c6430b/pulled/raw_outputs/adapter/ambik_148__predict_interpretations_v1.json.txt	1333	2691ed6b812551d80f18cff19d78262d14514bee7a692035d8635f1d21ef1b4b
outputs/t12_cluster_jobs/t27d-inference-diagnostic-20260723T201803Z-5c6430b/pulled/raw_outputs/adapter/ambik_148__predict_risk_capability_v1.json.txt	12	ab404931e59df358f5ef6353d707ad2ad7254cc9cb3208302952a2dbabf34779
outputs/t12_cluster_jobs/t27d-inference-diagnostic-20260723T201803Z-5c6430b/pulled/raw_outputs/adapter/clara_0__predict_ambiguity_v1.json.txt	83	21395266b8ad2193ddfd5593b74eb0572d30d9b61bfbd6f20f86c467ca948e8d
outputs/t12_cluster_jobs/t27d-inference-diagnostic-20260723T201803Z-5c6430b/pulled/raw_outputs/adapter/clara_0__predict_cpc_v1.json.txt	697	22266985629978a71a1b9217040e15d0182cb2a82e00a8b61dfea997aaf6bec0
outputs/t12_cluster_jobs/t27d-inference-diagnostic-20260723T201803Z-5c6430b/pulled/raw_outputs/adapter/clara_0__predict_intent_v1.json.txt	92	2527724b8b7b6dd2ba8b72cc6051321dc4e55dfca4724fcea101ad61347aed96
outputs/t12_cluster_jobs/t27d-inference-diagnostic-20260723T201803Z-5c6430b/pulled/raw_outputs/adapter/clara_0__predict_interpretations_v1.json.txt	180	31d3d8884f2f8ebe68c53146385e03ff8e7da700d2047c53c6d9e0f3c6e54d6f
outputs/t12_cluster_jobs/t27d-inference-diagnostic-20260723T201803Z-5c6430b/pulled/raw_outputs/adapter/clara_0__predict_risk_capability_v1.json.txt	12	ab404931e59df358f5ef6353d707ad2ad7254cc9cb3208302952a2dbabf34779
outputs/t12_cluster_jobs/t27d-inference-diagnostic-20260723T201803Z-5c6430b/pulled/raw_outputs/adapter/clara_1000__predict_ambiguity_v1.json.txt	83	21395266b8ad2193ddfd5593b74eb0572d30d9b61bfbd6f20f86c467ca948e8d
outputs/t12_cluster_jobs/t27d-inference-diagnostic-20260723T201803Z-5c6430b/pulled/raw_outputs/adapter/clara_1000__predict_cpc_v1.json.txt	666	1532bd82f8ed7d86b3f93bb3439ace9fa565f4466f2fdf631336ac07fb50fe6c
outputs/t12_cluster_jobs/t27d-inference-diagnostic-20260723T201803Z-5c6430b/pulled/raw_outputs/adapter/clara_1000__predict_intent_v1.json.txt	79	7d0b217534f48361fbc33b5c7ed2fdc40c6e0a709a603f0069abf7a1ae274bbd
outputs/t12_cluster_jobs/t27d-inference-diagnostic-20260723T201803Z-5c6430b/pulled/raw_outputs/adapter/clara_1000__predict_interpretations_v1.json.txt	163	ac90f6908e26f02673223973ec541cea9e6c1d943f3ed405cd30c99d47e432de
outputs/t12_cluster_jobs/t27d-inference-diagnostic-20260723T201803Z-5c6430b/pulled/raw_outputs/adapter/clara_1000__predict_risk_capability_v1.json.txt	12	ab404931e59df358f5ef6353d707ad2ad7254cc9cb3208302952a2dbabf34779
outputs/t12_cluster_jobs/t27d-inference-diagnostic-20260723T201803Z-5c6430b/pulled/raw_outputs/adapter/clara_1081__predict_ambiguity_v1.json.txt	83	21395266b8ad2193ddfd5593b74eb0572d30d9b61bfbd6f20f86c467ca948e8d
outputs/t12_cluster_jobs/t27d-inference-diagnostic-20260723T201803Z-5c6430b/pulled/raw_outputs/adapter/clara_1081__predict_cpc_v1.json.txt	642	1a865e36cac253b21dce07be43b1efc6692d87043cae2a141776976cc0380955
outputs/t12_cluster_jobs/t27d-inference-diagnostic-20260723T201803Z-5c6430b/pulled/raw_outputs/adapter/clara_1081__predict_intent_v1.json.txt	60	2371fceff53712732f31d9c47a3009b657eee486aab3e16f21446608726d5aae
outputs/t12_cluster_jobs/t27d-inference-diagnostic-20260723T201803Z-5c6430b/pulled/raw_outputs/adapter/clara_1081__predict_interpretations_v1.json.txt	97	728af47f9f040f88afb5234a627845fb9e07b985abbd7404cd2a32039d3303a9
outputs/t12_cluster_jobs/t27d-inference-diagnostic-20260723T201803Z-5c6430b/pulled/raw_outputs/adapter/clara_1081__predict_risk_capability_v1.json.txt	12	ab404931e59df358f5ef6353d707ad2ad7254cc9cb3208302952a2dbabf34779
outputs/t12_cluster_jobs/t27d-inference-diagnostic-20260723T201803Z-5c6430b/pulled/raw_outputs/adapter/codraw_icr_v2_10015__predict_ambiguity_v1.json.txt	83	21395266b8ad2193ddfd5593b74eb0572d30d9b61bfbd6f20f86c467ca948e8d
outputs/t12_cluster_jobs/t27d-inference-diagnostic-20260723T201803Z-5c6430b/pulled/raw_outputs/adapter/codraw_icr_v2_10015__predict_cpc_v1.json.txt	608	51583d2007a478db4952f68b09741d8befb1614959781f14ea30e3a56f9d2869
outputs/t12_cluster_jobs/t27d-inference-diagnostic-20260723T201803Z-5c6430b/pulled/raw_outputs/adapter/codraw_icr_v2_10015__predict_intent_v1.json.txt	96	7ae501f268e230769d719f9b40154e9ca92fb14d1cb14b25881eac7b87522440
outputs/t12_cluster_jobs/t27d-inference-diagnostic-20260723T201803Z-5c6430b/pulled/raw_outputs/adapter/codraw_icr_v2_10015__predict_interpretations_v1.json.txt	83	6cb0002dc246c13d84fd329340a3b007c259f5d365ce5b3113825b5df402f4df
outputs/t12_cluster_jobs/t27d-inference-diagnostic-20260723T201803Z-5c6430b/pulled/raw_outputs/adapter/codraw_icr_v2_10015__predict_risk_capability_v1.json.txt	12	ab404931e59df358f5ef6353d707ad2ad7254cc9cb3208302952a2dbabf34779
outputs/t12_cluster_jobs/t27d-inference-diagnostic-20260723T201803Z-5c6430b/pulled/raw_outputs/adapter/codraw_icr_v2_1004__predict_ambiguity_v1.json.txt	83	21395266b8ad2193ddfd5593b74eb0572d30d9b61bfbd6f20f86c467ca948e8d
outputs/t12_cluster_jobs/t27d-inference-diagnostic-20260723T201803Z-5c6430b/pulled/raw_outputs/adapter/codraw_icr_v2_1004__predict_cpc_v1.json.txt	641	ac46230d18304a3f434476f93a62a203fa27e49d1490f1781066c935a0891724
outputs/t12_cluster_jobs/t27d-inference-diagnostic-20260723T201803Z-5c6430b/pulled/raw_outputs/adapter/codraw_icr_v2_1004__predict_intent_v1.json.txt	98	fdeab892e3268c90e5a77ae350d4c9f3efcbd8439a307ba1206971acf60db89d
outputs/t12_cluster_jobs/t27d-inference-diagnostic-20260723T201803Z-5c6430b/pulled/raw_outputs/adapter/codraw_icr_v2_1004__predict_interpretations_v1.json.txt	172	bf6b5ae72cd9ab2ad8f28d71e215511eba009b2d8594f56e685c2c63448bc88d
outputs/t12_cluster_jobs/t27d-inference-diagnostic-20260723T201803Z-5c6430b/pulled/raw_outputs/adapter/codraw_icr_v2_1004__predict_risk_capability_v1.json.txt	12	ab404931e59df358f5ef6353d707ad2ad7254cc9cb3208302952a2dbabf34779
outputs/t12_cluster_jobs/t27d-inference-diagnostic-20260723T201803Z-5c6430b/pulled/raw_outputs/adapter/codraw_icr_v2_10054__predict_ambiguity_v1.json.txt	83	21395266b8ad2193ddfd5593b74eb0572d30d9b61bfbd6f20f86c467ca948e8d
outputs/t12_cluster_jobs/t27d-inference-diagnostic-20260723T201803Z-5c6430b/pulled/raw_outputs/adapter/codraw_icr_v2_10054__predict_cpc_v1.json.txt	607	3d234f832a371f72ed5c170dea3e8e4d539682f8fbede346e8ef0aa6d44eebd2
outputs/t12_cluster_jobs/t27d-inference-diagnostic-20260723T201803Z-5c6430b/pulled/raw_outputs/adapter/codraw_icr_v2_10054__predict_intent_v1.json.txt	139	47cb60041cadac38591ffea3b2ba662cff50f27bef0400fac96ada487485b9bc
outputs/t12_cluster_jobs/t27d-inference-diagnostic-20260723T201803Z-5c6430b/pulled/raw_outputs/adapter/codraw_icr_v2_10054__predict_interpretations_v1.json.txt	83	6cb0002dc246c13d84fd329340a3b007c259f5d365ce5b3113825b5df402f4df
outputs/t12_cluster_jobs/t27d-inference-diagnostic-20260723T201803Z-5c6430b/pulled/raw_outputs/adapter/codraw_icr_v2_10054__predict_risk_capability_v1.json.txt	12	ab404931e59df358f5ef6353d707ad2ad7254cc9cb3208302952a2dbabf34779
outputs/t12_cluster_jobs/t27d-inference-diagnostic-20260723T201803Z-5c6430b/pulled/raw_outputs/adapter/indirect_requests_test_107__predict_ambiguity_v1.json.txt	83	21395266b8ad2193ddfd5593b74eb0572d30d9b61bfbd6f20f86c467ca948e8d
outputs/t12_cluster_jobs/t27d-inference-diagnostic-20260723T201803Z-5c6430b/pulled/raw_outputs/adapter/indirect_requests_test_107__predict_cpc_v1.json.txt	605	9570bafe86740d67dbe78ab173e07bb6354ac7b197bd56955062ce21899ec5e5
outputs/t12_cluster_jobs/t27d-inference-diagnostic-20260723T201803Z-5c6430b/pulled/raw_outputs/adapter/indirect_requests_test_107__predict_intent_v1.json.txt	87	0a0f5d5ae0c17e27215a9440c2b7845d634604fe0a82009917510692fdb13cf0
outputs/t12_cluster_jobs/t27d-inference-diagnostic-20260723T201803Z-5c6430b/pulled/raw_outputs/adapter/indirect_requests_test_107__predict_interpretations_v1.json.txt	354	994802140b7f1a878423722cf5c1452b9ea743aae7f527591f1183bfff07e367
outputs/t12_cluster_jobs/t27d-inference-diagnostic-20260723T201803Z-5c6430b/pulled/raw_outputs/adapter/indirect_requests_test_107__predict_risk_capability_v1.json.txt	12	ab404931e59df358f5ef6353d707ad2ad7254cc9cb3208302952a2dbabf34779
outputs/t12_cluster_jobs/t27d-inference-diagnostic-20260723T201803Z-5c6430b/pulled/raw_outputs/adapter/indirect_requests_test_10__predict_ambiguity_v1.json.txt	83	21395266b8ad2193ddfd5593b74eb0572d30d9b61bfbd6f20f86c467ca948e8d
outputs/t12_cluster_jobs/t27d-inference-diagnostic-20260723T201803Z-5c6430b/pulled/raw_outputs/adapter/indirect_requests_test_10__predict_cpc_v1.json.txt	607	3d234f832a371f72ed5c170dea3e8e4d539682f8fbede346e8ef0aa6d44eebd2
outputs/t12_cluster_jobs/t27d-inference-diagnostic-20260723T201803Z-5c6430b/pulled/raw_outputs/adapter/indirect_requests_test_10__predict_intent_v1.json.txt	89	bc3eff38c9a7ba0f424d8262a9f4874a20d9dcb2327a47175136f2a9a04a2c6a
outputs/t12_cluster_jobs/t27d-inference-diagnostic-20260723T201803Z-5c6430b/pulled/raw_outputs/adapter/indirect_requests_test_10__predict_interpretations_v1.json.txt	91	16aea13e77a4ea8d49384e86858ce94929fbf2b8b5b453468b44f5a39f6ff731
outputs/t12_cluster_jobs/t27d-inference-diagnostic-20260723T201803Z-5c6430b/pulled/raw_outputs/adapter/indirect_requests_test_10__predict_risk_capability_v1.json.txt	12	ab404931e59df358f5ef6353d707ad2ad7254cc9cb3208302952a2dbabf34779
outputs/t12_cluster_jobs/t27d-inference-diagnostic-20260723T201803Z-5c6430b/pulled/raw_outputs/adapter/indirect_requests_test_132__predict_ambiguity_v1.json.txt	83	21395266b8ad2193ddfd5593b74eb0572d30d9b61bfbd6f20f86c467ca948e8d
outputs/t12_cluster_jobs/t27d-inference-diagnostic-20260723T201803Z-5c6430b/pulled/raw_outputs/adapter/indirect_requests_test_132__predict_cpc_v1.json.txt	607	3d234f832a371f72ed5c170dea3e8e4d539682f8fbede346e8ef0aa6d44eebd2
outputs/t12_cluster_jobs/t27d-inference-diagnostic-20260723T201803Z-5c6430b/pulled/raw_outputs/adapter/indirect_requests_test_132__predict_intent_v1.json.txt	130	6da974d284f18183099dfcb317ab9ca5159e4de78092ec1fcfbf0d2787e777f0
outputs/t12_cluster_jobs/t27d-inference-diagnostic-20260723T201803Z-5c6430b/pulled/raw_outputs/adapter/indirect_requests_test_132__predict_interpretations_v1.json.txt	354	994802140b7f1a878423722cf5c1452b9ea743aae7f527591f1183bfff07e367
outputs/t12_cluster_jobs/t27d-inference-diagnostic-20260723T201803Z-5c6430b/pulled/raw_outputs/adapter/indirect_requests_test_132__predict_risk_capability_v1.json.txt	12	ab404931e59df358f5ef6353d707ad2ad7254cc9cb3208302952a2dbabf34779
outputs/t12_cluster_jobs/t27d-inference-diagnostic-20260723T201803Z-5c6430b/pulled/raw_outputs/adapter/vague_0002_As_Good_As_It_Gets_00.01.24.159-00.01.25.124@0__predict_ambiguity_v1.json.txt	83	21395266b8ad2193ddfd5593b74eb0572d30d9b61bfbd6f20f86c467ca948e8d
outputs/t12_cluster_jobs/t27d-inference-diagnostic-20260723T201803Z-5c6430b/pulled/raw_outputs/adapter/vague_0002_As_Good_As_It_Gets_00.01.24.159-00.01.25.124@0__predict_cpc_v1.json.txt	605	9570bafe86740d67dbe78ab173e07bb6354ac7b197bd56955062ce21899ec5e5
outputs/t12_cluster_jobs/t27d-inference-diagnostic-20260723T201803Z-5c6430b/pulled/raw_outputs/adapter/vague_0002_As_Good_As_It_Gets_00.01.24.159-00.01.25.124@0__predict_intent_v1.json.txt	69	7f70adb51572c9e22cda034127906170315db6a1fc86f15862e87a8f4bbc134a
outputs/t12_cluster_jobs/t27d-inference-diagnostic-20260723T201803Z-5c6430b/pulled/raw_outputs/adapter/vague_0002_As_Good_As_It_Gets_00.01.24.159-00.01.25.124@0__predict_interpretations_v1.json.txt	336	5dcf490a377e739e245f7c37d2f7107cb12d3535eea3ef12723076f10d288e36
outputs/t12_cluster_jobs/t27d-inference-diagnostic-20260723T201803Z-5c6430b/pulled/raw_outputs/adapter/vague_0002_As_Good_As_It_Gets_00.01.24.159-00.01.25.124@0__predict_risk_capability_v1.json.txt	12	ab404931e59df358f5ef6353d707ad2ad7254cc9cb3208302952a2dbabf34779
outputs/t12_cluster_jobs/t27d-inference-diagnostic-20260723T201803Z-5c6430b/pulled/raw_outputs/adapter/vague_0003_CASABLANCA_00.46.56.850-00.46.57.207@0__predict_ambiguity_v1.json.txt	83	21395266b8ad2193ddfd5593b74eb0572d30d9b61bfbd6f20f86c467ca948e8d
outputs/t12_cluster_jobs/t27d-inference-diagnostic-20260723T201803Z-5c6430b/pulled/raw_outputs/adapter/vague_0003_CASABLANCA_00.46.56.850-00.46.57.207@0__predict_cpc_v1.json.txt	605	9570bafe86740d67dbe78ab173e07bb6354ac7b197bd56955062ce21899ec5e5
outputs/t12_cluster_jobs/t27d-inference-diagnostic-20260723T201803Z-5c6430b/pulled/raw_outputs/adapter/vague_0003_CASABLANCA_00.46.56.850-00.46.57.207@0__predict_intent_v1.json.txt	65	4e16a1bf6c988428f93ee9c2eb31340a439fc102c12c83163d73978fd4c3a42c
outputs/t12_cluster_jobs/t27d-inference-diagnostic-20260723T201803Z-5c6430b/pulled/raw_outputs/adapter/vague_0003_CASABLANCA_00.46.56.850-00.46.57.207@0__predict_interpretations_v1.json.txt	146	f601b6f6fc9c9993573a2bacb71962a7d96831b7e090ddba44ba8aebad10a4a9
outputs/t12_cluster_jobs/t27d-inference-diagnostic-20260723T201803Z-5c6430b/pulled/raw_outputs/adapter/vague_0003_CASABLANCA_00.46.56.850-00.46.57.207@0__predict_risk_capability_v1.json.txt	12	ab404931e59df358f5ef6353d707ad2ad7254cc9cb3208302952a2dbabf34779
outputs/t12_cluster_jobs/t27d-inference-diagnostic-20260723T201803Z-5c6430b/pulled/raw_outputs/adapter/vague_0004_Charade_00.31.56.950-00.32.00.287@0__predict_ambiguity_v1.json.txt	83	21395266b8ad2193ddfd5593b74eb0572d30d9b61bfbd6f20f86c467ca948e8d
outputs/t12_cluster_jobs/t27d-inference-diagnostic-20260723T201803Z-5c6430b/pulled/raw_outputs/adapter/vague_0004_Charade_00.31.56.950-00.32.00.287@0__predict_cpc_v1.json.txt	605	9570bafe86740d67dbe78ab173e07bb6354ac7b197bd56955062ce21899ec5e5
outputs/t12_cluster_jobs/t27d-inference-diagnostic-20260723T201803Z-5c6430b/pulled/raw_outputs/adapter/vague_0004_Charade_00.31.56.950-00.32.00.287@0__predict_intent_v1.json.txt	70	cd1118780c17fe72e127b44568d69e27b01e7e77695706dc4f73493addf1f5af
outputs/t12_cluster_jobs/t27d-inference-diagnostic-20260723T201803Z-5c6430b/pulled/raw_outputs/adapter/vague_0004_Charade_00.31.56.950-00.32.00.287@0__predict_interpretations_v1.json.txt	125	103d60df812cdf5e15053bab128772812dd4fe39ef77f409d51b7f15949a5952
outputs/t12_cluster_jobs/t27d-inference-diagnostic-20260723T201803Z-5c6430b/pulled/raw_outputs/adapter/vague_0004_Charade_00.31.56.950-00.32.00.287@0__predict_risk_capability_v1.json.txt	12	ab404931e59df358f5ef6353d707ad2ad7254cc9cb3208302952a2dbabf34779
outputs/t12_cluster_jobs/t27d-inference-diagnostic-20260723T201803Z-5c6430b/pulled/raw_outputs/base/ambik_128__predict_ambiguity_v1.json.txt	82	453b8edb80f91d91b6f2b1b430d0e6133e91b47c3e00a3b9d3d8707b2450c0c3
outputs/t12_cluster_jobs/t27d-inference-diagnostic-20260723T201803Z-5c6430b/pulled/raw_outputs/base/ambik_128__predict_cpc_v1.json.txt	1005	0ac51ba1fac27475ae0a3499df8990f59f7ef2a64c4cd78e9a12a0089f1040a9
outputs/t12_cluster_jobs/t27d-inference-diagnostic-20260723T201803Z-5c6430b/pulled/raw_outputs/base/ambik_128__predict_intent_v1.json.txt	87	19115510d5b82b011ac862f21717bb107fbd59dac3183d4fee16618e07838e5a
outputs/t12_cluster_jobs/t27d-inference-diagnostic-20260723T201803Z-5c6430b/pulled/raw_outputs/base/ambik_128__predict_interpretations_v1.json.txt	393	bc06d1ae4e14be0f592352d42c8b4168c566397272f595675394df3479e2999d
outputs/t12_cluster_jobs/t27d-inference-diagnostic-20260723T201803Z-5c6430b/pulled/raw_outputs/base/ambik_128__predict_risk_capability_v1.json.txt	36	846d4ef786086210f8815e215f2d780dbbd42abdc788018454c871c16ff6dc89
outputs/t12_cluster_jobs/t27d-inference-diagnostic-20260723T201803Z-5c6430b/pulled/raw_outputs/base/ambik_131__predict_ambiguity_v1.json.txt	82	453b8edb80f91d91b6f2b1b430d0e6133e91b47c3e00a3b9d3d8707b2450c0c3
outputs/t12_cluster_jobs/t27d-inference-diagnostic-20260723T201803Z-5c6430b/pulled/raw_outputs/base/ambik_131__predict_cpc_v1.json.txt	1004	1dea27acd6eb28a773b57e61293382a7534a3906a5e884bb62316a5531c9d030
outputs/t12_cluster_jobs/t27d-inference-diagnostic-20260723T201803Z-5c6430b/pulled/raw_outputs/base/ambik_131__predict_intent_v1.json.txt	152	c141fbab1f63f090b048767366e1a14ab23fc6eb395bf04dc6bcca048330b829
outputs/t12_cluster_jobs/t27d-inference-diagnostic-20260723T201803Z-5c6430b/pulled/raw_outputs/base/ambik_131__predict_interpretations_v1.json.txt	508	19ad880239c8dc448aad6fc49818c82b29fdabf7a5b63aaf1bf2700c7bdae0ee
outputs/t12_cluster_jobs/t27d-inference-diagnostic-20260723T201803Z-5c6430b/pulled/raw_outputs/base/ambik_131__predict_risk_capability_v1.json.txt	36	846d4ef786086210f8815e215f2d780dbbd42abdc788018454c871c16ff6dc89
outputs/t12_cluster_jobs/t27d-inference-diagnostic-20260723T201803Z-5c6430b/pulled/raw_outputs/base/ambik_140__predict_ambiguity_v1.json.txt	82	453b8edb80f91d91b6f2b1b430d0e6133e91b47c3e00a3b9d3d8707b2450c0c3
outputs/t12_cluster_jobs/t27d-inference-diagnostic-20260723T201803Z-5c6430b/pulled/raw_outputs/base/ambik_140__predict_cpc_v1.json.txt	1142	78957839b53267bfe9d14a96d969c192051ccab095647d941ec23e4dd4b20687
outputs/t12_cluster_jobs/t27d-inference-diagnostic-20260723T201803Z-5c6430b/pulled/raw_outputs/base/ambik_140__predict_intent_v1.json.txt	137	e11ad3855c43dc8c981479840e37ef940cef0c91d2e8a006ea00cc598dd2c76d
outputs/t12_cluster_jobs/t27d-inference-diagnostic-20260723T201803Z-5c6430b/pulled/raw_outputs/base/ambik_140__predict_interpretations_v1.json.txt	376	8a65b45cc047882a5d4614eb4e60816798b3f4da549b31a2ed6d8b9e05c7d735
outputs/t12_cluster_jobs/t27d-inference-diagnostic-20260723T201803Z-5c6430b/pulled/raw_outputs/base/ambik_140__predict_risk_capability_v1.json.txt	36	846d4ef786086210f8815e215f2d780dbbd42abdc788018454c871c16ff6dc89
outputs/t12_cluster_jobs/t27d-inference-diagnostic-20260723T201803Z-5c6430b/pulled/raw_outputs/base/ambik_148__predict_ambiguity_v1.json.txt	82	453b8edb80f91d91b6f2b1b430d0e6133e91b47c3e00a3b9d3d8707b2450c0c3
outputs/t12_cluster_jobs/t27d-inference-diagnostic-20260723T201803Z-5c6430b/pulled/raw_outputs/base/ambik_148__predict_cpc_v1.json.txt	1041	fbb930461a3fd76b09dd771d407edd9a6cc8b7e465b536c64423e43fc105e73b
outputs/t12_cluster_jobs/t27d-inference-diagnostic-20260723T201803Z-5c6430b/pulled/raw_outputs/base/ambik_148__predict_intent_v1.json.txt	120	50ec3509dcd485284e6042ea2c302ada2628394933b3df9b74990cc9dbf0e3c4
outputs/t12_cluster_jobs/t27d-inference-diagnostic-20260723T201803Z-5c6430b/pulled/raw_outputs/base/ambik_148__predict_interpretations_v1.json.txt	388	c1f4066c81f2d7a08d93cfba02d846dc3231e0c3787afe775500d875a7c98752
outputs/t12_cluster_jobs/t27d-inference-diagnostic-20260723T201803Z-5c6430b/pulled/raw_outputs/base/ambik_148__predict_risk_capability_v1.json.txt	36	846d4ef786086210f8815e215f2d780dbbd42abdc788018454c871c16ff6dc89
outputs/t12_cluster_jobs/t27d-inference-diagnostic-20260723T201803Z-5c6430b/pulled/raw_outputs/base/clara_0__predict_ambiguity_v1.json.txt	120	f0edabb9a670db8846fbe7e4b606998894584ce29672555cd938e307bff11e83
outputs/t12_cluster_jobs/t27d-inference-diagnostic-20260723T201803Z-5c6430b/pulled/raw_outputs/base/clara_0__predict_cpc_v1.json.txt	1029	f3b12f2ff1aab05ad6edd7c4cb986b393640e25b53490d81639a4b9526d0d92d
outputs/t12_cluster_jobs/t27d-inference-diagnostic-20260723T201803Z-5c6430b/pulled/raw_outputs/base/clara_0__predict_intent_v1.json.txt	104	5b172e2d264a9f3e9f3ee9c9c94711b1b1b808a30d37871dd8708e2335e5f8ea
outputs/t12_cluster_jobs/t27d-inference-diagnostic-20260723T201803Z-5c6430b/pulled/raw_outputs/base/clara_0__predict_interpretations_v1.json.txt	367	7972b94eb91e689e35fb084f7044bb8a08a228072131db72516429c65b035ba2
outputs/t12_cluster_jobs/t27d-inference-diagnostic-20260723T201803Z-5c6430b/pulled/raw_outputs/base/clara_0__predict_risk_capability_v1.json.txt	34	c381b34e8b5ac854c7593dcd1f346ff98fc4ed00ae854cd652a2e709661928d7
outputs/t12_cluster_jobs/t27d-inference-diagnostic-20260723T201803Z-5c6430b/pulled/raw_outputs/base/clara_1000__predict_ambiguity_v1.json.txt	108	1d520126bc7dbd5b7990b2367a378bab0241bf9e56db4f202f07abebcc68c55e
outputs/t12_cluster_jobs/t27d-inference-diagnostic-20260723T201803Z-5c6430b/pulled/raw_outputs/base/clara_1000__predict_cpc_v1.json.txt	1005	9c1da5d0eda87194af34284c797ff9843b4f6689a8475618517ad0336a18d408
outputs/t12_cluster_jobs/t27d-inference-diagnostic-20260723T201803Z-5c6430b/pulled/raw_outputs/base/clara_1000__predict_intent_v1.json.txt	91	26d46f6cdc5c168917bc0234f9e43ff8c4967fb21d5c6d14530ea003ffa2f56f
outputs/t12_cluster_jobs/t27d-inference-diagnostic-20260723T201803Z-5c6430b/pulled/raw_outputs/base/clara_1000__predict_interpretations_v1.json.txt	341	2a182b88412d05bfd5a3d3ed51cd0a4f62adf11ea38436b5948ebc6518d9647f
outputs/t12_cluster_jobs/t27d-inference-diagnostic-20260723T201803Z-5c6430b/pulled/raw_outputs/base/clara_1000__predict_risk_capability_v1.json.txt	36	846d4ef786086210f8815e215f2d780dbbd42abdc788018454c871c16ff6dc89
outputs/t12_cluster_jobs/t27d-inference-diagnostic-20260723T201803Z-5c6430b/pulled/raw_outputs/base/clara_1081__predict_ambiguity_v1.json.txt	105	35dbffabca9cbfd9e28ff400db1ba449691f0b9f5ab97ab4a174d340430b2199
outputs/t12_cluster_jobs/t27d-inference-diagnostic-20260723T201803Z-5c6430b/pulled/raw_outputs/base/clara_1081__predict_cpc_v1.json.txt	998	68fc73a9cb4b5ca3564443a3e64847b5a62000c1396968a4e40a060dcb61511e
outputs/t12_cluster_jobs/t27d-inference-diagnostic-20260723T201803Z-5c6430b/pulled/raw_outputs/base/clara_1081__predict_intent_v1.json.txt	72	2e0d1a0bc347a6c5154f7231996f45e7cb091ef82c72ec0c577e6791202aff36
outputs/t12_cluster_jobs/t27d-inference-diagnostic-20260723T201803Z-5c6430b/pulled/raw_outputs/base/clara_1081__predict_interpretations_v1.json.txt	355	aeb321d3f8d7efb9923572361576e6c5860c666f80e73c5869b2489447aafc59
outputs/t12_cluster_jobs/t27d-inference-diagnostic-20260723T201803Z-5c6430b/pulled/raw_outputs/base/clara_1081__predict_risk_capability_v1.json.txt	34	c381b34e8b5ac854c7593dcd1f346ff98fc4ed00ae854cd652a2e709661928d7
outputs/t12_cluster_jobs/t27d-inference-diagnostic-20260723T201803Z-5c6430b/pulled/raw_outputs/base/codraw_icr_v2_10015__predict_ambiguity_v1.json.txt	93	28e49e6394ab6635df14a13dc440a6da97e2027012d45359cfcc3694fc3f6555
outputs/t12_cluster_jobs/t27d-inference-diagnostic-20260723T201803Z-5c6430b/pulled/raw_outputs/base/codraw_icr_v2_10015__predict_cpc_v1.json.txt	632	7bb272a99ce19e492a59a5d0fb219a0cb4ec6fc4fa41fe46041ce6bb2f2b557c
outputs/t12_cluster_jobs/t27d-inference-diagnostic-20260723T201803Z-5c6430b/pulled/raw_outputs/base/codraw_icr_v2_10015__predict_intent_v1.json.txt	109	dc91d5c989fbe81ed2469e907a1efc2b48d4836eb0c58914269961a231f650df
outputs/t12_cluster_jobs/t27d-inference-diagnostic-20260723T201803Z-5c6430b/pulled/raw_outputs/base/codraw_icr_v2_10015__predict_interpretations_v1.json.txt	215	5e1d7d9e5e918cb518abc59c7068bff633b62da6e7157810bac60c582a0ae5d4
outputs/t12_cluster_jobs/t27d-inference-diagnostic-20260723T201803Z-5c6430b/pulled/raw_outputs/base/codraw_icr_v2_10015__predict_risk_capability_v1.json.txt	36	846d4ef786086210f8815e215f2d780dbbd42abdc788018454c871c16ff6dc89
outputs/t12_cluster_jobs/t27d-inference-diagnostic-20260723T201803Z-5c6430b/pulled/raw_outputs/base/codraw_icr_v2_1004__predict_ambiguity_v1.json.txt	105	5f19c81b6c3e1facf7e08f2d6aa9df134a8086d110c2b36738ecfea81a0c1210
outputs/t12_cluster_jobs/t27d-inference-diagnostic-20260723T201803Z-5c6430b/pulled/raw_outputs/base/codraw_icr_v2_1004__predict_cpc_v1.json.txt	1087	785a84312592d802ef19ce431577a5abb6a741006fa878b2a4d3121e68cfcaf8
outputs/t12_cluster_jobs/t27d-inference-diagnostic-20260723T201803Z-5c6430b/pulled/raw_outputs/base/codraw_icr_v2_1004__predict_intent_v1.json.txt	121	45b0b62a8bca16e2ba2388deabbe0b6ba126d03383778c46f8062ad8b2047326
outputs/t12_cluster_jobs/t27d-inference-diagnostic-20260723T201803Z-5c6430b/pulled/raw_outputs/base/codraw_icr_v2_1004__predict_interpretations_v1.json.txt	307	f70c1eed674cfd3aa9863d0840a0a16d02c975f7675dfcfa1faafc8690fdeebe
outputs/t12_cluster_jobs/t27d-inference-diagnostic-20260723T201803Z-5c6430b/pulled/raw_outputs/base/codraw_icr_v2_1004__predict_risk_capability_v1.json.txt	36	846d4ef786086210f8815e215f2d780dbbd42abdc788018454c871c16ff6dc89
outputs/t12_cluster_jobs/t27d-inference-diagnostic-20260723T201803Z-5c6430b/pulled/raw_outputs/base/codraw_icr_v2_10054__predict_ambiguity_v1.json.txt	105	5f19c81b6c3e1facf7e08f2d6aa9df134a8086d110c2b36738ecfea81a0c1210
outputs/t12_cluster_jobs/t27d-inference-diagnostic-20260723T201803Z-5c6430b/pulled/raw_outputs/base/codraw_icr_v2_10054__predict_cpc_v1.json.txt	1029	5878a4f7150dedb1c540b97ff536b40e500ceea043a4fe66ca31cf7edf6ff7b2
outputs/t12_cluster_jobs/t27d-inference-diagnostic-20260723T201803Z-5c6430b/pulled/raw_outputs/base/codraw_icr_v2_10054__predict_intent_v1.json.txt	140	eddabc3f417deeea22c3074ca9c5b82bdd387a4b2e02238d9c72c6c8c10cea44
outputs/t12_cluster_jobs/t27d-inference-diagnostic-20260723T201803Z-5c6430b/pulled/raw_outputs/base/codraw_icr_v2_10054__predict_interpretations_v1.json.txt	239	05bd2c97b68cdee6e927b29775f32b867ec2a8013734fdd829d0bec9b41bf9e2
outputs/t12_cluster_jobs/t27d-inference-diagnostic-20260723T201803Z-5c6430b/pulled/raw_outputs/base/codraw_icr_v2_10054__predict_risk_capability_v1.json.txt	35	5ff3cb35329fd1284446a4c3cc1310907e22d4eb70c51651b9ffe434b31d91e0
outputs/t12_cluster_jobs/t27d-inference-diagnostic-20260723T201803Z-5c6430b/pulled/raw_outputs/base/indirect_requests_test_107__predict_ambiguity_v1.json.txt	108	ec2ac37d39424c7304df28df0f5b9c184d974616a62eda15fa956427fc6a08cc
outputs/t12_cluster_jobs/t27d-inference-diagnostic-20260723T201803Z-5c6430b/pulled/raw_outputs/base/indirect_requests_test_107__predict_cpc_v1.json.txt	1023	e4aff8d1dcd9f84b53f926dd3e4440d549bd4d6b9bcf8b5b9484c980173142f5
outputs/t12_cluster_jobs/t27d-inference-diagnostic-20260723T201803Z-5c6430b/pulled/raw_outputs/base/indirect_requests_test_107__predict_intent_v1.json.txt	120	e6451e5cc1de4861a1346f7f6fc894362d783048532a639f41725900035b48ea
outputs/t12_cluster_jobs/t27d-inference-diagnostic-20260723T201803Z-5c6430b/pulled/raw_outputs/base/indirect_requests_test_107__predict_interpretations_v1.json.txt	185	700f6b5852191b78ccf402c1a798019d50e467aa0432a56b2827fcb41adb9eb7
outputs/t12_cluster_jobs/t27d-inference-diagnostic-20260723T201803Z-5c6430b/pulled/raw_outputs/base/indirect_requests_test_107__predict_risk_capability_v1.json.txt	35	5ff3cb35329fd1284446a4c3cc1310907e22d4eb70c51651b9ffe434b31d91e0
outputs/t12_cluster_jobs/t27d-inference-diagnostic-20260723T201803Z-5c6430b/pulled/raw_outputs/base/indirect_requests_test_10__predict_ambiguity_v1.json.txt	109	3d0a0d33c0f7dbb779771a4233234227d727fcd4fdc64e89d9eeaaa5d81a573e
outputs/t12_cluster_jobs/t27d-inference-diagnostic-20260723T201803Z-5c6430b/pulled/raw_outputs/base/indirect_requests_test_10__predict_cpc_v1.json.txt	605	9570bafe86740d67dbe78ab173e07bb6354ac7b197bd56955062ce21899ec5e5
outputs/t12_cluster_jobs/t27d-inference-diagnostic-20260723T201803Z-5c6430b/pulled/raw_outputs/base/indirect_requests_test_10__predict_intent_v1.json.txt	98	28257c0c63eb65a03687edb16dfafecdea20b4703ee3ec3f46f191cbfaa42c08
outputs/t12_cluster_jobs/t27d-inference-diagnostic-20260723T201803Z-5c6430b/pulled/raw_outputs/base/indirect_requests_test_10__predict_interpretations_v1.json.txt	213	722c2f7186ce41c6191fd12e13869dcd629339ab3ae66961ec7d1249da02bc9f
outputs/t12_cluster_jobs/t27d-inference-diagnostic-20260723T201803Z-5c6430b/pulled/raw_outputs/base/indirect_requests_test_10__predict_risk_capability_v1.json.txt	41	3ad5ea1a10d810cde40f4eb5407d3e7fa08beac3e650f3e65432f0a39149d2e5
outputs/t12_cluster_jobs/t27d-inference-diagnostic-20260723T201803Z-5c6430b/pulled/raw_outputs/base/indirect_requests_test_132__predict_ambiguity_v1.json.txt	108	31f333c3a76925dd29300e313684a2da99c4da17c376a7e63467a875e9077ee2
outputs/t12_cluster_jobs/t27d-inference-diagnostic-20260723T201803Z-5c6430b/pulled/raw_outputs/base/indirect_requests_test_132__predict_cpc_v1.json.txt	649	79b9deb49d04ebb79dd314b6dbe3d2c647ae0a7035d4d7f14775d899ebc28c2e
outputs/t12_cluster_jobs/t27d-inference-diagnostic-20260723T201803Z-5c6430b/pulled/raw_outputs/base/indirect_requests_test_132__predict_intent_v1.json.txt	182	1c95618b25f9eacef1bd343880b22e6c5c173aaba397c6eabf63bd2932948ed6
outputs/t12_cluster_jobs/t27d-inference-diagnostic-20260723T201803Z-5c6430b/pulled/raw_outputs/base/indirect_requests_test_132__predict_interpretations_v1.json.txt	258	51115c258a20e5aba0b33b496af9bc192ac2b07fddd3984507c1d312d076da58
outputs/t12_cluster_jobs/t27d-inference-diagnostic-20260723T201803Z-5c6430b/pulled/raw_outputs/base/indirect_requests_test_132__predict_risk_capability_v1.json.txt	36	846d4ef786086210f8815e215f2d780dbbd42abdc788018454c871c16ff6dc89
outputs/t12_cluster_jobs/t27d-inference-diagnostic-20260723T201803Z-5c6430b/pulled/raw_outputs/base/vague_0002_As_Good_As_It_Gets_00.01.24.159-00.01.25.124@0__predict_ambiguity_v1.json.txt	106	1bbc032d0b1954b5046dc3733558eddf79eb6e939b03f01d9a424ca10fbdeb37
outputs/t12_cluster_jobs/t27d-inference-diagnostic-20260723T201803Z-5c6430b/pulled/raw_outputs/base/vague_0002_As_Good_As_It_Gets_00.01.24.159-00.01.25.124@0__predict_cpc_v1.json.txt	1045	8c82ae2edd9a3f0bace437e0ec1060a2798530b0cdf52a49ad795750036266f1
outputs/t12_cluster_jobs/t27d-inference-diagnostic-20260723T201803Z-5c6430b/pulled/raw_outputs/base/vague_0002_As_Good_As_It_Gets_00.01.24.159-00.01.25.124@0__predict_intent_v1.json.txt	207	a593afaa0f2a5c4ca1c534b6f1824ca03293fe8ec4cfbac32d89e5371e9a91ba
outputs/t12_cluster_jobs/t27d-inference-diagnostic-20260723T201803Z-5c6430b/pulled/raw_outputs/base/vague_0002_As_Good_As_It_Gets_00.01.24.159-00.01.25.124@0__predict_interpretations_v1.json.txt	207	7f2ea98505388044f1768b586b7723398a359f0cc53823d883219908113068ca
outputs/t12_cluster_jobs/t27d-inference-diagnostic-20260723T201803Z-5c6430b/pulled/raw_outputs/base/vague_0002_As_Good_As_It_Gets_00.01.24.159-00.01.25.124@0__predict_risk_capability_v1.json.txt	41	3ad5ea1a10d810cde40f4eb5407d3e7fa08beac3e650f3e65432f0a39149d2e5
outputs/t12_cluster_jobs/t27d-inference-diagnostic-20260723T201803Z-5c6430b/pulled/raw_outputs/base/vague_0003_CASABLANCA_00.46.56.850-00.46.57.207@0__predict_ambiguity_v1.json.txt	82	453b8edb80f91d91b6f2b1b430d0e6133e91b47c3e00a3b9d3d8707b2450c0c3
outputs/t12_cluster_jobs/t27d-inference-diagnostic-20260723T201803Z-5c6430b/pulled/raw_outputs/base/vague_0003_CASABLANCA_00.46.56.850-00.46.57.207@0__predict_cpc_v1.json.txt	1095	8b4d8842a2c62e0df713737204e865d84548cf60e5e60fcb94728bea012dacf2
outputs/t12_cluster_jobs/t27d-inference-diagnostic-20260723T201803Z-5c6430b/pulled/raw_outputs/base/vague_0003_CASABLANCA_00.46.56.850-00.46.57.207@0__predict_intent_v1.json.txt	72	0a25219e7319c5ab66d8869cc8240c438c3e1c0e69c870f5eacb08caa22000e3
outputs/t12_cluster_jobs/t27d-inference-diagnostic-20260723T201803Z-5c6430b/pulled/raw_outputs/base/vague_0003_CASABLANCA_00.46.56.850-00.46.57.207@0__predict_interpretations_v1.json.txt	200	5971940b2c7167d8e9d07fbdc3201b0c8526c9f37e645df2b1fb7ba2068eb234
outputs/t12_cluster_jobs/t27d-inference-diagnostic-20260723T201803Z-5c6430b/pulled/raw_outputs/base/vague_0003_CASABLANCA_00.46.56.850-00.46.57.207@0__predict_risk_capability_v1.json.txt	36	846d4ef786086210f8815e215f2d780dbbd42abdc788018454c871c16ff6dc89
outputs/t12_cluster_jobs/t27d-inference-diagnostic-20260723T201803Z-5c6430b/pulled/raw_outputs/base/vague_0004_Charade_00.31.56.950-00.32.00.287@0__predict_ambiguity_v1.json.txt	106	1bbc032d0b1954b5046dc3733558eddf79eb6e939b03f01d9a424ca10fbdeb37
outputs/t12_cluster_jobs/t27d-inference-diagnostic-20260723T201803Z-5c6430b/pulled/raw_outputs/base/vague_0004_Charade_00.31.56.950-00.32.00.287@0__predict_cpc_v1.json.txt	1097	426b4514a66daf89c729dfa23569812527b6d8c11653299cd4cbfa2f12b644c9
outputs/t12_cluster_jobs/t27d-inference-diagnostic-20260723T201803Z-5c6430b/pulled/raw_outputs/base/vague_0004_Charade_00.31.56.950-00.32.00.287@0__predict_intent_v1.json.txt	108	869dc44775ad0625a3eeefbd865939e372a0f438d32e3e5b0d83682f3860ac3a
outputs/t12_cluster_jobs/t27d-inference-diagnostic-20260723T201803Z-5c6430b/pulled/raw_outputs/base/vague_0004_Charade_00.31.56.950-00.32.00.287@0__predict_interpretations_v1.json.txt	194	11f29f47c2ce0ee2482e0a67b96b004f906d33e41af3130621dacd403814a8df
outputs/t12_cluster_jobs/t27d-inference-diagnostic-20260723T201803Z-5c6430b/pulled/raw_outputs/base/vague_0004_Charade_00.31.56.950-00.32.00.287@0__predict_risk_capability_v1.json.txt	41	3ad5ea1a10d810cde40f4eb5407d3e7fa08beac3e650f3e65432f0a39149d2e5
outputs/t12_cluster_jobs/t27d-inference-diagnostic-20260723T201803Z-5c6430b/pulled/run_manifest.json	151	b4e311f16a9148d1d4c6be7765c3900c4830030e314c5fc26eb3d49db641acab
outputs/t12_cluster_jobs/t27d-inference-diagnostic-20260723T201803Z-5c6430b/pulled/task_prediction_results.json	346764	f398c6a07aa9aca1630b7b61fd50a6899f6edf9b0f4528cb8d44ef8f4e2a804b
outputs/t12_cluster_jobs/t27d-inference-diagnostic-20260723T201803Z-5c6430b/pulled_previous/assembly_results.json	387305	828840c910b29a7830b2b573404b9443e9d3151e34904e500a288506fa97a5ae
outputs/t12_cluster_jobs/t27d-inference-diagnostic-20260723T201803Z-5c6430b/pulled_previous/heartbeat.json	414	b0724604c4684ccb8bc2f2748596805f02ab2d0e8cd4461fa62b088bd2a67e22
outputs/t12_cluster_jobs/t27d-inference-diagnostic-20260723T201803Z-5c6430b/pulled_previous/prediction_journal.jsonl	123472	272584e38850374e9aff1921f12db62ac5a16c430aee481be04e30625db89375
outputs/t12_cluster_jobs/t27d-inference-diagnostic-20260723T201803Z-5c6430b/pulled_previous/qlora_task_conditioned_smoke_result.json	1485	5f35c0879bfad864a0627bd7ddf8d4b901456493d4bcc0e6a5496425e0a9929a
outputs/t12_cluster_jobs/t27d-inference-diagnostic-20260723T201803Z-5c6430b/pulled_previous/raw_outputs/adapter/ambik_128__predict_ambiguity_v1.json.txt	83	21395266b8ad2193ddfd5593b74eb0572d30d9b61bfbd6f20f86c467ca948e8d
outputs/t12_cluster_jobs/t27d-inference-diagnostic-20260723T201803Z-5c6430b/pulled_previous/raw_outputs/adapter/ambik_128__predict_cpc_v1.json.txt	651	941a3856e779fe19651442a85aa0132124ded617affd1f31f22eb815a8b939fc
outputs/t12_cluster_jobs/t27d-inference-diagnostic-20260723T201803Z-5c6430b/pulled_previous/raw_outputs/adapter/ambik_128__predict_intent_v1.json.txt	70	d05d7e4e2a2fe112f9b746cb2fc4f7b3f9cb6159d6707517d267247f2feed34d
outputs/t12_cluster_jobs/t27d-inference-diagnostic-20260723T201803Z-5c6430b/pulled_previous/raw_outputs/adapter/ambik_128__predict_interpretations_v1.json.txt	107	4c49e2a66201e5b38f40d62739711204c80c605a7cc9a0f445a325a8e30cdffc
outputs/t12_cluster_jobs/t27d-inference-diagnostic-20260723T201803Z-5c6430b/pulled_previous/raw_outputs/adapter/ambik_128__predict_risk_capability_v1.json.txt	12	ab404931e59df358f5ef6353d707ad2ad7254cc9cb3208302952a2dbabf34779
outputs/t12_cluster_jobs/t27d-inference-diagnostic-20260723T201803Z-5c6430b/pulled_previous/raw_outputs/adapter/ambik_131__predict_ambiguity_v1.json.txt	83	21395266b8ad2193ddfd5593b74eb0572d30d9b61bfbd6f20f86c467ca948e8d
outputs/t12_cluster_jobs/t27d-inference-diagnostic-20260723T201803Z-5c6430b/pulled_previous/raw_outputs/adapter/ambik_131__predict_cpc_v1.json.txt	675	a13bdaaed1736084a81ec37bb6838eb12454b9a52b70588facb29191611248c4
outputs/t12_cluster_jobs/t27d-inference-diagnostic-20260723T201803Z-5c6430b/pulled_previous/raw_outputs/adapter/ambik_131__predict_intent_v1.json.txt	147	11dc671ad3f2f17b3f57764f09c4f8e94dbba72cf416e16926d174bcd4de5356
outputs/t12_cluster_jobs/t27d-inference-diagnostic-20260723T201803Z-5c6430b/pulled_previous/raw_outputs/adapter/ambik_131__predict_interpretations_v1.json.txt	289	f4d90d1ebb7cb28f9afa15563be9cf1395f8105049a088be2d4151ca190e004c
outputs/t12_cluster_jobs/t27d-inference-diagnostic-20260723T201803Z-5c6430b/pulled_previous/raw_outputs/adapter/ambik_131__predict_risk_capability_v1.json.txt	12	ab404931e59df358f5ef6353d707ad2ad7254cc9cb3208302952a2dbabf34779
outputs/t12_cluster_jobs/t27d-inference-diagnostic-20260723T201803Z-5c6430b/pulled_previous/raw_outputs/adapter/ambik_140__predict_ambiguity_v1.json.txt	83	21395266b8ad2193ddfd5593b74eb0572d30d9b61bfbd6f20f86c467ca948e8d
outputs/t12_cluster_jobs/t27d-inference-diagnostic-20260723T201803Z-5c6430b/pulled_previous/raw_outputs/adapter/ambik_140__predict_cpc_v1.json.txt	1135	1f1b5239178e757e9cebd2fc520c6561128c97336d810854a26d48acaf8f1c2f
outputs/t12_cluster_jobs/t27d-inference-diagnostic-20260723T201803Z-5c6430b/pulled_previous/raw_outputs/adapter/ambik_140__predict_intent_v1.json.txt	118	bf50d4c98621b588b71e1cf7e24b164fead2cb98fd628ecf7e1c22ec2e6be0b8
outputs/t12_cluster_jobs/t27d-inference-diagnostic-20260723T201803Z-5c6430b/pulled_previous/raw_outputs/adapter/ambik_140__predict_interpretations_v1.json.txt	155	a145e4a2f936dc723b9836a10cd8d11d03ce0df2e0d79797b1e8bafe10e9dcb6
outputs/t12_cluster_jobs/t27d-inference-diagnostic-20260723T201803Z-5c6430b/pulled_previous/raw_outputs/adapter/ambik_140__predict_risk_capability_v1.json.txt	12	ab404931e59df358f5ef6353d707ad2ad7254cc9cb3208302952a2dbabf34779
outputs/t12_cluster_jobs/t27d-inference-diagnostic-20260723T201803Z-5c6430b/pulled_previous/raw_outputs/adapter/ambik_148__predict_ambiguity_v1.json.txt	83	21395266b8ad2193ddfd5593b74eb0572d30d9b61bfbd6f20f86c467ca948e8d
outputs/t12_cluster_jobs/t27d-inference-diagnostic-20260723T201803Z-5c6430b/pulled_previous/raw_outputs/adapter/ambik_148__predict_cpc_v1.json.txt	655	96fab80545d22954778896e205014bca75fbc5068a4ff067b8db2f6d77c0b038
outputs/t12_cluster_jobs/t27d-inference-diagnostic-20260723T201803Z-5c6430b/pulled_previous/raw_outputs/adapter/ambik_148__predict_intent_v1.json.txt	74	4d54ce5e4212a50ce16ba4e78a7e798eb4aaa6313f9997c3ef77f9c0ee1ec596
outputs/t12_cluster_jobs/t27d-inference-diagnostic-20260723T201803Z-5c6430b/pulled_previous/raw_outputs/adapter/ambik_148__predict_interpretations_v1.json.txt	1333	2691ed6b812551d80f18cff19d78262d14514bee7a692035d8635f1d21ef1b4b
outputs/t12_cluster_jobs/t27d-inference-diagnostic-20260723T201803Z-5c6430b/pulled_previous/raw_outputs/adapter/ambik_148__predict_risk_capability_v1.json.txt	12	ab404931e59df358f5ef6353d707ad2ad7254cc9cb3208302952a2dbabf34779
outputs/t12_cluster_jobs/t27d-inference-diagnostic-20260723T201803Z-5c6430b/pulled_previous/raw_outputs/adapter/clara_0__predict_ambiguity_v1.json.txt	83	21395266b8ad2193ddfd5593b74eb0572d30d9b61bfbd6f20f86c467ca948e8d
outputs/t12_cluster_jobs/t27d-inference-diagnostic-20260723T201803Z-5c6430b/pulled_previous/raw_outputs/adapter/clara_0__predict_cpc_v1.json.txt	697	22266985629978a71a1b9217040e15d0182cb2a82e00a8b61dfea997aaf6bec0
outputs/t12_cluster_jobs/t27d-inference-diagnostic-20260723T201803Z-5c6430b/pulled_previous/raw_outputs/adapter/clara_0__predict_intent_v1.json.txt	92	2527724b8b7b6dd2ba8b72cc6051321dc4e55dfca4724fcea101ad61347aed96
outputs/t12_cluster_jobs/t27d-inference-diagnostic-20260723T201803Z-5c6430b/pulled_previous/raw_outputs/adapter/clara_0__predict_interpretations_v1.json.txt	180	31d3d8884f2f8ebe68c53146385e03ff8e7da700d2047c53c6d9e0f3c6e54d6f
outputs/t12_cluster_jobs/t27d-inference-diagnostic-20260723T201803Z-5c6430b/pulled_previous/raw_outputs/adapter/clara_0__predict_risk_capability_v1.json.txt	12	ab404931e59df358f5ef6353d707ad2ad7254cc9cb3208302952a2dbabf34779
outputs/t12_cluster_jobs/t27d-inference-diagnostic-20260723T201803Z-5c6430b/pulled_previous/raw_outputs/adapter/clara_1000__predict_ambiguity_v1.json.txt	83	21395266b8ad2193ddfd5593b74eb0572d30d9b61bfbd6f20f86c467ca948e8d
outputs/t12_cluster_jobs/t27d-inference-diagnostic-20260723T201803Z-5c6430b/pulled_previous/raw_outputs/adapter/clara_1000__predict_cpc_v1.json.txt	666	1532bd82f8ed7d86b3f93bb3439ace9fa565f4466f2fdf631336ac07fb50fe6c
outputs/t12_cluster_jobs/t27d-inference-diagnostic-20260723T201803Z-5c6430b/pulled_previous/raw_outputs/adapter/clara_1000__predict_intent_v1.json.txt	79	7d0b217534f48361fbc33b5c7ed2fdc40c6e0a709a603f0069abf7a1ae274bbd
outputs/t12_cluster_jobs/t27d-inference-diagnostic-20260723T201803Z-5c6430b/pulled_previous/raw_outputs/adapter/clara_1000__predict_interpretations_v1.json.txt	163	ac90f6908e26f02673223973ec541cea9e6c1d943f3ed405cd30c99d47e432de
outputs/t12_cluster_jobs/t27d-inference-diagnostic-20260723T201803Z-5c6430b/pulled_previous/raw_outputs/adapter/clara_1000__predict_risk_capability_v1.json.txt	12	ab404931e59df358f5ef6353d707ad2ad7254cc9cb3208302952a2dbabf34779
outputs/t12_cluster_jobs/t27d-inference-diagnostic-20260723T201803Z-5c6430b/pulled_previous/raw_outputs/adapter/clara_1081__predict_ambiguity_v1.json.txt	83	21395266b8ad2193ddfd5593b74eb0572d30d9b61bfbd6f20f86c467ca948e8d
outputs/t12_cluster_jobs/t27d-inference-diagnostic-20260723T201803Z-5c6430b/pulled_previous/raw_outputs/adapter/clara_1081__predict_cpc_v1.json.txt	642	1a865e36cac253b21dce07be43b1efc6692d87043cae2a141776976cc0380955
outputs/t12_cluster_jobs/t27d-inference-diagnostic-20260723T201803Z-5c6430b/pulled_previous/raw_outputs/adapter/clara_1081__predict_intent_v1.json.txt	60	2371fceff53712732f31d9c47a3009b657eee486aab3e16f21446608726d5aae
outputs/t12_cluster_jobs/t27d-inference-diagnostic-20260723T201803Z-5c6430b/pulled_previous/raw_outputs/adapter/clara_1081__predict_interpretations_v1.json.txt	97	728af47f9f040f88afb5234a627845fb9e07b985abbd7404cd2a32039d3303a9
outputs/t12_cluster_jobs/t27d-inference-diagnostic-20260723T201803Z-5c6430b/pulled_previous/raw_outputs/adapter/clara_1081__predict_risk_capability_v1.json.txt	12	ab404931e59df358f5ef6353d707ad2ad7254cc9cb3208302952a2dbabf34779
outputs/t12_cluster_jobs/t27d-inference-diagnostic-20260723T201803Z-5c6430b/pulled_previous/raw_outputs/adapter/codraw_icr_v2_10015__predict_ambiguity_v1.json.txt	83	21395266b8ad2193ddfd5593b74eb0572d30d9b61bfbd6f20f86c467ca948e8d
outputs/t12_cluster_jobs/t27d-inference-diagnostic-20260723T201803Z-5c6430b/pulled_previous/raw_outputs/adapter/codraw_icr_v2_10015__predict_cpc_v1.json.txt	608	51583d2007a478db4952f68b09741d8befb1614959781f14ea30e3a56f9d2869
outputs/t12_cluster_jobs/t27d-inference-diagnostic-20260723T201803Z-5c6430b/pulled_previous/raw_outputs/adapter/codraw_icr_v2_10015__predict_intent_v1.json.txt	96	7ae501f268e230769d719f9b40154e9ca92fb14d1cb14b25881eac7b87522440
outputs/t12_cluster_jobs/t27d-inference-diagnostic-20260723T201803Z-5c6430b/pulled_previous/raw_outputs/adapter/codraw_icr_v2_10015__predict_interpretations_v1.json.txt	83	6cb0002dc246c13d84fd329340a3b007c259f5d365ce5b3113825b5df402f4df
outputs/t12_cluster_jobs/t27d-inference-diagnostic-20260723T201803Z-5c6430b/pulled_previous/raw_outputs/adapter/codraw_icr_v2_10015__predict_risk_capability_v1.json.txt	12	ab404931e59df358f5ef6353d707ad2ad7254cc9cb3208302952a2dbabf34779
outputs/t12_cluster_jobs/t27d-inference-diagnostic-20260723T201803Z-5c6430b/pulled_previous/raw_outputs/adapter/codraw_icr_v2_1004__predict_ambiguity_v1.json.txt	83	21395266b8ad2193ddfd5593b74eb0572d30d9b61bfbd6f20f86c467ca948e8d
outputs/t12_cluster_jobs/t27d-inference-diagnostic-20260723T201803Z-5c6430b/pulled_previous/raw_outputs/adapter/codraw_icr_v2_1004__predict_cpc_v1.json.txt	641	ac46230d18304a3f434476f93a62a203fa27e49d1490f1781066c935a0891724
outputs/t12_cluster_jobs/t27d-inference-diagnostic-20260723T201803Z-5c6430b/pulled_previous/raw_outputs/adapter/codraw_icr_v2_1004__predict_intent_v1.json.txt	98	fdeab892e3268c90e5a77ae350d4c9f3efcbd8439a307ba1206971acf60db89d
outputs/t12_cluster_jobs/t27d-inference-diagnostic-20260723T201803Z-5c6430b/pulled_previous/raw_outputs/adapter/codraw_icr_v2_1004__predict_interpretations_v1.json.txt	172	bf6b5ae72cd9ab2ad8f28d71e215511eba009b2d8594f56e685c2c63448bc88d
outputs/t12_cluster_jobs/t27d-inference-diagnostic-20260723T201803Z-5c6430b/pulled_previous/raw_outputs/adapter/codraw_icr_v2_1004__predict_risk_capability_v1.json.txt	12	ab404931e59df358f5ef6353d707ad2ad7254cc9cb3208302952a2dbabf34779
outputs/t12_cluster_jobs/t27d-inference-diagnostic-20260723T201803Z-5c6430b/pulled_previous/raw_outputs/adapter/codraw_icr_v2_10054__predict_ambiguity_v1.json.txt	83	21395266b8ad2193ddfd5593b74eb0572d30d9b61bfbd6f20f86c467ca948e8d
outputs/t12_cluster_jobs/t27d-inference-diagnostic-20260723T201803Z-5c6430b/pulled_previous/raw_outputs/adapter/codraw_icr_v2_10054__predict_cpc_v1.json.txt	607	3d234f832a371f72ed5c170dea3e8e4d539682f8fbede346e8ef0aa6d44eebd2
outputs/t12_cluster_jobs/t27d-inference-diagnostic-20260723T201803Z-5c6430b/pulled_previous/raw_outputs/adapter/codraw_icr_v2_10054__predict_intent_v1.json.txt	139	47cb60041cadac38591ffea3b2ba662cff50f27bef0400fac96ada487485b9bc
outputs/t12_cluster_jobs/t27d-inference-diagnostic-20260723T201803Z-5c6430b/pulled_previous/raw_outputs/adapter/codraw_icr_v2_10054__predict_interpretations_v1.json.txt	83	6cb0002dc246c13d84fd329340a3b007c259f5d365ce5b3113825b5df402f4df
outputs/t12_cluster_jobs/t27d-inference-diagnostic-20260723T201803Z-5c6430b/pulled_previous/raw_outputs/adapter/codraw_icr_v2_10054__predict_risk_capability_v1.json.txt	12	ab404931e59df358f5ef6353d707ad2ad7254cc9cb3208302952a2dbabf34779
outputs/t12_cluster_jobs/t27d-inference-diagnostic-20260723T201803Z-5c6430b/pulled_previous/raw_outputs/adapter/indirect_requests_test_107__predict_ambiguity_v1.json.txt	83	21395266b8ad2193ddfd5593b74eb0572d30d9b61bfbd6f20f86c467ca948e8d
outputs/t12_cluster_jobs/t27d-inference-diagnostic-20260723T201803Z-5c6430b/pulled_previous/raw_outputs/adapter/indirect_requests_test_107__predict_cpc_v1.json.txt	605	9570bafe86740d67dbe78ab173e07bb6354ac7b197bd56955062ce21899ec5e5
outputs/t12_cluster_jobs/t27d-inference-diagnostic-20260723T201803Z-5c6430b/pulled_previous/raw_outputs/adapter/indirect_requests_test_107__predict_intent_v1.json.txt	87	0a0f5d5ae0c17e27215a9440c2b7845d634604fe0a82009917510692fdb13cf0
outputs/t12_cluster_jobs/t27d-inference-diagnostic-20260723T201803Z-5c6430b/pulled_previous/raw_outputs/adapter/indirect_requests_test_107__predict_interpretations_v1.json.txt	354	994802140b7f1a878423722cf5c1452b9ea743aae7f527591f1183bfff07e367
outputs/t12_cluster_jobs/t27d-inference-diagnostic-20260723T201803Z-5c6430b/pulled_previous/raw_outputs/adapter/indirect_requests_test_107__predict_risk_capability_v1.json.txt	12	ab404931e59df358f5ef6353d707ad2ad7254cc9cb3208302952a2dbabf34779
outputs/t12_cluster_jobs/t27d-inference-diagnostic-20260723T201803Z-5c6430b/pulled_previous/raw_outputs/adapter/indirect_requests_test_10__predict_ambiguity_v1.json.txt	83	21395266b8ad2193ddfd5593b74eb0572d30d9b61bfbd6f20f86c467ca948e8d
outputs/t12_cluster_jobs/t27d-inference-diagnostic-20260723T201803Z-5c6430b/pulled_previous/raw_outputs/adapter/indirect_requests_test_10__predict_cpc_v1.json.txt	607	3d234f832a371f72ed5c170dea3e8e4d539682f8fbede346e8ef0aa6d44eebd2
outputs/t12_cluster_jobs/t27d-inference-diagnostic-20260723T201803Z-5c6430b/pulled_previous/raw_outputs/adapter/indirect_requests_test_10__predict_intent_v1.json.txt	89	bc3eff38c9a7ba0f424d8262a9f4874a20d9dcb2327a47175136f2a9a04a2c6a
outputs/t12_cluster_jobs/t27d-inference-diagnostic-20260723T201803Z-5c6430b/pulled_previous/raw_outputs/adapter/indirect_requests_test_10__predict_interpretations_v1.json.txt	91	16aea13e77a4ea8d49384e86858ce94929fbf2b8b5b453468b44f5a39f6ff731
outputs/t12_cluster_jobs/t27d-inference-diagnostic-20260723T201803Z-5c6430b/pulled_previous/raw_outputs/adapter/indirect_requests_test_10__predict_risk_capability_v1.json.txt	12	ab404931e59df358f5ef6353d707ad2ad7254cc9cb3208302952a2dbabf34779
outputs/t12_cluster_jobs/t27d-inference-diagnostic-20260723T201803Z-5c6430b/pulled_previous/raw_outputs/adapter/indirect_requests_test_132__predict_ambiguity_v1.json.txt	83	21395266b8ad2193ddfd5593b74eb0572d30d9b61bfbd6f20f86c467ca948e8d
outputs/t12_cluster_jobs/t27d-inference-diagnostic-20260723T201803Z-5c6430b/pulled_previous/raw_outputs/adapter/indirect_requests_test_132__predict_cpc_v1.json.txt	607	3d234f832a371f72ed5c170dea3e8e4d539682f8fbede346e8ef0aa6d44eebd2
outputs/t12_cluster_jobs/t27d-inference-diagnostic-20260723T201803Z-5c6430b/pulled_previous/raw_outputs/adapter/indirect_requests_test_132__predict_intent_v1.json.txt	130	6da974d284f18183099dfcb317ab9ca5159e4de78092ec1fcfbf0d2787e777f0
outputs/t12_cluster_jobs/t27d-inference-diagnostic-20260723T201803Z-5c6430b/pulled_previous/raw_outputs/adapter/indirect_requests_test_132__predict_interpretations_v1.json.txt	354	994802140b7f1a878423722cf5c1452b9ea743aae7f527591f1183bfff07e367
outputs/t12_cluster_jobs/t27d-inference-diagnostic-20260723T201803Z-5c6430b/pulled_previous/raw_outputs/adapter/indirect_requests_test_132__predict_risk_capability_v1.json.txt	12	ab404931e59df358f5ef6353d707ad2ad7254cc9cb3208302952a2dbabf34779
outputs/t12_cluster_jobs/t27d-inference-diagnostic-20260723T201803Z-5c6430b/pulled_previous/raw_outputs/adapter/vague_0002_As_Good_As_It_Gets_00.01.24.159-00.01.25.124@0__predict_ambiguity_v1.json.txt	83	21395266b8ad2193ddfd5593b74eb0572d30d9b61bfbd6f20f86c467ca948e8d
outputs/t12_cluster_jobs/t27d-inference-diagnostic-20260723T201803Z-5c6430b/pulled_previous/raw_outputs/adapter/vague_0002_As_Good_As_It_Gets_00.01.24.159-00.01.25.124@0__predict_cpc_v1.json.txt	605	9570bafe86740d67dbe78ab173e07bb6354ac7b197bd56955062ce21899ec5e5
outputs/t12_cluster_jobs/t27d-inference-diagnostic-20260723T201803Z-5c6430b/pulled_previous/raw_outputs/adapter/vague_0002_As_Good_As_It_Gets_00.01.24.159-00.01.25.124@0__predict_intent_v1.json.txt	69	7f70adb51572c9e22cda034127906170315db6a1fc86f15862e87a8f4bbc134a
outputs/t12_cluster_jobs/t27d-inference-diagnostic-20260723T201803Z-5c6430b/pulled_previous/raw_outputs/adapter/vague_0002_As_Good_As_It_Gets_00.01.24.159-00.01.25.124@0__predict_interpretations_v1.json.txt	336	5dcf490a377e739e245f7c37d2f7107cb12d3535eea3ef12723076f10d288e36
outputs/t12_cluster_jobs/t27d-inference-diagnostic-20260723T201803Z-5c6430b/pulled_previous/raw_outputs/adapter/vague_0002_As_Good_As_It_Gets_00.01.24.159-00.01.25.124@0__predict_risk_capability_v1.json.txt	12	ab404931e59df358f5ef6353d707ad2ad7254cc9cb3208302952a2dbabf34779
outputs/t12_cluster_jobs/t27d-inference-diagnostic-20260723T201803Z-5c6430b/pulled_previous/raw_outputs/adapter/vague_0003_CASABLANCA_00.46.56.850-00.46.57.207@0__predict_ambiguity_v1.json.txt	83	21395266b8ad2193ddfd5593b74eb0572d30d9b61bfbd6f20f86c467ca948e8d
outputs/t12_cluster_jobs/t27d-inference-diagnostic-20260723T201803Z-5c6430b/pulled_previous/raw_outputs/adapter/vague_0003_CASABLANCA_00.46.56.850-00.46.57.207@0__predict_cpc_v1.json.txt	605	9570bafe86740d67dbe78ab173e07bb6354ac7b197bd56955062ce21899ec5e5
outputs/t12_cluster_jobs/t27d-inference-diagnostic-20260723T201803Z-5c6430b/pulled_previous/raw_outputs/adapter/vague_0003_CASABLANCA_00.46.56.850-00.46.57.207@0__predict_intent_v1.json.txt	65	4e16a1bf6c988428f93ee9c2eb31340a439fc102c12c83163d73978fd4c3a42c
outputs/t12_cluster_jobs/t27d-inference-diagnostic-20260723T201803Z-5c6430b/pulled_previous/raw_outputs/adapter/vague_0003_CASABLANCA_00.46.56.850-00.46.57.207@0__predict_interpretations_v1.json.txt	146	f601b6f6fc9c9993573a2bacb71962a7d96831b7e090ddba44ba8aebad10a4a9
outputs/t12_cluster_jobs/t27d-inference-diagnostic-20260723T201803Z-5c6430b/pulled_previous/raw_outputs/adapter/vague_0003_CASABLANCA_00.46.56.850-00.46.57.207@0__predict_risk_capability_v1.json.txt	12	ab404931e59df358f5ef6353d707ad2ad7254cc9cb3208302952a2dbabf34779
outputs/t12_cluster_jobs/t27d-inference-diagnostic-20260723T201803Z-5c6430b/pulled_previous/raw_outputs/adapter/vague_0004_Charade_00.31.56.950-00.32.00.287@0__predict_ambiguity_v1.json.txt	83	21395266b8ad2193ddfd5593b74eb0572d30d9b61bfbd6f20f86c467ca948e8d
outputs/t12_cluster_jobs/t27d-inference-diagnostic-20260723T201803Z-5c6430b/pulled_previous/raw_outputs/adapter/vague_0004_Charade_00.31.56.950-00.32.00.287@0__predict_cpc_v1.json.txt	605	9570bafe86740d67dbe78ab173e07bb6354ac7b197bd56955062ce21899ec5e5
outputs/t12_cluster_jobs/t27d-inference-diagnostic-20260723T201803Z-5c6430b/pulled_previous/raw_outputs/adapter/vague_0004_Charade_00.31.56.950-00.32.00.287@0__predict_intent_v1.json.txt	70	cd1118780c17fe72e127b44568d69e27b01e7e77695706dc4f73493addf1f5af
outputs/t12_cluster_jobs/t27d-inference-diagnostic-20260723T201803Z-5c6430b/pulled_previous/raw_outputs/adapter/vague_0004_Charade_00.31.56.950-00.32.00.287@0__predict_interpretations_v1.json.txt	125	103d60df812cdf5e15053bab128772812dd4fe39ef77f409d51b7f15949a5952
outputs/t12_cluster_jobs/t27d-inference-diagnostic-20260723T201803Z-5c6430b/pulled_previous/raw_outputs/adapter/vague_0004_Charade_00.31.56.950-00.32.00.287@0__predict_risk_capability_v1.json.txt	12	ab404931e59df358f5ef6353d707ad2ad7254cc9cb3208302952a2dbabf34779
outputs/t12_cluster_jobs/t27d-inference-diagnostic-20260723T201803Z-5c6430b/pulled_previous/raw_outputs/base/ambik_128__predict_ambiguity_v1.json.txt	82	453b8edb80f91d91b6f2b1b430d0e6133e91b47c3e00a3b9d3d8707b2450c0c3
outputs/t12_cluster_jobs/t27d-inference-diagnostic-20260723T201803Z-5c6430b/pulled_previous/raw_outputs/base/ambik_128__predict_cpc_v1.json.txt	1005	0ac51ba1fac27475ae0a3499df8990f59f7ef2a64c4cd78e9a12a0089f1040a9
outputs/t12_cluster_jobs/t27d-inference-diagnostic-20260723T201803Z-5c6430b/pulled_previous/raw_outputs/base/ambik_128__predict_intent_v1.json.txt	87	19115510d5b82b011ac862f21717bb107fbd59dac3183d4fee16618e07838e5a
outputs/t12_cluster_jobs/t27d-inference-diagnostic-20260723T201803Z-5c6430b/pulled_previous/raw_outputs/base/ambik_128__predict_interpretations_v1.json.txt	393	bc06d1ae4e14be0f592352d42c8b4168c566397272f595675394df3479e2999d
outputs/t12_cluster_jobs/t27d-inference-diagnostic-20260723T201803Z-5c6430b/pulled_previous/raw_outputs/base/ambik_128__predict_risk_capability_v1.json.txt	36	846d4ef786086210f8815e215f2d780dbbd42abdc788018454c871c16ff6dc89
outputs/t12_cluster_jobs/t27d-inference-diagnostic-20260723T201803Z-5c6430b/pulled_previous/raw_outputs/base/ambik_131__predict_ambiguity_v1.json.txt	82	453b8edb80f91d91b6f2b1b430d0e6133e91b47c3e00a3b9d3d8707b2450c0c3
outputs/t12_cluster_jobs/t27d-inference-diagnostic-20260723T201803Z-5c6430b/pulled_previous/raw_outputs/base/ambik_131__predict_cpc_v1.json.txt	1004	1dea27acd6eb28a773b57e61293382a7534a3906a5e884bb62316a5531c9d030
outputs/t12_cluster_jobs/t27d-inference-diagnostic-20260723T201803Z-5c6430b/pulled_previous/raw_outputs/base/ambik_131__predict_intent_v1.json.txt	152	c141fbab1f63f090b048767366e1a14ab23fc6eb395bf04dc6bcca048330b829
outputs/t12_cluster_jobs/t27d-inference-diagnostic-20260723T201803Z-5c6430b/pulled_previous/raw_outputs/base/ambik_131__predict_interpretations_v1.json.txt	508	19ad880239c8dc448aad6fc49818c82b29fdabf7a5b63aaf1bf2700c7bdae0ee
outputs/t12_cluster_jobs/t27d-inference-diagnostic-20260723T201803Z-5c6430b/pulled_previous/raw_outputs/base/ambik_131__predict_risk_capability_v1.json.txt	36	846d4ef786086210f8815e215f2d780dbbd42abdc788018454c871c16ff6dc89
outputs/t12_cluster_jobs/t27d-inference-diagnostic-20260723T201803Z-5c6430b/pulled_previous/raw_outputs/base/ambik_140__predict_ambiguity_v1.json.txt	82	453b8edb80f91d91b6f2b1b430d0e6133e91b47c3e00a3b9d3d8707b2450c0c3
outputs/t12_cluster_jobs/t27d-inference-diagnostic-20260723T201803Z-5c6430b/pulled_previous/raw_outputs/base/ambik_140__predict_cpc_v1.json.txt	1142	78957839b53267bfe9d14a96d969c192051ccab095647d941ec23e4dd4b20687
outputs/t12_cluster_jobs/t27d-inference-diagnostic-20260723T201803Z-5c6430b/pulled_previous/raw_outputs/base/ambik_140__predict_intent_v1.json.txt	137	e11ad3855c43dc8c981479840e37ef940cef0c91d2e8a006ea00cc598dd2c76d
outputs/t12_cluster_jobs/t27d-inference-diagnostic-20260723T201803Z-5c6430b/pulled_previous/raw_outputs/base/ambik_140__predict_interpretations_v1.json.txt	376	8a65b45cc047882a5d4614eb4e60816798b3f4da549b31a2ed6d8b9e05c7d735
outputs/t12_cluster_jobs/t27d-inference-diagnostic-20260723T201803Z-5c6430b/pulled_previous/raw_outputs/base/ambik_140__predict_risk_capability_v1.json.txt	36	846d4ef786086210f8815e215f2d780dbbd42abdc788018454c871c16ff6dc89
outputs/t12_cluster_jobs/t27d-inference-diagnostic-20260723T201803Z-5c6430b/pulled_previous/raw_outputs/base/ambik_148__predict_ambiguity_v1.json.txt	82	453b8edb80f91d91b6f2b1b430d0e6133e91b47c3e00a3b9d3d8707b2450c0c3
outputs/t12_cluster_jobs/t27d-inference-diagnostic-20260723T201803Z-5c6430b/pulled_previous/raw_outputs/base/ambik_148__predict_cpc_v1.json.txt	1041	fbb930461a3fd76b09dd771d407edd9a6cc8b7e465b536c64423e43fc105e73b
outputs/t12_cluster_jobs/t27d-inference-diagnostic-20260723T201803Z-5c6430b/pulled_previous/raw_outputs/base/ambik_148__predict_intent_v1.json.txt	120	50ec3509dcd485284e6042ea2c302ada2628394933b3df9b74990cc9dbf0e3c4
outputs/t12_cluster_jobs/t27d-inference-diagnostic-20260723T201803Z-5c6430b/pulled_previous/raw_outputs/base/ambik_148__predict_interpretations_v1.json.txt	388	c1f4066c81f2d7a08d93cfba02d846dc3231e0c3787afe775500d875a7c98752
outputs/t12_cluster_jobs/t27d-inference-diagnostic-20260723T201803Z-5c6430b/pulled_previous/raw_outputs/base/ambik_148__predict_risk_capability_v1.json.txt	36	846d4ef786086210f8815e215f2d780dbbd42abdc788018454c871c16ff6dc89
outputs/t12_cluster_jobs/t27d-inference-diagnostic-20260723T201803Z-5c6430b/pulled_previous/raw_outputs/base/clara_0__predict_ambiguity_v1.json.txt	120	f0edabb9a670db8846fbe7e4b606998894584ce29672555cd938e307bff11e83
outputs/t12_cluster_jobs/t27d-inference-diagnostic-20260723T201803Z-5c6430b/pulled_previous/raw_outputs/base/clara_0__predict_cpc_v1.json.txt	1029	f3b12f2ff1aab05ad6edd7c4cb986b393640e25b53490d81639a4b9526d0d92d
outputs/t12_cluster_jobs/t27d-inference-diagnostic-20260723T201803Z-5c6430b/pulled_previous/raw_outputs/base/clara_0__predict_intent_v1.json.txt	104	5b172e2d264a9f3e9f3ee9c9c94711b1b1b808a30d37871dd8708e2335e5f8ea
outputs/t12_cluster_jobs/t27d-inference-diagnostic-20260723T201803Z-5c6430b/pulled_previous/raw_outputs/base/clara_0__predict_interpretations_v1.json.txt	367	7972b94eb91e689e35fb084f7044bb8a08a228072131db72516429c65b035ba2
outputs/t12_cluster_jobs/t27d-inference-diagnostic-20260723T201803Z-5c6430b/pulled_previous/raw_outputs/base/clara_0__predict_risk_capability_v1.json.txt	34	c381b34e8b5ac854c7593dcd1f346ff98fc4ed00ae854cd652a2e709661928d7
outputs/t12_cluster_jobs/t27d-inference-diagnostic-20260723T201803Z-5c6430b/pulled_previous/raw_outputs/base/clara_1000__predict_ambiguity_v1.json.txt	108	1d520126bc7dbd5b7990b2367a378bab0241bf9e56db4f202f07abebcc68c55e
outputs/t12_cluster_jobs/t27d-inference-diagnostic-20260723T201803Z-5c6430b/pulled_previous/raw_outputs/base/clara_1000__predict_cpc_v1.json.txt	1005	9c1da5d0eda87194af34284c797ff9843b4f6689a8475618517ad0336a18d408
outputs/t12_cluster_jobs/t27d-inference-diagnostic-20260723T201803Z-5c6430b/pulled_previous/raw_outputs/base/clara_1000__predict_intent_v1.json.txt	91	26d46f6cdc5c168917bc0234f9e43ff8c4967fb21d5c6d14530ea003ffa2f56f
outputs/t12_cluster_jobs/t27d-inference-diagnostic-20260723T201803Z-5c6430b/pulled_previous/raw_outputs/base/clara_1000__predict_interpretations_v1.json.txt	341	2a182b88412d05bfd5a3d3ed51cd0a4f62adf11ea38436b5948ebc6518d9647f
outputs/t12_cluster_jobs/t27d-inference-diagnostic-20260723T201803Z-5c6430b/pulled_previous/raw_outputs/base/clara_1000__predict_risk_capability_v1.json.txt	36	846d4ef786086210f8815e215f2d780dbbd42abdc788018454c871c16ff6dc89
outputs/t12_cluster_jobs/t27d-inference-diagnostic-20260723T201803Z-5c6430b/pulled_previous/raw_outputs/base/clara_1081__predict_ambiguity_v1.json.txt	105	35dbffabca9cbfd9e28ff400db1ba449691f0b9f5ab97ab4a174d340430b2199
outputs/t12_cluster_jobs/t27d-inference-diagnostic-20260723T201803Z-5c6430b/pulled_previous/raw_outputs/base/clara_1081__predict_cpc_v1.json.txt	998	68fc73a9cb4b5ca3564443a3e64847b5a62000c1396968a4e40a060dcb61511e
outputs/t12_cluster_jobs/t27d-inference-diagnostic-20260723T201803Z-5c6430b/pulled_previous/raw_outputs/base/clara_1081__predict_intent_v1.json.txt	72	2e0d1a0bc347a6c5154f7231996f45e7cb091ef82c72ec0c577e6791202aff36
outputs/t12_cluster_jobs/t27d-inference-diagnostic-20260723T201803Z-5c6430b/pulled_previous/raw_outputs/base/clara_1081__predict_interpretations_v1.json.txt	355	aeb321d3f8d7efb9923572361576e6c5860c666f80e73c5869b2489447aafc59
outputs/t12_cluster_jobs/t27d-inference-diagnostic-20260723T201803Z-5c6430b/pulled_previous/raw_outputs/base/clara_1081__predict_risk_capability_v1.json.txt	34	c381b34e8b5ac854c7593dcd1f346ff98fc4ed00ae854cd652a2e709661928d7
outputs/t12_cluster_jobs/t27d-inference-diagnostic-20260723T201803Z-5c6430b/pulled_previous/raw_outputs/base/codraw_icr_v2_10015__predict_ambiguity_v1.json.txt	93	28e49e6394ab6635df14a13dc440a6da97e2027012d45359cfcc3694fc3f6555
outputs/t12_cluster_jobs/t27d-inference-diagnostic-20260723T201803Z-5c6430b/pulled_previous/raw_outputs/base/codraw_icr_v2_10015__predict_cpc_v1.json.txt	632	7bb272a99ce19e492a59a5d0fb219a0cb4ec6fc4fa41fe46041ce6bb2f2b557c
outputs/t12_cluster_jobs/t27d-inference-diagnostic-20260723T201803Z-5c6430b/pulled_previous/raw_outputs/base/codraw_icr_v2_10015__predict_intent_v1.json.txt	109	dc91d5c989fbe81ed2469e907a1efc2b48d4836eb0c58914269961a231f650df
outputs/t12_cluster_jobs/t27d-inference-diagnostic-20260723T201803Z-5c6430b/pulled_previous/raw_outputs/base/codraw_icr_v2_10015__predict_interpretations_v1.json.txt	215	5e1d7d9e5e918cb518abc59c7068bff633b62da6e7157810bac60c582a0ae5d4
outputs/t12_cluster_jobs/t27d-inference-diagnostic-20260723T201803Z-5c6430b/pulled_previous/raw_outputs/base/codraw_icr_v2_10015__predict_risk_capability_v1.json.txt	36	846d4ef786086210f8815e215f2d780dbbd42abdc788018454c871c16ff6dc89
outputs/t12_cluster_jobs/t27d-inference-diagnostic-20260723T201803Z-5c6430b/pulled_previous/raw_outputs/base/codraw_icr_v2_1004__predict_ambiguity_v1.json.txt	105	5f19c81b6c3e1facf7e08f2d6aa9df134a8086d110c2b36738ecfea81a0c1210
outputs/t12_cluster_jobs/t27d-inference-diagnostic-20260723T201803Z-5c6430b/pulled_previous/raw_outputs/base/codraw_icr_v2_1004__predict_cpc_v1.json.txt	1087	785a84312592d802ef19ce431577a5abb6a741006fa878b2a4d3121e68cfcaf8
outputs/t12_cluster_jobs/t27d-inference-diagnostic-20260723T201803Z-5c6430b/pulled_previous/raw_outputs/base/codraw_icr_v2_1004__predict_intent_v1.json.txt	121	45b0b62a8bca16e2ba2388deabbe0b6ba126d03383778c46f8062ad8b2047326
outputs/t12_cluster_jobs/t27d-inference-diagnostic-20260723T201803Z-5c6430b/pulled_previous/raw_outputs/base/codraw_icr_v2_1004__predict_interpretations_v1.json.txt	307	f70c1eed674cfd3aa9863d0840a0a16d02c975f7675dfcfa1faafc8690fdeebe
outputs/t12_cluster_jobs/t27d-inference-diagnostic-20260723T201803Z-5c6430b/pulled_previous/raw_outputs/base/codraw_icr_v2_1004__predict_risk_capability_v1.json.txt	36	846d4ef786086210f8815e215f2d780dbbd42abdc788018454c871c16ff6dc89
outputs/t12_cluster_jobs/t27d-inference-diagnostic-20260723T201803Z-5c6430b/pulled_previous/raw_outputs/base/codraw_icr_v2_10054__predict_ambiguity_v1.json.txt	105	5f19c81b6c3e1facf7e08f2d6aa9df134a8086d110c2b36738ecfea81a0c1210
outputs/t12_cluster_jobs/t27d-inference-diagnostic-20260723T201803Z-5c6430b/pulled_previous/raw_outputs/base/codraw_icr_v2_10054__predict_cpc_v1.json.txt	1029	5878a4f7150dedb1c540b97ff536b40e500ceea043a4fe66ca31cf7edf6ff7b2
outputs/t12_cluster_jobs/t27d-inference-diagnostic-20260723T201803Z-5c6430b/pulled_previous/raw_outputs/base/codraw_icr_v2_10054__predict_intent_v1.json.txt	140	eddabc3f417deeea22c3074ca9c5b82bdd387a4b2e02238d9c72c6c8c10cea44
outputs/t12_cluster_jobs/t27d-inference-diagnostic-20260723T201803Z-5c6430b/pulled_previous/raw_outputs/base/codraw_icr_v2_10054__predict_interpretations_v1.json.txt	239	05bd2c97b68cdee6e927b29775f32b867ec2a8013734fdd829d0bec9b41bf9e2
outputs/t12_cluster_jobs/t27d-inference-diagnostic-20260723T201803Z-5c6430b/pulled_previous/raw_outputs/base/codraw_icr_v2_10054__predict_risk_capability_v1.json.txt	35	5ff3cb35329fd1284446a4c3cc1310907e22d4eb70c51651b9ffe434b31d91e0
outputs/t12_cluster_jobs/t27d-inference-diagnostic-20260723T201803Z-5c6430b/pulled_previous/raw_outputs/base/indirect_requests_test_107__predict_ambiguity_v1.json.txt	108	ec2ac37d39424c7304df28df0f5b9c184d974616a62eda15fa956427fc6a08cc
outputs/t12_cluster_jobs/t27d-inference-diagnostic-20260723T201803Z-5c6430b/pulled_previous/raw_outputs/base/indirect_requests_test_107__predict_cpc_v1.json.txt	1023	e4aff8d1dcd9f84b53f926dd3e4440d549bd4d6b9bcf8b5b9484c980173142f5
outputs/t12_cluster_jobs/t27d-inference-diagnostic-20260723T201803Z-5c6430b/pulled_previous/raw_outputs/base/indirect_requests_test_107__predict_intent_v1.json.txt	120	e6451e5cc1de4861a1346f7f6fc894362d783048532a639f41725900035b48ea
outputs/t12_cluster_jobs/t27d-inference-diagnostic-20260723T201803Z-5c6430b/pulled_previous/raw_outputs/base/indirect_requests_test_107__predict_interpretations_v1.json.txt	185	700f6b5852191b78ccf402c1a798019d50e467aa0432a56b2827fcb41adb9eb7
outputs/t12_cluster_jobs/t27d-inference-diagnostic-20260723T201803Z-5c6430b/pulled_previous/raw_outputs/base/indirect_requests_test_107__predict_risk_capability_v1.json.txt	35	5ff3cb35329fd1284446a4c3cc1310907e22d4eb70c51651b9ffe434b31d91e0
outputs/t12_cluster_jobs/t27d-inference-diagnostic-20260723T201803Z-5c6430b/pulled_previous/raw_outputs/base/indirect_requests_test_10__predict_ambiguity_v1.json.txt	109	3d0a0d33c0f7dbb779771a4233234227d727fcd4fdc64e89d9eeaaa5d81a573e
outputs/t12_cluster_jobs/t27d-inference-diagnostic-20260723T201803Z-5c6430b/pulled_previous/raw_outputs/base/indirect_requests_test_10__predict_cpc_v1.json.txt	605	9570bafe86740d67dbe78ab173e07bb6354ac7b197bd56955062ce21899ec5e5
outputs/t12_cluster_jobs/t27d-inference-diagnostic-20260723T201803Z-5c6430b/pulled_previous/raw_outputs/base/indirect_requests_test_10__predict_intent_v1.json.txt	98	28257c0c63eb65a03687edb16dfafecdea20b4703ee3ec3f46f191cbfaa42c08
outputs/t12_cluster_jobs/t27d-inference-diagnostic-20260723T201803Z-5c6430b/pulled_previous/raw_outputs/base/indirect_requests_test_10__predict_interpretations_v1.json.txt	213	722c2f7186ce41c6191fd12e13869dcd629339ab3ae66961ec7d1249da02bc9f
outputs/t12_cluster_jobs/t27d-inference-diagnostic-20260723T201803Z-5c6430b/pulled_previous/raw_outputs/base/indirect_requests_test_10__predict_risk_capability_v1.json.txt	41	3ad5ea1a10d810cde40f4eb5407d3e7fa08beac3e650f3e65432f0a39149d2e5
outputs/t12_cluster_jobs/t27d-inference-diagnostic-20260723T201803Z-5c6430b/pulled_previous/raw_outputs/base/indirect_requests_test_132__predict_ambiguity_v1.json.txt	108	31f333c3a76925dd29300e313684a2da99c4da17c376a7e63467a875e9077ee2
outputs/t12_cluster_jobs/t27d-inference-diagnostic-20260723T201803Z-5c6430b/pulled_previous/raw_outputs/base/indirect_requests_test_132__predict_cpc_v1.json.txt	649	79b9deb49d04ebb79dd314b6dbe3d2c647ae0a7035d4d7f14775d899ebc28c2e
outputs/t12_cluster_jobs/t27d-inference-diagnostic-20260723T201803Z-5c6430b/pulled_previous/raw_outputs/base/indirect_requests_test_132__predict_intent_v1.json.txt	182	1c95618b25f9eacef1bd343880b22e6c5c173aaba397c6eabf63bd2932948ed6
outputs/t12_cluster_jobs/t27d-inference-diagnostic-20260723T201803Z-5c6430b/pulled_previous/raw_outputs/base/indirect_requests_test_132__predict_interpretations_v1.json.txt	258	51115c258a20e5aba0b33b496af9bc192ac2b07fddd3984507c1d312d076da58
outputs/t12_cluster_jobs/t27d-inference-diagnostic-20260723T201803Z-5c6430b/pulled_previous/raw_outputs/base/indirect_requests_test_132__predict_risk_capability_v1.json.txt	36	846d4ef786086210f8815e215f2d780dbbd42abdc788018454c871c16ff6dc89
outputs/t12_cluster_jobs/t27d-inference-diagnostic-20260723T201803Z-5c6430b/pulled_previous/raw_outputs/base/vague_0002_As_Good_As_It_Gets_00.01.24.159-00.01.25.124@0__predict_ambiguity_v1.json.txt	106	1bbc032d0b1954b5046dc3733558eddf79eb6e939b03f01d9a424ca10fbdeb37
outputs/t12_cluster_jobs/t27d-inference-diagnostic-20260723T201803Z-5c6430b/pulled_previous/raw_outputs/base/vague_0002_As_Good_As_It_Gets_00.01.24.159-00.01.25.124@0__predict_cpc_v1.json.txt	1045	8c82ae2edd9a3f0bace437e0ec1060a2798530b0cdf52a49ad795750036266f1
outputs/t12_cluster_jobs/t27d-inference-diagnostic-20260723T201803Z-5c6430b/pulled_previous/raw_outputs/base/vague_0002_As_Good_As_It_Gets_00.01.24.159-00.01.25.124@0__predict_intent_v1.json.txt	207	a593afaa0f2a5c4ca1c534b6f1824ca03293fe8ec4cfbac32d89e5371e9a91ba
outputs/t12_cluster_jobs/t27d-inference-diagnostic-20260723T201803Z-5c6430b/pulled_previous/raw_outputs/base/vague_0002_As_Good_As_It_Gets_00.01.24.159-00.01.25.124@0__predict_interpretations_v1.json.txt	207	7f2ea98505388044f1768b586b7723398a359f0cc53823d883219908113068ca
outputs/t12_cluster_jobs/t27d-inference-diagnostic-20260723T201803Z-5c6430b/pulled_previous/raw_outputs/base/vague_0002_As_Good_As_It_Gets_00.01.24.159-00.01.25.124@0__predict_risk_capability_v1.json.txt	41	3ad5ea1a10d810cde40f4eb5407d3e7fa08beac3e650f3e65432f0a39149d2e5
outputs/t12_cluster_jobs/t27d-inference-diagnostic-20260723T201803Z-5c6430b/pulled_previous/raw_outputs/base/vague_0003_CASABLANCA_00.46.56.850-00.46.57.207@0__predict_ambiguity_v1.json.txt	82	453b8edb80f91d91b6f2b1b430d0e6133e91b47c3e00a3b9d3d8707b2450c0c3
outputs/t12_cluster_jobs/t27d-inference-diagnostic-20260723T201803Z-5c6430b/pulled_previous/raw_outputs/base/vague_0003_CASABLANCA_00.46.56.850-00.46.57.207@0__predict_cpc_v1.json.txt	1095	8b4d8842a2c62e0df713737204e865d84548cf60e5e60fcb94728bea012dacf2
outputs/t12_cluster_jobs/t27d-inference-diagnostic-20260723T201803Z-5c6430b/pulled_previous/raw_outputs/base/vague_0003_CASABLANCA_00.46.56.850-00.46.57.207@0__predict_intent_v1.json.txt	72	0a25219e7319c5ab66d8869cc8240c438c3e1c0e69c870f5eacb08caa22000e3
outputs/t12_cluster_jobs/t27d-inference-diagnostic-20260723T201803Z-5c6430b/pulled_previous/raw_outputs/base/vague_0003_CASABLANCA_00.46.56.850-00.46.57.207@0__predict_interpretations_v1.json.txt	200	5971940b2c7167d8e9d07fbdc3201b0c8526c9f37e645df2b1fb7ba2068eb234
outputs/t12_cluster_jobs/t27d-inference-diagnostic-20260723T201803Z-5c6430b/pulled_previous/raw_outputs/base/vague_0003_CASABLANCA_00.46.56.850-00.46.57.207@0__predict_risk_capability_v1.json.txt	36	846d4ef786086210f8815e215f2d780dbbd42abdc788018454c871c16ff6dc89
outputs/t12_cluster_jobs/t27d-inference-diagnostic-20260723T201803Z-5c6430b/pulled_previous/raw_outputs/base/vague_0004_Charade_00.31.56.950-00.32.00.287@0__predict_ambiguity_v1.json.txt	106	1bbc032d0b1954b5046dc3733558eddf79eb6e939b03f01d9a424ca10fbdeb37
outputs/t12_cluster_jobs/t27d-inference-diagnostic-20260723T201803Z-5c6430b/pulled_previous/raw_outputs/base/vague_0004_Charade_00.31.56.950-00.32.00.287@0__predict_cpc_v1.json.txt	1097	426b4514a66daf89c729dfa23569812527b6d8c11653299cd4cbfa2f12b644c9
outputs/t12_cluster_jobs/t27d-inference-diagnostic-20260723T201803Z-5c6430b/pulled_previous/raw_outputs/base/vague_0004_Charade_00.31.56.950-00.32.00.287@0__predict_intent_v1.json.txt	108	869dc44775ad0625a3eeefbd865939e372a0f438d32e3e5b0d83682f3860ac3a
outputs/t12_cluster_jobs/t27d-inference-diagnostic-20260723T201803Z-5c6430b/pulled_previous/raw_outputs/base/vague_0004_Charade_00.31.56.950-00.32.00.287@0__predict_interpretations_v1.json.txt	194	11f29f47c2ce0ee2482e0a67b96b004f906d33e41af3130621dacd403814a8df
outputs/t12_cluster_jobs/t27d-inference-diagnostic-20260723T201803Z-5c6430b/pulled_previous/raw_outputs/base/vague_0004_Charade_00.31.56.950-00.32.00.287@0__predict_risk_capability_v1.json.txt	41	3ad5ea1a10d810cde40f4eb5407d3e7fa08beac3e650f3e65432f0a39149d2e5
outputs/t12_cluster_jobs/t27d-inference-diagnostic-20260723T201803Z-5c6430b/pulled_previous/run_manifest.json	151	b4e311f16a9148d1d4c6be7765c3900c4830030e314c5fc26eb3d49db641acab
outputs/t12_cluster_jobs/t27d-inference-diagnostic-20260723T201803Z-5c6430b/pulled_previous/t27d-inference-diagnostic-20260723T201803Z-5c6430b/assembly_results.json	387305	828840c910b29a7830b2b573404b9443e9d3151e34904e500a288506fa97a5ae
outputs/t12_cluster_jobs/t27d-inference-diagnostic-20260723T201803Z-5c6430b/pulled_previous/t27d-inference-diagnostic-20260723T201803Z-5c6430b/heartbeat.json	414	b0724604c4684ccb8bc2f2748596805f02ab2d0e8cd4461fa62b088bd2a67e22
outputs/t12_cluster_jobs/t27d-inference-diagnostic-20260723T201803Z-5c6430b/pulled_previous/t27d-inference-diagnostic-20260723T201803Z-5c6430b/prediction_journal.jsonl	123472	272584e38850374e9aff1921f12db62ac5a16c430aee481be04e30625db89375
outputs/t12_cluster_jobs/t27d-inference-diagnostic-20260723T201803Z-5c6430b/pulled_previous/t27d-inference-diagnostic-20260723T201803Z-5c6430b/qlora_task_conditioned_smoke_result.json	1485	5f35c0879bfad864a0627bd7ddf8d4b901456493d4bcc0e6a5496425e0a9929a
outputs/t12_cluster_jobs/t27d-inference-diagnostic-20260723T201803Z-5c6430b/pulled_previous/t27d-inference-diagnostic-20260723T201803Z-5c6430b/raw_outputs/adapter/ambik_128__predict_ambiguity_v1.json.txt	83	21395266b8ad2193ddfd5593b74eb0572d30d9b61bfbd6f20f86c467ca948e8d
outputs/t12_cluster_jobs/t27d-inference-diagnostic-20260723T201803Z-5c6430b/pulled_previous/t27d-inference-diagnostic-20260723T201803Z-5c6430b/raw_outputs/adapter/ambik_128__predict_cpc_v1.json.txt	651	941a3856e779fe19651442a85aa0132124ded617affd1f31f22eb815a8b939fc
outputs/t12_cluster_jobs/t27d-inference-diagnostic-20260723T201803Z-5c6430b/pulled_previous/t27d-inference-diagnostic-20260723T201803Z-5c6430b/raw_outputs/adapter/ambik_128__predict_intent_v1.json.txt	70	d05d7e4e2a2fe112f9b746cb2fc4f7b3f9cb6159d6707517d267247f2feed34d
outputs/t12_cluster_jobs/t27d-inference-diagnostic-20260723T201803Z-5c6430b/pulled_previous/t27d-inference-diagnostic-20260723T201803Z-5c6430b/raw_outputs/adapter/ambik_128__predict_interpretations_v1.json.txt	107	4c49e2a66201e5b38f40d62739711204c80c605a7cc9a0f445a325a8e30cdffc
outputs/t12_cluster_jobs/t27d-inference-diagnostic-20260723T201803Z-5c6430b/pulled_previous/t27d-inference-diagnostic-20260723T201803Z-5c6430b/raw_outputs/adapter/ambik_128__predict_risk_capability_v1.json.txt	12	ab404931e59df358f5ef6353d707ad2ad7254cc9cb3208302952a2dbabf34779
outputs/t12_cluster_jobs/t27d-inference-diagnostic-20260723T201803Z-5c6430b/pulled_previous/t27d-inference-diagnostic-20260723T201803Z-5c6430b/raw_outputs/adapter/ambik_131__predict_ambiguity_v1.json.txt	83	21395266b8ad2193ddfd5593b74eb0572d30d9b61bfbd6f20f86c467ca948e8d
outputs/t12_cluster_jobs/t27d-inference-diagnostic-20260723T201803Z-5c6430b/pulled_previous/t27d-inference-diagnostic-20260723T201803Z-5c6430b/raw_outputs/adapter/ambik_131__predict_cpc_v1.json.txt	675	a13bdaaed1736084a81ec37bb6838eb12454b9a52b70588facb29191611248c4
outputs/t12_cluster_jobs/t27d-inference-diagnostic-20260723T201803Z-5c6430b/pulled_previous/t27d-inference-diagnostic-20260723T201803Z-5c6430b/raw_outputs/adapter/ambik_131__predict_intent_v1.json.txt	147	11dc671ad3f2f17b3f57764f09c4f8e94dbba72cf416e16926d174bcd4de5356
outputs/t12_cluster_jobs/t27d-inference-diagnostic-20260723T201803Z-5c6430b/pulled_previous/t27d-inference-diagnostic-20260723T201803Z-5c6430b/raw_outputs/adapter/ambik_131__predict_interpretations_v1.json.txt	289	f4d90d1ebb7cb28f9afa15563be9cf1395f8105049a088be2d4151ca190e004c
outputs/t12_cluster_jobs/t27d-inference-diagnostic-20260723T201803Z-5c6430b/pulled_previous/t27d-inference-diagnostic-20260723T201803Z-5c6430b/raw_outputs/adapter/ambik_131__predict_risk_capability_v1.json.txt	12	ab404931e59df358f5ef6353d707ad2ad7254cc9cb3208302952a2dbabf34779
outputs/t12_cluster_jobs/t27d-inference-diagnostic-20260723T201803Z-5c6430b/pulled_previous/t27d-inference-diagnostic-20260723T201803Z-5c6430b/raw_outputs/adapter/ambik_140__predict_ambiguity_v1.json.txt	83	21395266b8ad2193ddfd5593b74eb0572d30d9b61bfbd6f20f86c467ca948e8d
outputs/t12_cluster_jobs/t27d-inference-diagnostic-20260723T201803Z-5c6430b/pulled_previous/t27d-inference-diagnostic-20260723T201803Z-5c6430b/raw_outputs/adapter/ambik_140__predict_cpc_v1.json.txt	1135	1f1b5239178e757e9cebd2fc520c6561128c97336d810854a26d48acaf8f1c2f
outputs/t12_cluster_jobs/t27d-inference-diagnostic-20260723T201803Z-5c6430b/pulled_previous/t27d-inference-diagnostic-20260723T201803Z-5c6430b/raw_outputs/adapter/ambik_140__predict_intent_v1.json.txt	118	bf50d4c98621b588b71e1cf7e24b164fead2cb98fd628ecf7e1c22ec2e6be0b8
outputs/t12_cluster_jobs/t27d-inference-diagnostic-20260723T201803Z-5c6430b/pulled_previous/t27d-inference-diagnostic-20260723T201803Z-5c6430b/raw_outputs/adapter/ambik_140__predict_interpretations_v1.json.txt	155	a145e4a2f936dc723b9836a10cd8d11d03ce0df2e0d79797b1e8bafe10e9dcb6
outputs/t12_cluster_jobs/t27d-inference-diagnostic-20260723T201803Z-5c6430b/pulled_previous/t27d-inference-diagnostic-20260723T201803Z-5c6430b/raw_outputs/adapter/ambik_140__predict_risk_capability_v1.json.txt	12	ab404931e59df358f5ef6353d707ad2ad7254cc9cb3208302952a2dbabf34779
outputs/t12_cluster_jobs/t27d-inference-diagnostic-20260723T201803Z-5c6430b/pulled_previous/t27d-inference-diagnostic-20260723T201803Z-5c6430b/raw_outputs/adapter/ambik_148__predict_ambiguity_v1.json.txt	83	21395266b8ad2193ddfd5593b74eb0572d30d9b61bfbd6f20f86c467ca948e8d
outputs/t12_cluster_jobs/t27d-inference-diagnostic-20260723T201803Z-5c6430b/pulled_previous/t27d-inference-diagnostic-20260723T201803Z-5c6430b/raw_outputs/adapter/ambik_148__predict_cpc_v1.json.txt	655	96fab80545d22954778896e205014bca75fbc5068a4ff067b8db2f6d77c0b038
outputs/t12_cluster_jobs/t27d-inference-diagnostic-20260723T201803Z-5c6430b/pulled_previous/t27d-inference-diagnostic-20260723T201803Z-5c6430b/raw_outputs/adapter/ambik_148__predict_intent_v1.json.txt	74	4d54ce5e4212a50ce16ba4e78a7e798eb4aaa6313f9997c3ef77f9c0ee1ec596
outputs/t12_cluster_jobs/t27d-inference-diagnostic-20260723T201803Z-5c6430b/pulled_previous/t27d-inference-diagnostic-20260723T201803Z-5c6430b/raw_outputs/adapter/ambik_148__predict_interpretations_v1.json.txt	1333	2691ed6b812551d80f18cff19d78262d14514bee7a692035d8635f1d21ef1b4b
outputs/t12_cluster_jobs/t27d-inference-diagnostic-20260723T201803Z-5c6430b/pulled_previous/t27d-inference-diagnostic-20260723T201803Z-5c6430b/raw_outputs/adapter/ambik_148__predict_risk_capability_v1.json.txt	12	ab404931e59df358f5ef6353d707ad2ad7254cc9cb3208302952a2dbabf34779
outputs/t12_cluster_jobs/t27d-inference-diagnostic-20260723T201803Z-5c6430b/pulled_previous/t27d-inference-diagnostic-20260723T201803Z-5c6430b/raw_outputs/adapter/clara_0__predict_ambiguity_v1.json.txt	83	21395266b8ad2193ddfd5593b74eb0572d30d9b61bfbd6f20f86c467ca948e8d
outputs/t12_cluster_jobs/t27d-inference-diagnostic-20260723T201803Z-5c6430b/pulled_previous/t27d-inference-diagnostic-20260723T201803Z-5c6430b/raw_outputs/adapter/clara_0__predict_cpc_v1.json.txt	697	22266985629978a71a1b9217040e15d0182cb2a82e00a8b61dfea997aaf6bec0
outputs/t12_cluster_jobs/t27d-inference-diagnostic-20260723T201803Z-5c6430b/pulled_previous/t27d-inference-diagnostic-20260723T201803Z-5c6430b/raw_outputs/adapter/clara_0__predict_intent_v1.json.txt	92	2527724b8b7b6dd2ba8b72cc6051321dc4e55dfca4724fcea101ad61347aed96
outputs/t12_cluster_jobs/t27d-inference-diagnostic-20260723T201803Z-5c6430b/pulled_previous/t27d-inference-diagnostic-20260723T201803Z-5c6430b/raw_outputs/adapter/clara_0__predict_interpretations_v1.json.txt	180	31d3d8884f2f8ebe68c53146385e03ff8e7da700d2047c53c6d9e0f3c6e54d6f
outputs/t12_cluster_jobs/t27d-inference-diagnostic-20260723T201803Z-5c6430b/pulled_previous/t27d-inference-diagnostic-20260723T201803Z-5c6430b/raw_outputs/adapter/clara_0__predict_risk_capability_v1.json.txt	12	ab404931e59df358f5ef6353d707ad2ad7254cc9cb3208302952a2dbabf34779
outputs/t12_cluster_jobs/t27d-inference-diagnostic-20260723T201803Z-5c6430b/pulled_previous/t27d-inference-diagnostic-20260723T201803Z-5c6430b/raw_outputs/adapter/clara_1000__predict_ambiguity_v1.json.txt	83	21395266b8ad2193ddfd5593b74eb0572d30d9b61bfbd6f20f86c467ca948e8d
outputs/t12_cluster_jobs/t27d-inference-diagnostic-20260723T201803Z-5c6430b/pulled_previous/t27d-inference-diagnostic-20260723T201803Z-5c6430b/raw_outputs/adapter/clara_1000__predict_cpc_v1.json.txt	666	1532bd82f8ed7d86b3f93bb3439ace9fa565f4466f2fdf631336ac07fb50fe6c
outputs/t12_cluster_jobs/t27d-inference-diagnostic-20260723T201803Z-5c6430b/pulled_previous/t27d-inference-diagnostic-20260723T201803Z-5c6430b/raw_outputs/adapter/clara_1000__predict_intent_v1.json.txt	79	7d0b217534f48361fbc33b5c7ed2fdc40c6e0a709a603f0069abf7a1ae274bbd
outputs/t12_cluster_jobs/t27d-inference-diagnostic-20260723T201803Z-5c6430b/pulled_previous/t27d-inference-diagnostic-20260723T201803Z-5c6430b/raw_outputs/adapter/clara_1000__predict_interpretations_v1.json.txt	163	ac90f6908e26f02673223973ec541cea9e6c1d943f3ed405cd30c99d47e432de
outputs/t12_cluster_jobs/t27d-inference-diagnostic-20260723T201803Z-5c6430b/pulled_previous/t27d-inference-diagnostic-20260723T201803Z-5c6430b/raw_outputs/adapter/clara_1000__predict_risk_capability_v1.json.txt	12	ab404931e59df358f5ef6353d707ad2ad7254cc9cb3208302952a2dbabf34779
outputs/t12_cluster_jobs/t27d-inference-diagnostic-20260723T201803Z-5c6430b/pulled_previous/t27d-inference-diagnostic-20260723T201803Z-5c6430b/raw_outputs/adapter/clara_1081__predict_ambiguity_v1.json.txt	83	21395266b8ad2193ddfd5593b74eb0572d30d9b61bfbd6f20f86c467ca948e8d
outputs/t12_cluster_jobs/t27d-inference-diagnostic-20260723T201803Z-5c6430b/pulled_previous/t27d-inference-diagnostic-20260723T201803Z-5c6430b/raw_outputs/adapter/clara_1081__predict_cpc_v1.json.txt	642	1a865e36cac253b21dce07be43b1efc6692d87043cae2a141776976cc0380955
outputs/t12_cluster_jobs/t27d-inference-diagnostic-20260723T201803Z-5c6430b/pulled_previous/t27d-inference-diagnostic-20260723T201803Z-5c6430b/raw_outputs/adapter/clara_1081__predict_intent_v1.json.txt	60	2371fceff53712732f31d9c47a3009b657eee486aab3e16f21446608726d5aae
outputs/t12_cluster_jobs/t27d-inference-diagnostic-20260723T201803Z-5c6430b/pulled_previous/t27d-inference-diagnostic-20260723T201803Z-5c6430b/raw_outputs/adapter/clara_1081__predict_interpretations_v1.json.txt	97	728af47f9f040f88afb5234a627845fb9e07b985abbd7404cd2a32039d3303a9
outputs/t12_cluster_jobs/t27d-inference-diagnostic-20260723T201803Z-5c6430b/pulled_previous/t27d-inference-diagnostic-20260723T201803Z-5c6430b/raw_outputs/adapter/clara_1081__predict_risk_capability_v1.json.txt	12	ab404931e59df358f5ef6353d707ad2ad7254cc9cb3208302952a2dbabf34779
outputs/t12_cluster_jobs/t27d-inference-diagnostic-20260723T201803Z-5c6430b/pulled_previous/t27d-inference-diagnostic-20260723T201803Z-5c6430b/raw_outputs/adapter/codraw_icr_v2_10015__predict_ambiguity_v1.json.txt	83	21395266b8ad2193ddfd5593b74eb0572d30d9b61bfbd6f20f86c467ca948e8d
outputs/t12_cluster_jobs/t27d-inference-diagnostic-20260723T201803Z-5c6430b/pulled_previous/t27d-inference-diagnostic-20260723T201803Z-5c6430b/raw_outputs/adapter/codraw_icr_v2_10015__predict_cpc_v1.json.txt	608	51583d2007a478db4952f68b09741d8befb1614959781f14ea30e3a56f9d2869
outputs/t12_cluster_jobs/t27d-inference-diagnostic-20260723T201803Z-5c6430b/pulled_previous/t27d-inference-diagnostic-20260723T201803Z-5c6430b/raw_outputs/adapter/codraw_icr_v2_10015__predict_intent_v1.json.txt	96	7ae501f268e230769d719f9b40154e9ca92fb14d1cb14b25881eac7b87522440
outputs/t12_cluster_jobs/t27d-inference-diagnostic-20260723T201803Z-5c6430b/pulled_previous/t27d-inference-diagnostic-20260723T201803Z-5c6430b/raw_outputs/adapter/codraw_icr_v2_10015__predict_interpretations_v1.json.txt	83	6cb0002dc246c13d84fd329340a3b007c259f5d365ce5b3113825b5df402f4df
outputs/t12_cluster_jobs/t27d-inference-diagnostic-20260723T201803Z-5c6430b/pulled_previous/t27d-inference-diagnostic-20260723T201803Z-5c6430b/raw_outputs/adapter/codraw_icr_v2_10015__predict_risk_capability_v1.json.txt	12	ab404931e59df358f5ef6353d707ad2ad7254cc9cb3208302952a2dbabf34779
outputs/t12_cluster_jobs/t27d-inference-diagnostic-20260723T201803Z-5c6430b/pulled_previous/t27d-inference-diagnostic-20260723T201803Z-5c6430b/raw_outputs/adapter/codraw_icr_v2_1004__predict_ambiguity_v1.json.txt	83	21395266b8ad2193ddfd5593b74eb0572d30d9b61bfbd6f20f86c467ca948e8d
outputs/t12_cluster_jobs/t27d-inference-diagnostic-20260723T201803Z-5c6430b/pulled_previous/t27d-inference-diagnostic-20260723T201803Z-5c6430b/raw_outputs/adapter/codraw_icr_v2_1004__predict_cpc_v1.json.txt	641	ac46230d18304a3f434476f93a62a203fa27e49d1490f1781066c935a0891724
outputs/t12_cluster_jobs/t27d-inference-diagnostic-20260723T201803Z-5c6430b/pulled_previous/t27d-inference-diagnostic-20260723T201803Z-5c6430b/raw_outputs/adapter/codraw_icr_v2_1004__predict_intent_v1.json.txt	98	fdeab892e3268c90e5a77ae350d4c9f3efcbd8439a307ba1206971acf60db89d
outputs/t12_cluster_jobs/t27d-inference-diagnostic-20260723T201803Z-5c6430b/pulled_previous/t27d-inference-diagnostic-20260723T201803Z-5c6430b/raw_outputs/adapter/codraw_icr_v2_1004__predict_interpretations_v1.json.txt	172	bf6b5ae72cd9ab2ad8f28d71e215511eba009b2d8594f56e685c2c63448bc88d
outputs/t12_cluster_jobs/t27d-inference-diagnostic-20260723T201803Z-5c6430b/pulled_previous/t27d-inference-diagnostic-20260723T201803Z-5c6430b/raw_outputs/adapter/codraw_icr_v2_1004__predict_risk_capability_v1.json.txt	12	ab404931e59df358f5ef6353d707ad2ad7254cc9cb3208302952a2dbabf34779
outputs/t12_cluster_jobs/t27d-inference-diagnostic-20260723T201803Z-5c6430b/pulled_previous/t27d-inference-diagnostic-20260723T201803Z-5c6430b/raw_outputs/adapter/codraw_icr_v2_10054__predict_ambiguity_v1.json.txt	83	21395266b8ad2193ddfd5593b74eb0572d30d9b61bfbd6f20f86c467ca948e8d
outputs/t12_cluster_jobs/t27d-inference-diagnostic-20260723T201803Z-5c6430b/pulled_previous/t27d-inference-diagnostic-20260723T201803Z-5c6430b/raw_outputs/adapter/codraw_icr_v2_10054__predict_cpc_v1.json.txt	607	3d234f832a371f72ed5c170dea3e8e4d539682f8fbede346e8ef0aa6d44eebd2
outputs/t12_cluster_jobs/t27d-inference-diagnostic-20260723T201803Z-5c6430b/pulled_previous/t27d-inference-diagnostic-20260723T201803Z-5c6430b/raw_outputs/adapter/codraw_icr_v2_10054__predict_intent_v1.json.txt	139	47cb60041cadac38591ffea3b2ba662cff50f27bef0400fac96ada487485b9bc
outputs/t12_cluster_jobs/t27d-inference-diagnostic-20260723T201803Z-5c6430b/pulled_previous/t27d-inference-diagnostic-20260723T201803Z-5c6430b/raw_outputs/adapter/codraw_icr_v2_10054__predict_interpretations_v1.json.txt	83	6cb0002dc246c13d84fd329340a3b007c259f5d365ce5b3113825b5df402f4df
outputs/t12_cluster_jobs/t27d-inference-diagnostic-20260723T201803Z-5c6430b/pulled_previous/t27d-inference-diagnostic-20260723T201803Z-5c6430b/raw_outputs/adapter/codraw_icr_v2_10054__predict_risk_capability_v1.json.txt	12	ab404931e59df358f5ef6353d707ad2ad7254cc9cb3208302952a2dbabf34779
outputs/t12_cluster_jobs/t27d-inference-diagnostic-20260723T201803Z-5c6430b/pulled_previous/t27d-inference-diagnostic-20260723T201803Z-5c6430b/raw_outputs/adapter/indirect_requests_test_107__predict_ambiguity_v1.json.txt	83	21395266b8ad2193ddfd5593b74eb0572d30d9b61bfbd6f20f86c467ca948e8d
outputs/t12_cluster_jobs/t27d-inference-diagnostic-20260723T201803Z-5c6430b/pulled_previous/t27d-inference-diagnostic-20260723T201803Z-5c6430b/raw_outputs/adapter/indirect_requests_test_107__predict_cpc_v1.json.txt	605	9570bafe86740d67dbe78ab173e07bb6354ac7b197bd56955062ce21899ec5e5
outputs/t12_cluster_jobs/t27d-inference-diagnostic-20260723T201803Z-5c6430b/pulled_previous/t27d-inference-diagnostic-20260723T201803Z-5c6430b/raw_outputs/adapter/indirect_requests_test_107__predict_intent_v1.json.txt	87	0a0f5d5ae0c17e27215a9440c2b7845d634604fe0a82009917510692fdb13cf0
outputs/t12_cluster_jobs/t27d-inference-diagnostic-20260723T201803Z-5c6430b/pulled_previous/t27d-inference-diagnostic-20260723T201803Z-5c6430b/raw_outputs/adapter/indirect_requests_test_107__predict_interpretations_v1.json.txt	354	994802140b7f1a878423722cf5c1452b9ea743aae7f527591f1183bfff07e367
outputs/t12_cluster_jobs/t27d-inference-diagnostic-20260723T201803Z-5c6430b/pulled_previous/t27d-inference-diagnostic-20260723T201803Z-5c6430b/raw_outputs/adapter/indirect_requests_test_107__predict_risk_capability_v1.json.txt	12	ab404931e59df358f5ef6353d707ad2ad7254cc9cb3208302952a2dbabf34779
outputs/t12_cluster_jobs/t27d-inference-diagnostic-20260723T201803Z-5c6430b/pulled_previous/t27d-inference-diagnostic-20260723T201803Z-5c6430b/raw_outputs/adapter/indirect_requests_test_10__predict_ambiguity_v1.json.txt	83	21395266b8ad2193ddfd5593b74eb0572d30d9b61bfbd6f20f86c467ca948e8d
outputs/t12_cluster_jobs/t27d-inference-diagnostic-20260723T201803Z-5c6430b/pulled_previous/t27d-inference-diagnostic-20260723T201803Z-5c6430b/raw_outputs/adapter/indirect_requests_test_10__predict_cpc_v1.json.txt	607	3d234f832a371f72ed5c170dea3e8e4d539682f8fbede346e8ef0aa6d44eebd2
outputs/t12_cluster_jobs/t27d-inference-diagnostic-20260723T201803Z-5c6430b/pulled_previous/t27d-inference-diagnostic-20260723T201803Z-5c6430b/raw_outputs/adapter/indirect_requests_test_10__predict_intent_v1.json.txt	89	bc3eff38c9a7ba0f424d8262a9f4874a20d9dcb2327a47175136f2a9a04a2c6a
outputs/t12_cluster_jobs/t27d-inference-diagnostic-20260723T201803Z-5c6430b/pulled_previous/t27d-inference-diagnostic-20260723T201803Z-5c6430b/raw_outputs/adapter/indirect_requests_test_10__predict_interpretations_v1.json.txt	91	16aea13e77a4ea8d49384e86858ce94929fbf2b8b5b453468b44f5a39f6ff731
outputs/t12_cluster_jobs/t27d-inference-diagnostic-20260723T201803Z-5c6430b/pulled_previous/t27d-inference-diagnostic-20260723T201803Z-5c6430b/raw_outputs/adapter/indirect_requests_test_10__predict_risk_capability_v1.json.txt	12	ab404931e59df358f5ef6353d707ad2ad7254cc9cb3208302952a2dbabf34779
outputs/t12_cluster_jobs/t27d-inference-diagnostic-20260723T201803Z-5c6430b/pulled_previous/t27d-inference-diagnostic-20260723T201803Z-5c6430b/raw_outputs/adapter/indirect_requests_test_132__predict_ambiguity_v1.json.txt	83	21395266b8ad2193ddfd5593b74eb0572d30d9b61bfbd6f20f86c467ca948e8d
outputs/t12_cluster_jobs/t27d-inference-diagnostic-20260723T201803Z-5c6430b/pulled_previous/t27d-inference-diagnostic-20260723T201803Z-5c6430b/raw_outputs/adapter/indirect_requests_test_132__predict_cpc_v1.json.txt	607	3d234f832a371f72ed5c170dea3e8e4d539682f8fbede346e8ef0aa6d44eebd2
outputs/t12_cluster_jobs/t27d-inference-diagnostic-20260723T201803Z-5c6430b/pulled_previous/t27d-inference-diagnostic-20260723T201803Z-5c6430b/raw_outputs/adapter/indirect_requests_test_132__predict_intent_v1.json.txt	130	6da974d284f18183099dfcb317ab9ca5159e4de78092ec1fcfbf0d2787e777f0
outputs/t12_cluster_jobs/t27d-inference-diagnostic-20260723T201803Z-5c6430b/pulled_previous/t27d-inference-diagnostic-20260723T201803Z-5c6430b/raw_outputs/adapter/indirect_requests_test_132__predict_interpretations_v1.json.txt	354	994802140b7f1a878423722cf5c1452b9ea743aae7f527591f1183bfff07e367
outputs/t12_cluster_jobs/t27d-inference-diagnostic-20260723T201803Z-5c6430b/pulled_previous/t27d-inference-diagnostic-20260723T201803Z-5c6430b/raw_outputs/adapter/indirect_requests_test_132__predict_risk_capability_v1.json.txt	12	ab404931e59df358f5ef6353d707ad2ad7254cc9cb3208302952a2dbabf34779
outputs/t12_cluster_jobs/t27d-inference-diagnostic-20260723T201803Z-5c6430b/pulled_previous/t27d-inference-diagnostic-20260723T201803Z-5c6430b/raw_outputs/adapter/vague_0002_As_Good_As_It_Gets_00.01.24.159-00.01.25.124@0__predict_ambiguity_v1.json.txt	83	21395266b8ad2193ddfd5593b74eb0572d30d9b61bfbd6f20f86c467ca948e8d
outputs/t12_cluster_jobs/t27d-inference-diagnostic-20260723T201803Z-5c6430b/pulled_previous/t27d-inference-diagnostic-20260723T201803Z-5c6430b/raw_outputs/adapter/vague_0002_As_Good_As_It_Gets_00.01.24.159-00.01.25.124@0__predict_cpc_v1.json.txt	605	9570bafe86740d67dbe78ab173e07bb6354ac7b197bd56955062ce21899ec5e5
outputs/t12_cluster_jobs/t27d-inference-diagnostic-20260723T201803Z-5c6430b/pulled_previous/t27d-inference-diagnostic-20260723T201803Z-5c6430b/raw_outputs/adapter/vague_0002_As_Good_As_It_Gets_00.01.24.159-00.01.25.124@0__predict_intent_v1.json.txt	69	7f70adb51572c9e22cda034127906170315db6a1fc86f15862e87a8f4bbc134a
outputs/t12_cluster_jobs/t27d-inference-diagnostic-20260723T201803Z-5c6430b/pulled_previous/t27d-inference-diagnostic-20260723T201803Z-5c6430b/raw_outputs/adapter/vague_0002_As_Good_As_It_Gets_00.01.24.159-00.01.25.124@0__predict_interpretations_v1.json.txt	336	5dcf490a377e739e245f7c37d2f7107cb12d3535eea3ef12723076f10d288e36
outputs/t12_cluster_jobs/t27d-inference-diagnostic-20260723T201803Z-5c6430b/pulled_previous/t27d-inference-diagnostic-20260723T201803Z-5c6430b/raw_outputs/adapter/vague_0002_As_Good_As_It_Gets_00.01.24.159-00.01.25.124@0__predict_risk_capability_v1.json.txt	12	ab404931e59df358f5ef6353d707ad2ad7254cc9cb3208302952a2dbabf34779
outputs/t12_cluster_jobs/t27d-inference-diagnostic-20260723T201803Z-5c6430b/pulled_previous/t27d-inference-diagnostic-20260723T201803Z-5c6430b/raw_outputs/adapter/vague_0003_CASABLANCA_00.46.56.850-00.46.57.207@0__predict_ambiguity_v1.json.txt	83	21395266b8ad2193ddfd5593b74eb0572d30d9b61bfbd6f20f86c467ca948e8d
outputs/t12_cluster_jobs/t27d-inference-diagnostic-20260723T201803Z-5c6430b/pulled_previous/t27d-inference-diagnostic-20260723T201803Z-5c6430b/raw_outputs/adapter/vague_0003_CASABLANCA_00.46.56.850-00.46.57.207@0__predict_cpc_v1.json.txt	605	9570bafe86740d67dbe78ab173e07bb6354ac7b197bd56955062ce21899ec5e5
outputs/t12_cluster_jobs/t27d-inference-diagnostic-20260723T201803Z-5c6430b/pulled_previous/t27d-inference-diagnostic-20260723T201803Z-5c6430b/raw_outputs/adapter/vague_0003_CASABLANCA_00.46.56.850-00.46.57.207@0__predict_intent_v1.json.txt	65	4e16a1bf6c988428f93ee9c2eb31340a439fc102c12c83163d73978fd4c3a42c
outputs/t12_cluster_jobs/t27d-inference-diagnostic-20260723T201803Z-5c6430b/pulled_previous/t27d-inference-diagnostic-20260723T201803Z-5c6430b/raw_outputs/adapter/vague_0003_CASABLANCA_00.46.56.850-00.46.57.207@0__predict_interpretations_v1.json.txt	146	f601b6f6fc9c9993573a2bacb71962a7d96831b7e090ddba44ba8aebad10a4a9
outputs/t12_cluster_jobs/t27d-inference-diagnostic-20260723T201803Z-5c6430b/pulled_previous/t27d-inference-diagnostic-20260723T201803Z-5c6430b/raw_outputs/adapter/vague_0003_CASABLANCA_00.46.56.850-00.46.57.207@0__predict_risk_capability_v1.json.txt	12	ab404931e59df358f5ef6353d707ad2ad7254cc9cb3208302952a2dbabf34779
outputs/t12_cluster_jobs/t27d-inference-diagnostic-20260723T201803Z-5c6430b/pulled_previous/t27d-inference-diagnostic-20260723T201803Z-5c6430b/raw_outputs/adapter/vague_0004_Charade_00.31.56.950-00.32.00.287@0__predict_ambiguity_v1.json.txt	83	21395266b8ad2193ddfd5593b74eb0572d30d9b61bfbd6f20f86c467ca948e8d
outputs/t12_cluster_jobs/t27d-inference-diagnostic-20260723T201803Z-5c6430b/pulled_previous/t27d-inference-diagnostic-20260723T201803Z-5c6430b/raw_outputs/adapter/vague_0004_Charade_00.31.56.950-00.32.00.287@0__predict_cpc_v1.json.txt	605	9570bafe86740d67dbe78ab173e07bb6354ac7b197bd56955062ce21899ec5e5
outputs/t12_cluster_jobs/t27d-inference-diagnostic-20260723T201803Z-5c6430b/pulled_previous/t27d-inference-diagnostic-20260723T201803Z-5c6430b/raw_outputs/adapter/vague_0004_Charade_00.31.56.950-00.32.00.287@0__predict_intent_v1.json.txt	70	cd1118780c17fe72e127b44568d69e27b01e7e77695706dc4f73493addf1f5af
outputs/t12_cluster_jobs/t27d-inference-diagnostic-20260723T201803Z-5c6430b/pulled_previous/t27d-inference-diagnostic-20260723T201803Z-5c6430b/raw_outputs/adapter/vague_0004_Charade_00.31.56.950-00.32.00.287@0__predict_interpretations_v1.json.txt	125	103d60df812cdf5e15053bab128772812dd4fe39ef77f409d51b7f15949a5952
outputs/t12_cluster_jobs/t27d-inference-diagnostic-20260723T201803Z-5c6430b/pulled_previous/t27d-inference-diagnostic-20260723T201803Z-5c6430b/raw_outputs/adapter/vague_0004_Charade_00.31.56.950-00.32.00.287@0__predict_risk_capability_v1.json.txt	12	ab404931e59df358f5ef6353d707ad2ad7254cc9cb3208302952a2dbabf34779
outputs/t12_cluster_jobs/t27d-inference-diagnostic-20260723T201803Z-5c6430b/pulled_previous/t27d-inference-diagnostic-20260723T201803Z-5c6430b/raw_outputs/base/ambik_128__predict_ambiguity_v1.json.txt	82	453b8edb80f91d91b6f2b1b430d0e6133e91b47c3e00a3b9d3d8707b2450c0c3
outputs/t12_cluster_jobs/t27d-inference-diagnostic-20260723T201803Z-5c6430b/pulled_previous/t27d-inference-diagnostic-20260723T201803Z-5c6430b/raw_outputs/base/ambik_128__predict_cpc_v1.json.txt	1005	0ac51ba1fac27475ae0a3499df8990f59f7ef2a64c4cd78e9a12a0089f1040a9
outputs/t12_cluster_jobs/t27d-inference-diagnostic-20260723T201803Z-5c6430b/pulled_previous/t27d-inference-diagnostic-20260723T201803Z-5c6430b/raw_outputs/base/ambik_128__predict_intent_v1.json.txt	87	19115510d5b82b011ac862f21717bb107fbd59dac3183d4fee16618e07838e5a
outputs/t12_cluster_jobs/t27d-inference-diagnostic-20260723T201803Z-5c6430b/pulled_previous/t27d-inference-diagnostic-20260723T201803Z-5c6430b/raw_outputs/base/ambik_128__predict_interpretations_v1.json.txt	393	bc06d1ae4e14be0f592352d42c8b4168c566397272f595675394df3479e2999d
outputs/t12_cluster_jobs/t27d-inference-diagnostic-20260723T201803Z-5c6430b/pulled_previous/t27d-inference-diagnostic-20260723T201803Z-5c6430b/raw_outputs/base/ambik_128__predict_risk_capability_v1.json.txt	36	846d4ef786086210f8815e215f2d780dbbd42abdc788018454c871c16ff6dc89
outputs/t12_cluster_jobs/t27d-inference-diagnostic-20260723T201803Z-5c6430b/pulled_previous/t27d-inference-diagnostic-20260723T201803Z-5c6430b/raw_outputs/base/ambik_131__predict_ambiguity_v1.json.txt	82	453b8edb80f91d91b6f2b1b430d0e6133e91b47c3e00a3b9d3d8707b2450c0c3
outputs/t12_cluster_jobs/t27d-inference-diagnostic-20260723T201803Z-5c6430b/pulled_previous/t27d-inference-diagnostic-20260723T201803Z-5c6430b/raw_outputs/base/ambik_131__predict_cpc_v1.json.txt	1004	1dea27acd6eb28a773b57e61293382a7534a3906a5e884bb62316a5531c9d030
outputs/t12_cluster_jobs/t27d-inference-diagnostic-20260723T201803Z-5c6430b/pulled_previous/t27d-inference-diagnostic-20260723T201803Z-5c6430b/raw_outputs/base/ambik_131__predict_intent_v1.json.txt	152	c141fbab1f63f090b048767366e1a14ab23fc6eb395bf04dc6bcca048330b829
outputs/t12_cluster_jobs/t27d-inference-diagnostic-20260723T201803Z-5c6430b/pulled_previous/t27d-inference-diagnostic-20260723T201803Z-5c6430b/raw_outputs/base/ambik_131__predict_interpretations_v1.json.txt	508	19ad880239c8dc448aad6fc49818c82b29fdabf7a5b63aaf1bf2700c7bdae0ee
outputs/t12_cluster_jobs/t27d-inference-diagnostic-20260723T201803Z-5c6430b/pulled_previous/t27d-inference-diagnostic-20260723T201803Z-5c6430b/raw_outputs/base/ambik_131__predict_risk_capability_v1.json.txt	36	846d4ef786086210f8815e215f2d780dbbd42abdc788018454c871c16ff6dc89
outputs/t12_cluster_jobs/t27d-inference-diagnostic-20260723T201803Z-5c6430b/pulled_previous/t27d-inference-diagnostic-20260723T201803Z-5c6430b/raw_outputs/base/ambik_140__predict_ambiguity_v1.json.txt	82	453b8edb80f91d91b6f2b1b430d0e6133e91b47c3e00a3b9d3d8707b2450c0c3
outputs/t12_cluster_jobs/t27d-inference-diagnostic-20260723T201803Z-5c6430b/pulled_previous/t27d-inference-diagnostic-20260723T201803Z-5c6430b/raw_outputs/base/ambik_140__predict_cpc_v1.json.txt	1142	78957839b53267bfe9d14a96d969c192051ccab095647d941ec23e4dd4b20687
outputs/t12_cluster_jobs/t27d-inference-diagnostic-20260723T201803Z-5c6430b/pulled_previous/t27d-inference-diagnostic-20260723T201803Z-5c6430b/raw_outputs/base/ambik_140__predict_intent_v1.json.txt	137	e11ad3855c43dc8c981479840e37ef940cef0c91d2e8a006ea00cc598dd2c76d
outputs/t12_cluster_jobs/t27d-inference-diagnostic-20260723T201803Z-5c6430b/pulled_previous/t27d-inference-diagnostic-20260723T201803Z-5c6430b/raw_outputs/base/ambik_140__predict_interpretations_v1.json.txt	376	8a65b45cc047882a5d4614eb4e60816798b3f4da549b31a2ed6d8b9e05c7d735
outputs/t12_cluster_jobs/t27d-inference-diagnostic-20260723T201803Z-5c6430b/pulled_previous/t27d-inference-diagnostic-20260723T201803Z-5c6430b/raw_outputs/base/ambik_140__predict_risk_capability_v1.json.txt	36	846d4ef786086210f8815e215f2d780dbbd42abdc788018454c871c16ff6dc89
outputs/t12_cluster_jobs/t27d-inference-diagnostic-20260723T201803Z-5c6430b/pulled_previous/t27d-inference-diagnostic-20260723T201803Z-5c6430b/raw_outputs/base/ambik_148__predict_ambiguity_v1.json.txt	82	453b8edb80f91d91b6f2b1b430d0e6133e91b47c3e00a3b9d3d8707b2450c0c3
outputs/t12_cluster_jobs/t27d-inference-diagnostic-20260723T201803Z-5c6430b/pulled_previous/t27d-inference-diagnostic-20260723T201803Z-5c6430b/raw_outputs/base/ambik_148__predict_cpc_v1.json.txt	1041	fbb930461a3fd76b09dd771d407edd9a6cc8b7e465b536c64423e43fc105e73b
outputs/t12_cluster_jobs/t27d-inference-diagnostic-20260723T201803Z-5c6430b/pulled_previous/t27d-inference-diagnostic-20260723T201803Z-5c6430b/raw_outputs/base/ambik_148__predict_intent_v1.json.txt	120	50ec3509dcd485284e6042ea2c302ada2628394933b3df9b74990cc9dbf0e3c4
outputs/t12_cluster_jobs/t27d-inference-diagnostic-20260723T201803Z-5c6430b/pulled_previous/t27d-inference-diagnostic-20260723T201803Z-5c6430b/raw_outputs/base/ambik_148__predict_interpretations_v1.json.txt	388	c1f4066c81f2d7a08d93cfba02d846dc3231e0c3787afe775500d875a7c98752
outputs/t12_cluster_jobs/t27d-inference-diagnostic-20260723T201803Z-5c6430b/pulled_previous/t27d-inference-diagnostic-20260723T201803Z-5c6430b/raw_outputs/base/ambik_148__predict_risk_capability_v1.json.txt	36	846d4ef786086210f8815e215f2d780dbbd42abdc788018454c871c16ff6dc89
outputs/t12_cluster_jobs/t27d-inference-diagnostic-20260723T201803Z-5c6430b/pulled_previous/t27d-inference-diagnostic-20260723T201803Z-5c6430b/raw_outputs/base/clara_0__predict_ambiguity_v1.json.txt	120	f0edabb9a670db8846fbe7e4b606998894584ce29672555cd938e307bff11e83
outputs/t12_cluster_jobs/t27d-inference-diagnostic-20260723T201803Z-5c6430b/pulled_previous/t27d-inference-diagnostic-20260723T201803Z-5c6430b/raw_outputs/base/clara_0__predict_cpc_v1.json.txt	1029	f3b12f2ff1aab05ad6edd7c4cb986b393640e25b53490d81639a4b9526d0d92d
outputs/t12_cluster_jobs/t27d-inference-diagnostic-20260723T201803Z-5c6430b/pulled_previous/t27d-inference-diagnostic-20260723T201803Z-5c6430b/raw_outputs/base/clara_0__predict_intent_v1.json.txt	104	5b172e2d264a9f3e9f3ee9c9c94711b1b1b808a30d37871dd8708e2335e5f8ea
outputs/t12_cluster_jobs/t27d-inference-diagnostic-20260723T201803Z-5c6430b/pulled_previous/t27d-inference-diagnostic-20260723T201803Z-5c6430b/raw_outputs/base/clara_0__predict_interpretations_v1.json.txt	367	7972b94eb91e689e35fb084f7044bb8a08a228072131db72516429c65b035ba2
outputs/t12_cluster_jobs/t27d-inference-diagnostic-20260723T201803Z-5c6430b/pulled_previous/t27d-inference-diagnostic-20260723T201803Z-5c6430b/raw_outputs/base/clara_0__predict_risk_capability_v1.json.txt	34	c381b34e8b5ac854c7593dcd1f346ff98fc4ed00ae854cd652a2e709661928d7
outputs/t12_cluster_jobs/t27d-inference-diagnostic-20260723T201803Z-5c6430b/pulled_previous/t27d-inference-diagnostic-20260723T201803Z-5c6430b/raw_outputs/base/clara_1000__predict_ambiguity_v1.json.txt	108	1d520126bc7dbd5b7990b2367a378bab0241bf9e56db4f202f07abebcc68c55e
outputs/t12_cluster_jobs/t27d-inference-diagnostic-20260723T201803Z-5c6430b/pulled_previous/t27d-inference-diagnostic-20260723T201803Z-5c6430b/raw_outputs/base/clara_1000__predict_cpc_v1.json.txt	1005	9c1da5d0eda87194af34284c797ff9843b4f6689a8475618517ad0336a18d408
outputs/t12_cluster_jobs/t27d-inference-diagnostic-20260723T201803Z-5c6430b/pulled_previous/t27d-inference-diagnostic-20260723T201803Z-5c6430b/raw_outputs/base/clara_1000__predict_intent_v1.json.txt	91	26d46f6cdc5c168917bc0234f9e43ff8c4967fb21d5c6d14530ea003ffa2f56f
outputs/t12_cluster_jobs/t27d-inference-diagnostic-20260723T201803Z-5c6430b/pulled_previous/t27d-inference-diagnostic-20260723T201803Z-5c6430b/raw_outputs/base/clara_1000__predict_interpretations_v1.json.txt	341	2a182b88412d05bfd5a3d3ed51cd0a4f62adf11ea38436b5948ebc6518d9647f
outputs/t12_cluster_jobs/t27d-inference-diagnostic-20260723T201803Z-5c6430b/pulled_previous/t27d-inference-diagnostic-20260723T201803Z-5c6430b/raw_outputs/base/clara_1000__predict_risk_capability_v1.json.txt	36	846d4ef786086210f8815e215f2d780dbbd42abdc788018454c871c16ff6dc89
outputs/t12_cluster_jobs/t27d-inference-diagnostic-20260723T201803Z-5c6430b/pulled_previous/t27d-inference-diagnostic-20260723T201803Z-5c6430b/raw_outputs/base/clara_1081__predict_ambiguity_v1.json.txt	105	35dbffabca9cbfd9e28ff400db1ba449691f0b9f5ab97ab4a174d340430b2199
outputs/t12_cluster_jobs/t27d-inference-diagnostic-20260723T201803Z-5c6430b/pulled_previous/t27d-inference-diagnostic-20260723T201803Z-5c6430b/raw_outputs/base/clara_1081__predict_cpc_v1.json.txt	998	68fc73a9cb4b5ca3564443a3e64847b5a62000c1396968a4e40a060dcb61511e
outputs/t12_cluster_jobs/t27d-inference-diagnostic-20260723T201803Z-5c6430b/pulled_previous/t27d-inference-diagnostic-20260723T201803Z-5c6430b/raw_outputs/base/clara_1081__predict_intent_v1.json.txt	72	2e0d1a0bc347a6c5154f7231996f45e7cb091ef82c72ec0c577e6791202aff36
outputs/t12_cluster_jobs/t27d-inference-diagnostic-20260723T201803Z-5c6430b/pulled_previous/t27d-inference-diagnostic-20260723T201803Z-5c6430b/raw_outputs/base/clara_1081__predict_interpretations_v1.json.txt	355	aeb321d3f8d7efb9923572361576e6c5860c666f80e73c5869b2489447aafc59
outputs/t12_cluster_jobs/t27d-inference-diagnostic-20260723T201803Z-5c6430b/pulled_previous/t27d-inference-diagnostic-20260723T201803Z-5c6430b/raw_outputs/base/clara_1081__predict_risk_capability_v1.json.txt	34	c381b34e8b5ac854c7593dcd1f346ff98fc4ed00ae854cd652a2e709661928d7
outputs/t12_cluster_jobs/t27d-inference-diagnostic-20260723T201803Z-5c6430b/pulled_previous/t27d-inference-diagnostic-20260723T201803Z-5c6430b/raw_outputs/base/codraw_icr_v2_10015__predict_ambiguity_v1.json.txt	93	28e49e6394ab6635df14a13dc440a6da97e2027012d45359cfcc3694fc3f6555
outputs/t12_cluster_jobs/t27d-inference-diagnostic-20260723T201803Z-5c6430b/pulled_previous/t27d-inference-diagnostic-20260723T201803Z-5c6430b/raw_outputs/base/codraw_icr_v2_10015__predict_cpc_v1.json.txt	632	7bb272a99ce19e492a59a5d0fb219a0cb4ec6fc4fa41fe46041ce6bb2f2b557c
outputs/t12_cluster_jobs/t27d-inference-diagnostic-20260723T201803Z-5c6430b/pulled_previous/t27d-inference-diagnostic-20260723T201803Z-5c6430b/raw_outputs/base/codraw_icr_v2_10015__predict_intent_v1.json.txt	109	dc91d5c989fbe81ed2469e907a1efc2b48d4836eb0c58914269961a231f650df
outputs/t12_cluster_jobs/t27d-inference-diagnostic-20260723T201803Z-5c6430b/pulled_previous/t27d-inference-diagnostic-20260723T201803Z-5c6430b/raw_outputs/base/codraw_icr_v2_10015__predict_interpretations_v1.json.txt	215	5e1d7d9e5e918cb518abc59c7068bff633b62da6e7157810bac60c582a0ae5d4
outputs/t12_cluster_jobs/t27d-inference-diagnostic-20260723T201803Z-5c6430b/pulled_previous/t27d-inference-diagnostic-20260723T201803Z-5c6430b/raw_outputs/base/codraw_icr_v2_10015__predict_risk_capability_v1.json.txt	36	846d4ef786086210f8815e215f2d780dbbd42abdc788018454c871c16ff6dc89
outputs/t12_cluster_jobs/t27d-inference-diagnostic-20260723T201803Z-5c6430b/pulled_previous/t27d-inference-diagnostic-20260723T201803Z-5c6430b/raw_outputs/base/codraw_icr_v2_1004__predict_ambiguity_v1.json.txt	105	5f19c81b6c3e1facf7e08f2d6aa9df134a8086d110c2b36738ecfea81a0c1210
outputs/t12_cluster_jobs/t27d-inference-diagnostic-20260723T201803Z-5c6430b/pulled_previous/t27d-inference-diagnostic-20260723T201803Z-5c6430b/raw_outputs/base/codraw_icr_v2_1004__predict_cpc_v1.json.txt	1087	785a84312592d802ef19ce431577a5abb6a741006fa878b2a4d3121e68cfcaf8
outputs/t12_cluster_jobs/t27d-inference-diagnostic-20260723T201803Z-5c6430b/pulled_previous/t27d-inference-diagnostic-20260723T201803Z-5c6430b/raw_outputs/base/codraw_icr_v2_1004__predict_intent_v1.json.txt	121	45b0b62a8bca16e2ba2388deabbe0b6ba126d03383778c46f8062ad8b2047326
outputs/t12_cluster_jobs/t27d-inference-diagnostic-20260723T201803Z-5c6430b/pulled_previous/t27d-inference-diagnostic-20260723T201803Z-5c6430b/raw_outputs/base/codraw_icr_v2_1004__predict_interpretations_v1.json.txt	307	f70c1eed674cfd3aa9863d0840a0a16d02c975f7675dfcfa1faafc8690fdeebe
outputs/t12_cluster_jobs/t27d-inference-diagnostic-20260723T201803Z-5c6430b/pulled_previous/t27d-inference-diagnostic-20260723T201803Z-5c6430b/raw_outputs/base/codraw_icr_v2_1004__predict_risk_capability_v1.json.txt	36	846d4ef786086210f8815e215f2d780dbbd42abdc788018454c871c16ff6dc89
outputs/t12_cluster_jobs/t27d-inference-diagnostic-20260723T201803Z-5c6430b/pulled_previous/t27d-inference-diagnostic-20260723T201803Z-5c6430b/raw_outputs/base/codraw_icr_v2_10054__predict_ambiguity_v1.json.txt	105	5f19c81b6c3e1facf7e08f2d6aa9df134a8086d110c2b36738ecfea81a0c1210
outputs/t12_cluster_jobs/t27d-inference-diagnostic-20260723T201803Z-5c6430b/pulled_previous/t27d-inference-diagnostic-20260723T201803Z-5c6430b/raw_outputs/base/codraw_icr_v2_10054__predict_cpc_v1.json.txt	1029	5878a4f7150dedb1c540b97ff536b40e500ceea043a4fe66ca31cf7edf6ff7b2
outputs/t12_cluster_jobs/t27d-inference-diagnostic-20260723T201803Z-5c6430b/pulled_previous/t27d-inference-diagnostic-20260723T201803Z-5c6430b/raw_outputs/base/codraw_icr_v2_10054__predict_intent_v1.json.txt	140	eddabc3f417deeea22c3074ca9c5b82bdd387a4b2e02238d9c72c6c8c10cea44
outputs/t12_cluster_jobs/t27d-inference-diagnostic-20260723T201803Z-5c6430b/pulled_previous/t27d-inference-diagnostic-20260723T201803Z-5c6430b/raw_outputs/base/codraw_icr_v2_10054__predict_interpretations_v1.json.txt	239	05bd2c97b68cdee6e927b29775f32b867ec2a8013734fdd829d0bec9b41bf9e2
outputs/t12_cluster_jobs/t27d-inference-diagnostic-20260723T201803Z-5c6430b/pulled_previous/t27d-inference-diagnostic-20260723T201803Z-5c6430b/raw_outputs/base/codraw_icr_v2_10054__predict_risk_capability_v1.json.txt	35	5ff3cb35329fd1284446a4c3cc1310907e22d4eb70c51651b9ffe434b31d91e0
outputs/t12_cluster_jobs/t27d-inference-diagnostic-20260723T201803Z-5c6430b/pulled_previous/t27d-inference-diagnostic-20260723T201803Z-5c6430b/raw_outputs/base/indirect_requests_test_107__predict_ambiguity_v1.json.txt	108	ec2ac37d39424c7304df28df0f5b9c184d974616a62eda15fa956427fc6a08cc
outputs/t12_cluster_jobs/t27d-inference-diagnostic-20260723T201803Z-5c6430b/pulled_previous/t27d-inference-diagnostic-20260723T201803Z-5c6430b/raw_outputs/base/indirect_requests_test_107__predict_cpc_v1.json.txt	1023	e4aff8d1dcd9f84b53f926dd3e4440d549bd4d6b9bcf8b5b9484c980173142f5
outputs/t12_cluster_jobs/t27d-inference-diagnostic-20260723T201803Z-5c6430b/pulled_previous/t27d-inference-diagnostic-20260723T201803Z-5c6430b/raw_outputs/base/indirect_requests_test_107__predict_intent_v1.json.txt	120	e6451e5cc1de4861a1346f7f6fc894362d783048532a639f41725900035b48ea
outputs/t12_cluster_jobs/t27d-inference-diagnostic-20260723T201803Z-5c6430b/pulled_previous/t27d-inference-diagnostic-20260723T201803Z-5c6430b/raw_outputs/base/indirect_requests_test_107__predict_interpretations_v1.json.txt	185	700f6b5852191b78ccf402c1a798019d50e467aa0432a56b2827fcb41adb9eb7
outputs/t12_cluster_jobs/t27d-inference-diagnostic-20260723T201803Z-5c6430b/pulled_previous/t27d-inference-diagnostic-20260723T201803Z-5c6430b/raw_outputs/base/indirect_requests_test_107__predict_risk_capability_v1.json.txt	35	5ff3cb35329fd1284446a4c3cc1310907e22d4eb70c51651b9ffe434b31d91e0
outputs/t12_cluster_jobs/t27d-inference-diagnostic-20260723T201803Z-5c6430b/pulled_previous/t27d-inference-diagnostic-20260723T201803Z-5c6430b/raw_outputs/base/indirect_requests_test_10__predict_ambiguity_v1.json.txt	109	3d0a0d33c0f7dbb779771a4233234227d727fcd4fdc64e89d9eeaaa5d81a573e
outputs/t12_cluster_jobs/t27d-inference-diagnostic-20260723T201803Z-5c6430b/pulled_previous/t27d-inference-diagnostic-20260723T201803Z-5c6430b/raw_outputs/base/indirect_requests_test_10__predict_cpc_v1.json.txt	605	9570bafe86740d67dbe78ab173e07bb6354ac7b197bd56955062ce21899ec5e5
outputs/t12_cluster_jobs/t27d-inference-diagnostic-20260723T201803Z-5c6430b/pulled_previous/t27d-inference-diagnostic-20260723T201803Z-5c6430b/raw_outputs/base/indirect_requests_test_10__predict_intent_v1.json.txt	98	28257c0c63eb65a03687edb16dfafecdea20b4703ee3ec3f46f191cbfaa42c08
outputs/t12_cluster_jobs/t27d-inference-diagnostic-20260723T201803Z-5c6430b/pulled_previous/t27d-inference-diagnostic-20260723T201803Z-5c6430b/raw_outputs/base/indirect_requests_test_10__predict_interpretations_v1.json.txt	213	722c2f7186ce41c6191fd12e13869dcd629339ab3ae66961ec7d1249da02bc9f
outputs/t12_cluster_jobs/t27d-inference-diagnostic-20260723T201803Z-5c6430b/pulled_previous/t27d-inference-diagnostic-20260723T201803Z-5c6430b/raw_outputs/base/indirect_requests_test_10__predict_risk_capability_v1.json.txt	41	3ad5ea1a10d810cde40f4eb5407d3e7fa08beac3e650f3e65432f0a39149d2e5
outputs/t12_cluster_jobs/t27d-inference-diagnostic-20260723T201803Z-5c6430b/pulled_previous/t27d-inference-diagnostic-20260723T201803Z-5c6430b/raw_outputs/base/indirect_requests_test_132__predict_ambiguity_v1.json.txt	108	31f333c3a76925dd29300e313684a2da99c4da17c376a7e63467a875e9077ee2
outputs/t12_cluster_jobs/t27d-inference-diagnostic-20260723T201803Z-5c6430b/pulled_previous/t27d-inference-diagnostic-20260723T201803Z-5c6430b/raw_outputs/base/indirect_requests_test_132__predict_cpc_v1.json.txt	649	79b9deb49d04ebb79dd314b6dbe3d2c647ae0a7035d4d7f14775d899ebc28c2e
outputs/t12_cluster_jobs/t27d-inference-diagnostic-20260723T201803Z-5c6430b/pulled_previous/t27d-inference-diagnostic-20260723T201803Z-5c6430b/raw_outputs/base/indirect_requests_test_132__predict_intent_v1.json.txt	182	1c95618b25f9eacef1bd343880b22e6c5c173aaba397c6eabf63bd2932948ed6
outputs/t12_cluster_jobs/t27d-inference-diagnostic-20260723T201803Z-5c6430b/pulled_previous/t27d-inference-diagnostic-20260723T201803Z-5c6430b/raw_outputs/base/indirect_requests_test_132__predict_interpretations_v1.json.txt	258	51115c258a20e5aba0b33b496af9bc192ac2b07fddd3984507c1d312d076da58
outputs/t12_cluster_jobs/t27d-inference-diagnostic-20260723T201803Z-5c6430b/pulled_previous/t27d-inference-diagnostic-20260723T201803Z-5c6430b/raw_outputs/base/indirect_requests_test_132__predict_risk_capability_v1.json.txt	36	846d4ef786086210f8815e215f2d780dbbd42abdc788018454c871c16ff6dc89
outputs/t12_cluster_jobs/t27d-inference-diagnostic-20260723T201803Z-5c6430b/pulled_previous/t27d-inference-diagnostic-20260723T201803Z-5c6430b/raw_outputs/base/vague_0002_As_Good_As_It_Gets_00.01.24.159-00.01.25.124@0__predict_ambiguity_v1.json.txt	106	1bbc032d0b1954b5046dc3733558eddf79eb6e939b03f01d9a424ca10fbdeb37
outputs/t12_cluster_jobs/t27d-inference-diagnostic-20260723T201803Z-5c6430b/pulled_previous/t27d-inference-diagnostic-20260723T201803Z-5c6430b/raw_outputs/base/vague_0002_As_Good_As_It_Gets_00.01.24.159-00.01.25.124@0__predict_cpc_v1.json.txt	1045	8c82ae2edd9a3f0bace437e0ec1060a2798530b0cdf52a49ad795750036266f1
outputs/t12_cluster_jobs/t27d-inference-diagnostic-20260723T201803Z-5c6430b/pulled_previous/t27d-inference-diagnostic-20260723T201803Z-5c6430b/raw_outputs/base/vague_0002_As_Good_As_It_Gets_00.01.24.159-00.01.25.124@0__predict_intent_v1.json.txt	207	a593afaa0f2a5c4ca1c534b6f1824ca03293fe8ec4cfbac32d89e5371e9a91ba
outputs/t12_cluster_jobs/t27d-inference-diagnostic-20260723T201803Z-5c6430b/pulled_previous/t27d-inference-diagnostic-20260723T201803Z-5c6430b/raw_outputs/base/vague_0002_As_Good_As_It_Gets_00.01.24.159-00.01.25.124@0__predict_interpretations_v1.json.txt	207	7f2ea98505388044f1768b586b7723398a359f0cc53823d883219908113068ca
outputs/t12_cluster_jobs/t27d-inference-diagnostic-20260723T201803Z-5c6430b/pulled_previous/t27d-inference-diagnostic-20260723T201803Z-5c6430b/raw_outputs/base/vague_0002_As_Good_As_It_Gets_00.01.24.159-00.01.25.124@0__predict_risk_capability_v1.json.txt	41	3ad5ea1a10d810cde40f4eb5407d3e7fa08beac3e650f3e65432f0a39149d2e5
outputs/t12_cluster_jobs/t27d-inference-diagnostic-20260723T201803Z-5c6430b/pulled_previous/t27d-inference-diagnostic-20260723T201803Z-5c6430b/raw_outputs/base/vague_0003_CASABLANCA_00.46.56.850-00.46.57.207@0__predict_ambiguity_v1.json.txt	82	453b8edb80f91d91b6f2b1b430d0e6133e91b47c3e00a3b9d3d8707b2450c0c3
outputs/t12_cluster_jobs/t27d-inference-diagnostic-20260723T201803Z-5c6430b/pulled_previous/t27d-inference-diagnostic-20260723T201803Z-5c6430b/raw_outputs/base/vague_0003_CASABLANCA_00.46.56.850-00.46.57.207@0__predict_cpc_v1.json.txt	1095	8b4d8842a2c62e0df713737204e865d84548cf60e5e60fcb94728bea012dacf2
outputs/t12_cluster_jobs/t27d-inference-diagnostic-20260723T201803Z-5c6430b/pulled_previous/t27d-inference-diagnostic-20260723T201803Z-5c6430b/raw_outputs/base/vague_0003_CASABLANCA_00.46.56.850-00.46.57.207@0__predict_intent_v1.json.txt	72	0a25219e7319c5ab66d8869cc8240c438c3e1c0e69c870f5eacb08caa22000e3
outputs/t12_cluster_jobs/t27d-inference-diagnostic-20260723T201803Z-5c6430b/pulled_previous/t27d-inference-diagnostic-20260723T201803Z-5c6430b/raw_outputs/base/vague_0003_CASABLANCA_00.46.56.850-00.46.57.207@0__predict_interpretations_v1.json.txt	200	5971940b2c7167d8e9d07fbdc3201b0c8526c9f37e645df2b1fb7ba2068eb234
outputs/t12_cluster_jobs/t27d-inference-diagnostic-20260723T201803Z-5c6430b/pulled_previous/t27d-inference-diagnostic-20260723T201803Z-5c6430b/raw_outputs/base/vague_0003_CASABLANCA_00.46.56.850-00.46.57.207@0__predict_risk_capability_v1.json.txt	36	846d4ef786086210f8815e215f2d780dbbd42abdc788018454c871c16ff6dc89
outputs/t12_cluster_jobs/t27d-inference-diagnostic-20260723T201803Z-5c6430b/pulled_previous/t27d-inference-diagnostic-20260723T201803Z-5c6430b/raw_outputs/base/vague_0004_Charade_00.31.56.950-00.32.00.287@0__predict_ambiguity_v1.json.txt	106	1bbc032d0b1954b5046dc3733558eddf79eb6e939b03f01d9a424ca10fbdeb37
outputs/t12_cluster_jobs/t27d-inference-diagnostic-20260723T201803Z-5c6430b/pulled_previous/t27d-inference-diagnostic-20260723T201803Z-5c6430b/raw_outputs/base/vague_0004_Charade_00.31.56.950-00.32.00.287@0__predict_cpc_v1.json.txt	1097	426b4514a66daf89c729dfa23569812527b6d8c11653299cd4cbfa2f12b644c9
outputs/t12_cluster_jobs/t27d-inference-diagnostic-20260723T201803Z-5c6430b/pulled_previous/t27d-inference-diagnostic-20260723T201803Z-5c6430b/raw_outputs/base/vague_0004_Charade_00.31.56.950-00.32.00.287@0__predict_intent_v1.json.txt	108	869dc44775ad0625a3eeefbd865939e372a0f438d32e3e5b0d83682f3860ac3a
outputs/t12_cluster_jobs/t27d-inference-diagnostic-20260723T201803Z-5c6430b/pulled_previous/t27d-inference-diagnostic-20260723T201803Z-5c6430b/raw_outputs/base/vague_0004_Charade_00.31.56.950-00.32.00.287@0__predict_interpretations_v1.json.txt	194	11f29f47c2ce0ee2482e0a67b96b004f906d33e41af3130621dacd403814a8df
outputs/t12_cluster_jobs/t27d-inference-diagnostic-20260723T201803Z-5c6430b/pulled_previous/t27d-inference-diagnostic-20260723T201803Z-5c6430b/raw_outputs/base/vague_0004_Charade_00.31.56.950-00.32.00.287@0__predict_risk_capability_v1.json.txt	41	3ad5ea1a10d810cde40f4eb5407d3e7fa08beac3e650f3e65432f0a39149d2e5
outputs/t12_cluster_jobs/t27d-inference-diagnostic-20260723T201803Z-5c6430b/pulled_previous/t27d-inference-diagnostic-20260723T201803Z-5c6430b/run_manifest.json	151	b4e311f16a9148d1d4c6be7765c3900c4830030e314c5fc26eb3d49db641acab
outputs/t12_cluster_jobs/t27d-inference-diagnostic-20260723T201803Z-5c6430b/pulled_previous/t27d-inference-diagnostic-20260723T201803Z-5c6430b/task_prediction_results.json	346764	f398c6a07aa9aca1630b7b61fd50a6899f6edf9b0f4528cb8d44ef8f4e2a804b
outputs/t12_cluster_jobs/t27d-inference-diagnostic-20260723T201803Z-5c6430b/pulled_previous/task_prediction_results.json	346764	f398c6a07aa9aca1630b7b61fd50a6899f6edf9b0f4528cb8d44ef8f4e2a804b
outputs/t12_cluster_jobs/t27d-inference-diagnostic-20260723T201803Z-5c6430b/remote_metadata.json	891	bf17402b23f648c8d34eb8e336dd3c154f7eff61008eabda462b873f537c433e
outputs/t12_cluster_jobs/t27d-inference-diagnostic-20260723T201803Z-5c6430b/source_identity_manifest.json	323	8469e71d2ca13e822c656cfb3dff88e745d38f264436372f2b446181a7229143
outputs/t12_cluster_jobs/t27d-inference-diagnostic-20260723T201803Z-5c6430b/submit.sbatch	3441	5507fec07581d86c1e5547643835f141321067b750c104cc7acf41f593aa4f82
outputs/t12_cluster_jobs/t27d-inference-diagnostic-20260723T201803Z-5c6430b/t12-5c6430b.tar.gz	231601464	a13e74c758ffdd74096cbb42f1b87db888ea90302a03628b84f830da3edce9ab
outputs/t12_cluster_jobs/t27d-inference-diagnostic-20260723T201803Z-5c6430b/verification.json	244	261db7f8d05ff9d24e70a8fb4df8948764d3b52a1be86b64950415cbe6d4c2c5
outputs/t12_cluster_jobs/t27d-inference-sealed-20260723T202830Z-5c6430b/pulled/assembly_results.json	300270	eeb796d92dd42b6e7ed2bfaee7ca50701494fde8c4f9e302a1734d7068fbef17
outputs/t12_cluster_jobs/t27d-inference-sealed-20260723T202830Z-5c6430b/pulled/heartbeat.json	427	3faa68ba6fd4b2ffe8758aadd4a42da213b0d7fad16035085e998f2477c2cbd1
outputs/t12_cluster_jobs/t27d-inference-sealed-20260723T202830Z-5c6430b/pulled/prediction_journal.jsonl	92044	827eec448e848223f8f4210d8a168b239d1b4220e4a26c9fea7f470bbba51114
outputs/t12_cluster_jobs/t27d-inference-sealed-20260723T202830Z-5c6430b/pulled/qlora_task_conditioned_smoke_result.json	1485	1d0b3aa7134b7b613e5791f93df20f18ec76ca74a561697a484c0014617a62fc
outputs/t12_cluster_jobs/t27d-inference-sealed-20260723T202830Z-5c6430b/pulled/raw_outputs/adapter/ambik_151__predict_ambiguity_v1.json.txt	83	21395266b8ad2193ddfd5593b74eb0572d30d9b61bfbd6f20f86c467ca948e8d
outputs/t12_cluster_jobs/t27d-inference-sealed-20260723T202830Z-5c6430b/pulled/raw_outputs/adapter/ambik_151__predict_cpc_v1.json.txt	613	65ddd6256cb94abc4f18c9d18cddc6cfbe4c6b5fbc17aad33417f18cbf03b595
outputs/t12_cluster_jobs/t27d-inference-sealed-20260723T202830Z-5c6430b/pulled/raw_outputs/adapter/ambik_151__predict_intent_v1.json.txt	84	a6b58f0e153e5fe1d930ac98690d54a0784ef03492846033e89d959dcc42d80c
outputs/t12_cluster_jobs/t27d-inference-sealed-20260723T202830Z-5c6430b/pulled/raw_outputs/adapter/ambik_151__predict_interpretations_v1.json.txt	202	820f05f2ed46f1535d5f0eb1d456bfe21035f084eaa4d0eee787b9911f7d050f
outputs/t12_cluster_jobs/t27d-inference-sealed-20260723T202830Z-5c6430b/pulled/raw_outputs/adapter/ambik_151__predict_risk_capability_v1.json.txt	12	ab404931e59df358f5ef6353d707ad2ad7254cc9cb3208302952a2dbabf34779
outputs/t12_cluster_jobs/t27d-inference-sealed-20260723T202830Z-5c6430b/pulled/raw_outputs/adapter/ambik_158__predict_ambiguity_v1.json.txt	83	21395266b8ad2193ddfd5593b74eb0572d30d9b61bfbd6f20f86c467ca948e8d
outputs/t12_cluster_jobs/t27d-inference-sealed-20260723T202830Z-5c6430b/pulled/raw_outputs/adapter/ambik_158__predict_cpc_v1.json.txt	702	4c35063edc740ccb5d4a8389131afeaca5b81630750a9eb830f569839e29394e
outputs/t12_cluster_jobs/t27d-inference-sealed-20260723T202830Z-5c6430b/pulled/raw_outputs/adapter/ambik_158__predict_intent_v1.json.txt	115	60c23e1ba6b95f6f3ee523612c336e22c3527178dc1207f215b1856f0d3a7441
outputs/t12_cluster_jobs/t27d-inference-sealed-20260723T202830Z-5c6430b/pulled/raw_outputs/adapter/ambik_158__predict_interpretations_v1.json.txt	174	467d1758b935356293472fc08852654cad9de358ed7f08bc1a8a6a23730c6338
outputs/t12_cluster_jobs/t27d-inference-sealed-20260723T202830Z-5c6430b/pulled/raw_outputs/adapter/ambik_158__predict_risk_capability_v1.json.txt	12	ab404931e59df358f5ef6353d707ad2ad7254cc9cb3208302952a2dbabf34779
outputs/t12_cluster_jobs/t27d-inference-sealed-20260723T202830Z-5c6430b/pulled/raw_outputs/adapter/clara_5165__predict_ambiguity_v1.json.txt	83	21395266b8ad2193ddfd5593b74eb0572d30d9b61bfbd6f20f86c467ca948e8d
outputs/t12_cluster_jobs/t27d-inference-sealed-20260723T202830Z-5c6430b/pulled/raw_outputs/adapter/clara_5165__predict_cpc_v1.json.txt	641	28d2571a3f3a7ab10a48ec20231242ae60ef05d44e75f8fa967528cd71f738cb
outputs/t12_cluster_jobs/t27d-inference-sealed-20260723T202830Z-5c6430b/pulled/raw_outputs/adapter/clara_5165__predict_intent_v1.json.txt	77	a3daa57208398df2c7df3fa107cfb9086b676f9db6253e5505b2a621e388c541
outputs/t12_cluster_jobs/t27d-inference-sealed-20260723T202830Z-5c6430b/pulled/raw_outputs/adapter/clara_5165__predict_interpretations_v1.json.txt	106	558acc44e1a5ee393fb5195a07efb79ec4e4f7977ae5303228a03087352c82ae
outputs/t12_cluster_jobs/t27d-inference-sealed-20260723T202830Z-5c6430b/pulled/raw_outputs/adapter/clara_5165__predict_risk_capability_v1.json.txt	12	ab404931e59df358f5ef6353d707ad2ad7254cc9cb3208302952a2dbabf34779
outputs/t12_cluster_jobs/t27d-inference-sealed-20260723T202830Z-5c6430b/pulled/raw_outputs/adapter/clara_5183__predict_ambiguity_v1.json.txt	83	21395266b8ad2193ddfd5593b74eb0572d30d9b61bfbd6f20f86c467ca948e8d
outputs/t12_cluster_jobs/t27d-inference-sealed-20260723T202830Z-5c6430b/pulled/raw_outputs/adapter/clara_5183__predict_cpc_v1.json.txt	639	a2dc906be2489df8da4f70d312208eb00fa851cdd65970fdadea1a632f03ca5b
outputs/t12_cluster_jobs/t27d-inference-sealed-20260723T202830Z-5c6430b/pulled/raw_outputs/adapter/clara_5183__predict_intent_v1.json.txt	57	037df4d2c69bf809f494fb776c03b28030ab2642b6e3794af615d29f2f3a2937
outputs/t12_cluster_jobs/t27d-inference-sealed-20260723T202830Z-5c6430b/pulled/raw_outputs/adapter/clara_5183__predict_interpretations_v1.json.txt	153	6692229e2d5702166da8ca60d8e34c01cf97fce13ed237ceee6d2f8202439419
outputs/t12_cluster_jobs/t27d-inference-sealed-20260723T202830Z-5c6430b/pulled/raw_outputs/adapter/clara_5183__predict_risk_capability_v1.json.txt	12	ab404931e59df358f5ef6353d707ad2ad7254cc9cb3208302952a2dbabf34779
outputs/t12_cluster_jobs/t27d-inference-sealed-20260723T202830Z-5c6430b/pulled/raw_outputs/adapter/codraw_icr_v2_10058__predict_ambiguity_v1.json.txt	83	21395266b8ad2193ddfd5593b74eb0572d30d9b61bfbd6f20f86c467ca948e8d
outputs/t12_cluster_jobs/t27d-inference-sealed-20260723T202830Z-5c6430b/pulled/raw_outputs/adapter/codraw_icr_v2_10058__predict_cpc_v1.json.txt	607	3d234f832a371f72ed5c170dea3e8e4d539682f8fbede346e8ef0aa6d44eebd2
outputs/t12_cluster_jobs/t27d-inference-sealed-20260723T202830Z-5c6430b/pulled/raw_outputs/adapter/codraw_icr_v2_10058__predict_intent_v1.json.txt	139	c2e5ee143e9d89ec7082afee5fba8b2723bcc2c34122b1d1dfa49a9668017493
outputs/t12_cluster_jobs/t27d-inference-sealed-20260723T202830Z-5c6430b/pulled/raw_outputs/adapter/codraw_icr_v2_10058__predict_interpretations_v1.json.txt	184	44debbece661bfa6689fccb497f2aa9b7ea9b1265ba844cc1d0a200cae42649c
outputs/t12_cluster_jobs/t27d-inference-sealed-20260723T202830Z-5c6430b/pulled/raw_outputs/adapter/codraw_icr_v2_10058__predict_risk_capability_v1.json.txt	12	ab404931e59df358f5ef6353d707ad2ad7254cc9cb3208302952a2dbabf34779
outputs/t12_cluster_jobs/t27d-inference-sealed-20260723T202830Z-5c6430b/pulled/raw_outputs/adapter/codraw_icr_v2_10066__predict_ambiguity_v1.json.txt	83	21395266b8ad2193ddfd5593b74eb0572d30d9b61bfbd6f20f86c467ca948e8d
outputs/t12_cluster_jobs/t27d-inference-sealed-20260723T202830Z-5c6430b/pulled/raw_outputs/adapter/codraw_icr_v2_10066__predict_cpc_v1.json.txt	608	51583d2007a478db4952f68b09741d8befb1614959781f14ea30e3a56f9d2869
outputs/t12_cluster_jobs/t27d-inference-sealed-20260723T202830Z-5c6430b/pulled/raw_outputs/adapter/codraw_icr_v2_10066__predict_intent_v1.json.txt	128	ebe5044d8c46dbc335c72af7950536ff1f734114a11c72ee574f1d30b080d0c3
outputs/t12_cluster_jobs/t27d-inference-sealed-20260723T202830Z-5c6430b/pulled/raw_outputs/adapter/codraw_icr_v2_10066__predict_interpretations_v1.json.txt	205	b5311cfc27a6c772a37229eb2fa1daf94f8af19cf5d47f881c0519c15df0e6e9
outputs/t12_cluster_jobs/t27d-inference-sealed-20260723T202830Z-5c6430b/pulled/raw_outputs/adapter/codraw_icr_v2_10066__predict_risk_capability_v1.json.txt	12	ab404931e59df358f5ef6353d707ad2ad7254cc9cb3208302952a2dbabf34779
outputs/t12_cluster_jobs/t27d-inference-sealed-20260723T202830Z-5c6430b/pulled/raw_outputs/adapter/codraw_icr_v2_10084__predict_ambiguity_v1.json.txt	83	21395266b8ad2193ddfd5593b74eb0572d30d9b61bfbd6f20f86c467ca948e8d
outputs/t12_cluster_jobs/t27d-inference-sealed-20260723T202830Z-5c6430b/pulled/raw_outputs/adapter/codraw_icr_v2_10084__predict_cpc_v1.json.txt	605	9570bafe86740d67dbe78ab173e07bb6354ac7b197bd56955062ce21899ec5e5
outputs/t12_cluster_jobs/t27d-inference-sealed-20260723T202830Z-5c6430b/pulled/raw_outputs/adapter/codraw_icr_v2_10084__predict_intent_v1.json.txt	163	ab0cb9a2d25f7198277f16979ed6973b6791b0d5f141d0c032404526e4c4ab48
outputs/t12_cluster_jobs/t27d-inference-sealed-20260723T202830Z-5c6430b/pulled/raw_outputs/adapter/codraw_icr_v2_10084__predict_interpretations_v1.json.txt	181	b74f1c6a559c08853d9a2e43e1076fd3706682d770643589bada8b4227044e7d
outputs/t12_cluster_jobs/t27d-inference-sealed-20260723T202830Z-5c6430b/pulled/raw_outputs/adapter/codraw_icr_v2_10084__predict_risk_capability_v1.json.txt	12	ab404931e59df358f5ef6353d707ad2ad7254cc9cb3208302952a2dbabf34779
outputs/t12_cluster_jobs/t27d-inference-sealed-20260723T202830Z-5c6430b/pulled/raw_outputs/adapter/indirect_requests_test_139__predict_ambiguity_v1.json.txt	83	21395266b8ad2193ddfd5593b74eb0572d30d9b61bfbd6f20f86c467ca948e8d
outputs/t12_cluster_jobs/t27d-inference-sealed-20260723T202830Z-5c6430b/pulled/raw_outputs/adapter/indirect_requests_test_139__predict_cpc_v1.json.txt	607	3d234f832a371f72ed5c170dea3e8e4d539682f8fbede346e8ef0aa6d44eebd2
outputs/t12_cluster_jobs/t27d-inference-sealed-20260723T202830Z-5c6430b/pulled/raw_outputs/adapter/indirect_requests_test_139__predict_intent_v1.json.txt	109	7d2d4db302a875b2a289685efb77bd71868ad5cae91edc5f701b38cfeaa1ad96
outputs/t12_cluster_jobs/t27d-inference-sealed-20260723T202830Z-5c6430b/pulled/raw_outputs/adapter/indirect_requests_test_139__predict_interpretations_v1.json.txt	570	bc8af02d3443a112176c6ff5f2a2a57adb0513101db05d747304bc0b3781ec5f
outputs/t12_cluster_jobs/t27d-inference-sealed-20260723T202830Z-5c6430b/pulled/raw_outputs/adapter/indirect_requests_test_139__predict_risk_capability_v1.json.txt	12	ab404931e59df358f5ef6353d707ad2ad7254cc9cb3208302952a2dbabf34779
outputs/t12_cluster_jobs/t27d-inference-sealed-20260723T202830Z-5c6430b/pulled/raw_outputs/adapter/indirect_requests_test_145__predict_ambiguity_v1.json.txt	83	21395266b8ad2193ddfd5593b74eb0572d30d9b61bfbd6f20f86c467ca948e8d
outputs/t12_cluster_jobs/t27d-inference-sealed-20260723T202830Z-5c6430b/pulled/raw_outputs/adapter/indirect_requests_test_145__predict_cpc_v1.json.txt	607	3d234f832a371f72ed5c170dea3e8e4d539682f8fbede346e8ef0aa6d44eebd2
outputs/t12_cluster_jobs/t27d-inference-sealed-20260723T202830Z-5c6430b/pulled/raw_outputs/adapter/indirect_requests_test_145__predict_intent_v1.json.txt	79	a57db1999ce67946c6067ccfd10871e6b2055068779c4efd80a11b514de203ff
outputs/t12_cluster_jobs/t27d-inference-sealed-20260723T202830Z-5c6430b/pulled/raw_outputs/adapter/indirect_requests_test_145__predict_interpretations_v1.json.txt	98	a189faeb6d1ceb11dedc859745dd2bcd8b9d5f480eaf7b3689f79fa7698afa94
outputs/t12_cluster_jobs/t27d-inference-sealed-20260723T202830Z-5c6430b/pulled/raw_outputs/adapter/indirect_requests_test_145__predict_risk_capability_v1.json.txt	12	ab404931e59df358f5ef6353d707ad2ad7254cc9cb3208302952a2dbabf34779
outputs/t12_cluster_jobs/t27d-inference-sealed-20260723T202830Z-5c6430b/pulled/raw_outputs/adapter/indirect_requests_test_148__predict_ambiguity_v1.json.txt	83	21395266b8ad2193ddfd5593b74eb0572d30d9b61bfbd6f20f86c467ca948e8d
outputs/t12_cluster_jobs/t27d-inference-sealed-20260723T202830Z-5c6430b/pulled/raw_outputs/adapter/indirect_requests_test_148__predict_cpc_v1.json.txt	605	9570bafe86740d67dbe78ab173e07bb6354ac7b197bd56955062ce21899ec5e5
outputs/t12_cluster_jobs/t27d-inference-sealed-20260723T202830Z-5c6430b/pulled/raw_outputs/adapter/indirect_requests_test_148__predict_intent_v1.json.txt	109	b73e861dc40c9ce09a3f2082127346568ab3cf95f1053e4a3935f77da122f7ef
outputs/t12_cluster_jobs/t27d-inference-sealed-20260723T202830Z-5c6430b/pulled/raw_outputs/adapter/indirect_requests_test_148__predict_interpretations_v1.json.txt	211	013ceba5de0c5960407575f5dca73d0b614c106c2d8f51ae5d293d7bf3f82ac7
outputs/t12_cluster_jobs/t27d-inference-sealed-20260723T202830Z-5c6430b/pulled/raw_outputs/adapter/indirect_requests_test_148__predict_risk_capability_v1.json.txt	12	ab404931e59df358f5ef6353d707ad2ad7254cc9cb3208302952a2dbabf34779
outputs/t12_cluster_jobs/t27d-inference-sealed-20260723T202830Z-5c6430b/pulled/raw_outputs/adapter/vague_0005_Chinatown_00.20.22.905-00.20.31.728@1__predict_ambiguity_v1.json.txt	83	21395266b8ad2193ddfd5593b74eb0572d30d9b61bfbd6f20f86c467ca948e8d
outputs/t12_cluster_jobs/t27d-inference-sealed-20260723T202830Z-5c6430b/pulled/raw_outputs/adapter/vague_0005_Chinatown_00.20.22.905-00.20.31.728@1__predict_cpc_v1.json.txt	607	3d234f832a371f72ed5c170dea3e8e4d539682f8fbede346e8ef0aa6d44eebd2
outputs/t12_cluster_jobs/t27d-inference-sealed-20260723T202830Z-5c6430b/pulled/raw_outputs/adapter/vague_0005_Chinatown_00.20.22.905-00.20.31.728@1__predict_intent_v1.json.txt	71	7955c6eb1d0c3e841f3173fd540a0d2b1ae7d5e11b1c6072ecd04ae235429bc2
outputs/t12_cluster_jobs/t27d-inference-sealed-20260723T202830Z-5c6430b/pulled/raw_outputs/adapter/vague_0005_Chinatown_00.20.22.905-00.20.31.728@1__predict_interpretations_v1.json.txt	1271	9273562dd6b5988fb6690628808327a5d8418d9e11d5924a0fa245b41a788b3d
outputs/t12_cluster_jobs/t27d-inference-sealed-20260723T202830Z-5c6430b/pulled/raw_outputs/adapter/vague_0005_Chinatown_00.20.22.905-00.20.31.728@1__predict_risk_capability_v1.json.txt	12	ab404931e59df358f5ef6353d707ad2ad7254cc9cb3208302952a2dbabf34779
outputs/t12_cluster_jobs/t27d-inference-sealed-20260723T202830Z-5c6430b/pulled/raw_outputs/adapter/vague_0007_DIE_NACHT_DES_JAEGERS_00.11.13.304-00.11.17.380@0__predict_ambiguity_v1.json.txt	83	21395266b8ad2193ddfd5593b74eb0572d30d9b61bfbd6f20f86c467ca948e8d
outputs/t12_cluster_jobs/t27d-inference-sealed-20260723T202830Z-5c6430b/pulled/raw_outputs/adapter/vague_0007_DIE_NACHT_DES_JAEGERS_00.11.13.304-00.11.17.380@0__predict_cpc_v1.json.txt	621	46af121a148fa5283d0cff07df5424c27349273675631c9e54212453e846c171
outputs/t12_cluster_jobs/t27d-inference-sealed-20260723T202830Z-5c6430b/pulled/raw_outputs/adapter/vague_0007_DIE_NACHT_DES_JAEGERS_00.11.13.304-00.11.17.380@0__predict_intent_v1.json.txt	107	36ee6f5b0c535914036d53e600eeefdfd75b05790d82b4a5234b3185301f8852
outputs/t12_cluster_jobs/t27d-inference-sealed-20260723T202830Z-5c6430b/pulled/raw_outputs/adapter/vague_0007_DIE_NACHT_DES_JAEGERS_00.11.13.304-00.11.17.380@0__predict_interpretations_v1.json.txt	1384	67011b07873dde6cc8174c952403cc7a7810ce250914be4957ddce2f37e4704d
outputs/t12_cluster_jobs/t27d-inference-sealed-20260723T202830Z-5c6430b/pulled/raw_outputs/adapter/vague_0007_DIE_NACHT_DES_JAEGERS_00.11.13.304-00.11.17.380@0__predict_risk_capability_v1.json.txt	12	ab404931e59df358f5ef6353d707ad2ad7254cc9cb3208302952a2dbabf34779
outputs/t12_cluster_jobs/t27d-inference-sealed-20260723T202830Z-5c6430b/pulled/raw_outputs/base/ambik_151__predict_ambiguity_v1.json.txt	108	1d520126bc7dbd5b7990b2367a378bab0241bf9e56db4f202f07abebcc68c55e
outputs/t12_cluster_jobs/t27d-inference-sealed-20260723T202830Z-5c6430b/pulled/raw_outputs/base/ambik_151__predict_cpc_v1.json.txt	1062	a943a3d30b4c1a0444a56d964f520f84171e42a5b81ac4d128b1fe3bcf18c9e5
outputs/t12_cluster_jobs/t27d-inference-sealed-20260723T202830Z-5c6430b/pulled/raw_outputs/base/ambik_151__predict_intent_v1.json.txt	86	279f029dc23acc96351d203eb631b0dc13ae1aa781be9701b29b357a89bccdf6
outputs/t12_cluster_jobs/t27d-inference-sealed-20260723T202830Z-5c6430b/pulled/raw_outputs/base/ambik_151__predict_interpretations_v1.json.txt	275	10927470e71b5d3f844098a91867bbeb4e82ff815510c56ac7bda2dc0c8e07a5
outputs/t12_cluster_jobs/t27d-inference-sealed-20260723T202830Z-5c6430b/pulled/raw_outputs/base/ambik_151__predict_risk_capability_v1.json.txt	36	846d4ef786086210f8815e215f2d780dbbd42abdc788018454c871c16ff6dc89
outputs/t12_cluster_jobs/t27d-inference-sealed-20260723T202830Z-5c6430b/pulled/raw_outputs/base/ambik_158__predict_ambiguity_v1.json.txt	82	453b8edb80f91d91b6f2b1b430d0e6133e91b47c3e00a3b9d3d8707b2450c0c3
outputs/t12_cluster_jobs/t27d-inference-sealed-20260723T202830Z-5c6430b/pulled/raw_outputs/base/ambik_158__predict_cpc_v1.json.txt	995	cde137f2c765bbcb00fa34834aee13337dc50e33e21da26d80e2726afb6fd9f9
outputs/t12_cluster_jobs/t27d-inference-sealed-20260723T202830Z-5c6430b/pulled/raw_outputs/base/ambik_158__predict_intent_v1.json.txt	132	3b4ae254f540776e113609a664a3f57b4608a0e036f28703bd94f173ac128374
outputs/t12_cluster_jobs/t27d-inference-sealed-20260723T202830Z-5c6430b/pulled/raw_outputs/base/ambik_158__predict_interpretations_v1.json.txt	245	5427ddc3e84e5e2423f2e18d0d80e94fb17deac9aa09014625fbf0d5dc5062f1
outputs/t12_cluster_jobs/t27d-inference-sealed-20260723T202830Z-5c6430b/pulled/raw_outputs/base/ambik_158__predict_risk_capability_v1.json.txt	36	846d4ef786086210f8815e215f2d780dbbd42abdc788018454c871c16ff6dc89
outputs/t12_cluster_jobs/t27d-inference-sealed-20260723T202830Z-5c6430b/pulled/raw_outputs/base/clara_5165__predict_ambiguity_v1.json.txt	120	f0edabb9a670db8846fbe7e4b606998894584ce29672555cd938e307bff11e83
outputs/t12_cluster_jobs/t27d-inference-sealed-20260723T202830Z-5c6430b/pulled/raw_outputs/base/clara_5165__predict_cpc_v1.json.txt	1064	7f9a3ad006bfbc0fc281b47868ed77de0107ecfcc5f1ce13adba8c9972973569
outputs/t12_cluster_jobs/t27d-inference-sealed-20260723T202830Z-5c6430b/pulled/raw_outputs/base/clara_5165__predict_intent_v1.json.txt	79	431dd31d8da7a8bc39835dda340b69884be5e13f6978d6e87a5dece70b358e87
outputs/t12_cluster_jobs/t27d-inference-sealed-20260723T202830Z-5c6430b/pulled/raw_outputs/base/clara_5165__predict_interpretations_v1.json.txt	216	d4d7d5d2b379024c4ec03d85a14d083559ccfd7deb0f10b4d55bc8aeb8cfca9b
outputs/t12_cluster_jobs/t27d-inference-sealed-20260723T202830Z-5c6430b/pulled/raw_outputs/base/clara_5165__predict_risk_capability_v1.json.txt	34	c381b34e8b5ac854c7593dcd1f346ff98fc4ed00ae854cd652a2e709661928d7
outputs/t12_cluster_jobs/t27d-inference-sealed-20260723T202830Z-5c6430b/pulled/raw_outputs/base/clara_5183__predict_ambiguity_v1.json.txt	120	f0edabb9a670db8846fbe7e4b606998894584ce29672555cd938e307bff11e83
outputs/t12_cluster_jobs/t27d-inference-sealed-20260723T202830Z-5c6430b/pulled/raw_outputs/base/clara_5183__predict_cpc_v1.json.txt	1056	da6cb7c931f56aa40301264f88c8f6065e3d289c5ab2d5a5105870e526da75b4
outputs/t12_cluster_jobs/t27d-inference-sealed-20260723T202830Z-5c6430b/pulled/raw_outputs/base/clara_5183__predict_intent_v1.json.txt	64	89b938e08193b0838dd6ec522d91bb0635b529ef6260619b2f31307d8c9b8582
outputs/t12_cluster_jobs/t27d-inference-sealed-20260723T202830Z-5c6430b/pulled/raw_outputs/base/clara_5183__predict_interpretations_v1.json.txt	381	77f7b5ef3f9bcb9cfcbaa0e55fd888554541db605426c5e2bab00aa159bb5db6
outputs/t12_cluster_jobs/t27d-inference-sealed-20260723T202830Z-5c6430b/pulled/raw_outputs/base/clara_5183__predict_risk_capability_v1.json.txt	41	3ad5ea1a10d810cde40f4eb5407d3e7fa08beac3e650f3e65432f0a39149d2e5
outputs/t12_cluster_jobs/t27d-inference-sealed-20260723T202830Z-5c6430b/pulled/raw_outputs/base/codraw_icr_v2_10058__predict_ambiguity_v1.json.txt	120	f0edabb9a670db8846fbe7e4b606998894584ce29672555cd938e307bff11e83
outputs/t12_cluster_jobs/t27d-inference-sealed-20260723T202830Z-5c6430b/pulled/raw_outputs/base/codraw_icr_v2_10058__predict_cpc_v1.json.txt	632	51339ef7ae782d5aabc765967566f8f69e0df46dd3cb1012bf9feac67d327325
outputs/t12_cluster_jobs/t27d-inference-sealed-20260723T202830Z-5c6430b/pulled/raw_outputs/base/codraw_icr_v2_10058__predict_intent_v1.json.txt	144	5d67abfe46dc7b73e9e0b4e270f55fc57c40d81a2bb1de14748690dfe0f1ad70
outputs/t12_cluster_jobs/t27d-inference-sealed-20260723T202830Z-5c6430b/pulled/raw_outputs/base/codraw_icr_v2_10058__predict_interpretations_v1.json.txt	434	1f3fd03e18536137eb7cb5b7e1162d91cfef8810d5de86497fbf6f46a1d9452a
outputs/t12_cluster_jobs/t27d-inference-sealed-20260723T202830Z-5c6430b/pulled/raw_outputs/base/codraw_icr_v2_10058__predict_risk_capability_v1.json.txt	36	846d4ef786086210f8815e215f2d780dbbd42abdc788018454c871c16ff6dc89
outputs/t12_cluster_jobs/t27d-inference-sealed-20260723T202830Z-5c6430b/pulled/raw_outputs/base/codraw_icr_v2_10066__predict_ambiguity_v1.json.txt	120	f0edabb9a670db8846fbe7e4b606998894584ce29672555cd938e307bff11e83
outputs/t12_cluster_jobs/t27d-inference-sealed-20260723T202830Z-5c6430b/pulled/raw_outputs/base/codraw_icr_v2_10066__predict_cpc_v1.json.txt	1049	41e2aa5d72444b8d146d2de4f83d1a85bd5733efc96dfba950e5b5c9c41fc0a6
outputs/t12_cluster_jobs/t27d-inference-sealed-20260723T202830Z-5c6430b/pulled/raw_outputs/base/codraw_icr_v2_10066__predict_intent_v1.json.txt	137	89356b3b93184a2f6f3379300c8c9119c57fb7c35ae3aa98ded15f801adc18fa
outputs/t12_cluster_jobs/t27d-inference-sealed-20260723T202830Z-5c6430b/pulled/raw_outputs/base/codraw_icr_v2_10066__predict_interpretations_v1.json.txt	262	ca209b0edc52577fec43f2737d1fc585304c0a0c7ca62ab226fadd8c7ebd0728
outputs/t12_cluster_jobs/t27d-inference-sealed-20260723T202830Z-5c6430b/pulled/raw_outputs/base/codraw_icr_v2_10066__predict_risk_capability_v1.json.txt	36	846d4ef786086210f8815e215f2d780dbbd42abdc788018454c871c16ff6dc89
outputs/t12_cluster_jobs/t27d-inference-sealed-20260723T202830Z-5c6430b/pulled/raw_outputs/base/codraw_icr_v2_10084__predict_ambiguity_v1.json.txt	106	368992994031d2a13e924230a1d6841600e3306277981096c406e7b5b54ebba5
outputs/t12_cluster_jobs/t27d-inference-sealed-20260723T202830Z-5c6430b/pulled/raw_outputs/base/codraw_icr_v2_10084__predict_cpc_v1.json.txt	677	0227382b0f115c00a66577f50f932694882b0fc83d09b114b02ef680af89e784
outputs/t12_cluster_jobs/t27d-inference-sealed-20260723T202830Z-5c6430b/pulled/raw_outputs/base/codraw_icr_v2_10084__predict_intent_v1.json.txt	193	9952c8ca02802eb6a501dd9496f2f51bd91c0275d1de49f38bfc4e6340e5e43f
outputs/t12_cluster_jobs/t27d-inference-sealed-20260723T202830Z-5c6430b/pulled/raw_outputs/base/codraw_icr_v2_10084__predict_interpretations_v1.json.txt	231	9c913621e695f485a377234acec2fee9197457851942aed057f204084fc6c99f
outputs/t12_cluster_jobs/t27d-inference-sealed-20260723T202830Z-5c6430b/pulled/raw_outputs/base/codraw_icr_v2_10084__predict_risk_capability_v1.json.txt	36	846d4ef786086210f8815e215f2d780dbbd42abdc788018454c871c16ff6dc89
outputs/t12_cluster_jobs/t27d-inference-sealed-20260723T202830Z-5c6430b/pulled/raw_outputs/base/indirect_requests_test_139__predict_ambiguity_v1.json.txt	82	453b8edb80f91d91b6f2b1b430d0e6133e91b47c3e00a3b9d3d8707b2450c0c3
outputs/t12_cluster_jobs/t27d-inference-sealed-20260723T202830Z-5c6430b/pulled/raw_outputs/base/indirect_requests_test_139__predict_cpc_v1.json.txt	1055	ac3f4d4703262f9d3d796d0c4713a70f0baf0c2641e8b947c4e6b8f81fb20315
outputs/t12_cluster_jobs/t27d-inference-sealed-20260723T202830Z-5c6430b/pulled/raw_outputs/base/indirect_requests_test_139__predict_intent_v1.json.txt	136	cec41f08c1f5bc403bac679f55cb8ddfc3201917aad483992b42f9964ae4d566
outputs/t12_cluster_jobs/t27d-inference-sealed-20260723T202830Z-5c6430b/pulled/raw_outputs/base/indirect_requests_test_139__predict_interpretations_v1.json.txt	325	ca5330928b31c6c6c145013901a33c1967a4938dd4cc18a1c681863f84dc7050
outputs/t12_cluster_jobs/t27d-inference-sealed-20260723T202830Z-5c6430b/pulled/raw_outputs/base/indirect_requests_test_139__predict_risk_capability_v1.json.txt	36	846d4ef786086210f8815e215f2d780dbbd42abdc788018454c871c16ff6dc89
outputs/t12_cluster_jobs/t27d-inference-sealed-20260723T202830Z-5c6430b/pulled/raw_outputs/base/indirect_requests_test_145__predict_ambiguity_v1.json.txt	96	f5eda81605f4ed4327491a6e1976219360f592acd34bcaebf6ffe15074e4dc40
outputs/t12_cluster_jobs/t27d-inference-sealed-20260723T202830Z-5c6430b/pulled/raw_outputs/base/indirect_requests_test_145__predict_cpc_v1.json.txt	1016	03fa9cd6ba1270e2efa2fef1c7eaee084826ee09c477fb631d1d2ed2683876d8
outputs/t12_cluster_jobs/t27d-inference-sealed-20260723T202830Z-5c6430b/pulled/raw_outputs/base/indirect_requests_test_145__predict_intent_v1.json.txt	147	06ddee6b5a8a3b55f171ac40779849407572b8bbaf00a664dc8eba781479dea5
outputs/t12_cluster_jobs/t27d-inference-sealed-20260723T202830Z-5c6430b/pulled/raw_outputs/base/indirect_requests_test_145__predict_interpretations_v1.json.txt	235	a81f31686600f619cde22d4cae1ea917c59f64250af207743bc08d42145f0924
outputs/t12_cluster_jobs/t27d-inference-sealed-20260723T202830Z-5c6430b/pulled/raw_outputs/base/indirect_requests_test_145__predict_risk_capability_v1.json.txt	36	846d4ef786086210f8815e215f2d780dbbd42abdc788018454c871c16ff6dc89
outputs/t12_cluster_jobs/t27d-inference-sealed-20260723T202830Z-5c6430b/pulled/raw_outputs/base/indirect_requests_test_148__predict_ambiguity_v1.json.txt	108	1d520126bc7dbd5b7990b2367a378bab0241bf9e56db4f202f07abebcc68c55e
outputs/t12_cluster_jobs/t27d-inference-sealed-20260723T202830Z-5c6430b/pulled/raw_outputs/base/indirect_requests_test_148__predict_cpc_v1.json.txt	1027	166645fbc5078783da8b4ed15bad54278ae53555c911ae7e05b4565e71475603
outputs/t12_cluster_jobs/t27d-inference-sealed-20260723T202830Z-5c6430b/pulled/raw_outputs/base/indirect_requests_test_148__predict_intent_v1.json.txt	116	04af921c72070ae00e05295ca905d59b651edcb8924f281ce6a17c97c9abad48
outputs/t12_cluster_jobs/t27d-inference-sealed-20260723T202830Z-5c6430b/pulled/raw_outputs/base/indirect_requests_test_148__predict_interpretations_v1.json.txt	213	1d6d71d2618c1b3f82e9c405a9f0d28c201f23edd6ac921743baaf48af861aba
outputs/t12_cluster_jobs/t27d-inference-sealed-20260723T202830Z-5c6430b/pulled/raw_outputs/base/indirect_requests_test_148__predict_risk_capability_v1.json.txt	41	3ad5ea1a10d810cde40f4eb5407d3e7fa08beac3e650f3e65432f0a39149d2e5
outputs/t12_cluster_jobs/t27d-inference-sealed-20260723T202830Z-5c6430b/pulled/raw_outputs/base/vague_0005_Chinatown_00.20.22.905-00.20.31.728@1__predict_ambiguity_v1.json.txt	106	1bbc032d0b1954b5046dc3733558eddf79eb6e939b03f01d9a424ca10fbdeb37
outputs/t12_cluster_jobs/t27d-inference-sealed-20260723T202830Z-5c6430b/pulled/raw_outputs/base/vague_0005_Chinatown_00.20.22.905-00.20.31.728@1__predict_cpc_v1.json.txt	995	576356ebc27cb63b8a4ba7bc6ebce4ac03c1007cbce5b18205ee3f81f951dc62
outputs/t12_cluster_jobs/t27d-inference-sealed-20260723T202830Z-5c6430b/pulled/raw_outputs/base/vague_0005_Chinatown_00.20.22.905-00.20.31.728@1__predict_intent_v1.json.txt	105	815d71a6f0d2f693fed54a7e12bfac9363b419eca66610cff2110aca4bd3744b
outputs/t12_cluster_jobs/t27d-inference-sealed-20260723T202830Z-5c6430b/pulled/raw_outputs/base/vague_0005_Chinatown_00.20.22.905-00.20.31.728@1__predict_interpretations_v1.json.txt	185	5793f2a4b2212f946f63852347b7cba05ab602c908d549f20247fba82ba0f904
outputs/t12_cluster_jobs/t27d-inference-sealed-20260723T202830Z-5c6430b/pulled/raw_outputs/base/vague_0005_Chinatown_00.20.22.905-00.20.31.728@1__predict_risk_capability_v1.json.txt	36	846d4ef786086210f8815e215f2d780dbbd42abdc788018454c871c16ff6dc89
outputs/t12_cluster_jobs/t27d-inference-sealed-20260723T202830Z-5c6430b/pulled/raw_outputs/base/vague_0007_DIE_NACHT_DES_JAEGERS_00.11.13.304-00.11.17.380@0__predict_ambiguity_v1.json.txt	107	01e1d225da0e405b86a2e3618a1103285dd2427d000a00ee649e4b479b5fee37
outputs/t12_cluster_jobs/t27d-inference-sealed-20260723T202830Z-5c6430b/pulled/raw_outputs/base/vague_0007_DIE_NACHT_DES_JAEGERS_00.11.13.304-00.11.17.380@0__predict_cpc_v1.json.txt	1056	958a528177759c89a40093543460f20f45b09ba6749aefe0c294f95bf3d2aeb6
outputs/t12_cluster_jobs/t27d-inference-sealed-20260723T202830Z-5c6430b/pulled/raw_outputs/base/vague_0007_DIE_NACHT_DES_JAEGERS_00.11.13.304-00.11.17.380@0__predict_intent_v1.json.txt	197	59f2c18ec6f27d3d5ab4c03fb48db64603ca80bb9316a23a4fcead543ea11e87
outputs/t12_cluster_jobs/t27d-inference-sealed-20260723T202830Z-5c6430b/pulled/raw_outputs/base/vague_0007_DIE_NACHT_DES_JAEGERS_00.11.13.304-00.11.17.380@0__predict_interpretations_v1.json.txt	311	9ee90deec12ccda8d45541eb1c306647891e8e39e69bda968db33494c044827e
outputs/t12_cluster_jobs/t27d-inference-sealed-20260723T202830Z-5c6430b/pulled/raw_outputs/base/vague_0007_DIE_NACHT_DES_JAEGERS_00.11.13.304-00.11.17.380@0__predict_risk_capability_v1.json.txt	41	3ad5ea1a10d810cde40f4eb5407d3e7fa08beac3e650f3e65432f0a39149d2e5
outputs/t12_cluster_jobs/t27d-inference-sealed-20260723T202830Z-5c6430b/pulled/run_manifest.json	148	3d996f4a819998359ff40a6e6ac75ff913efb723747c2279c18b2db89434a4e0
outputs/t12_cluster_jobs/t27d-inference-sealed-20260723T202830Z-5c6430b/pulled/task_prediction_results.json	262737	709d5664a0b36f1c3f1885c54c26f7afd8456100e0d205b62c642fadb3872ab2
outputs/t12_cluster_jobs/t27d-inference-sealed-20260723T202830Z-5c6430b/pulled_previous/assembly_results.json	300270	eeb796d92dd42b6e7ed2bfaee7ca50701494fde8c4f9e302a1734d7068fbef17
outputs/t12_cluster_jobs/t27d-inference-sealed-20260723T202830Z-5c6430b/pulled_previous/heartbeat.json	427	3faa68ba6fd4b2ffe8758aadd4a42da213b0d7fad16035085e998f2477c2cbd1
outputs/t12_cluster_jobs/t27d-inference-sealed-20260723T202830Z-5c6430b/pulled_previous/prediction_journal.jsonl	92044	827eec448e848223f8f4210d8a168b239d1b4220e4a26c9fea7f470bbba51114
outputs/t12_cluster_jobs/t27d-inference-sealed-20260723T202830Z-5c6430b/pulled_previous/qlora_task_conditioned_smoke_result.json	1485	1d0b3aa7134b7b613e5791f93df20f18ec76ca74a561697a484c0014617a62fc
outputs/t12_cluster_jobs/t27d-inference-sealed-20260723T202830Z-5c6430b/pulled_previous/raw_outputs/adapter/ambik_151__predict_ambiguity_v1.json.txt	83	21395266b8ad2193ddfd5593b74eb0572d30d9b61bfbd6f20f86c467ca948e8d
outputs/t12_cluster_jobs/t27d-inference-sealed-20260723T202830Z-5c6430b/pulled_previous/raw_outputs/adapter/ambik_151__predict_cpc_v1.json.txt	613	65ddd6256cb94abc4f18c9d18cddc6cfbe4c6b5fbc17aad33417f18cbf03b595
outputs/t12_cluster_jobs/t27d-inference-sealed-20260723T202830Z-5c6430b/pulled_previous/raw_outputs/adapter/ambik_151__predict_intent_v1.json.txt	84	a6b58f0e153e5fe1d930ac98690d54a0784ef03492846033e89d959dcc42d80c
outputs/t12_cluster_jobs/t27d-inference-sealed-20260723T202830Z-5c6430b/pulled_previous/raw_outputs/adapter/ambik_151__predict_interpretations_v1.json.txt	202	820f05f2ed46f1535d5f0eb1d456bfe21035f084eaa4d0eee787b9911f7d050f
outputs/t12_cluster_jobs/t27d-inference-sealed-20260723T202830Z-5c6430b/pulled_previous/raw_outputs/adapter/ambik_151__predict_risk_capability_v1.json.txt	12	ab404931e59df358f5ef6353d707ad2ad7254cc9cb3208302952a2dbabf34779
outputs/t12_cluster_jobs/t27d-inference-sealed-20260723T202830Z-5c6430b/pulled_previous/raw_outputs/adapter/ambik_158__predict_ambiguity_v1.json.txt	83	21395266b8ad2193ddfd5593b74eb0572d30d9b61bfbd6f20f86c467ca948e8d
outputs/t12_cluster_jobs/t27d-inference-sealed-20260723T202830Z-5c6430b/pulled_previous/raw_outputs/adapter/ambik_158__predict_cpc_v1.json.txt	702	4c35063edc740ccb5d4a8389131afeaca5b81630750a9eb830f569839e29394e
outputs/t12_cluster_jobs/t27d-inference-sealed-20260723T202830Z-5c6430b/pulled_previous/raw_outputs/adapter/ambik_158__predict_intent_v1.json.txt	115	60c23e1ba6b95f6f3ee523612c336e22c3527178dc1207f215b1856f0d3a7441
outputs/t12_cluster_jobs/t27d-inference-sealed-20260723T202830Z-5c6430b/pulled_previous/raw_outputs/adapter/ambik_158__predict_interpretations_v1.json.txt	174	467d1758b935356293472fc08852654cad9de358ed7f08bc1a8a6a23730c6338
outputs/t12_cluster_jobs/t27d-inference-sealed-20260723T202830Z-5c6430b/pulled_previous/raw_outputs/adapter/ambik_158__predict_risk_capability_v1.json.txt	12	ab404931e59df358f5ef6353d707ad2ad7254cc9cb3208302952a2dbabf34779
outputs/t12_cluster_jobs/t27d-inference-sealed-20260723T202830Z-5c6430b/pulled_previous/raw_outputs/adapter/clara_5165__predict_ambiguity_v1.json.txt	83	21395266b8ad2193ddfd5593b74eb0572d30d9b61bfbd6f20f86c467ca948e8d
outputs/t12_cluster_jobs/t27d-inference-sealed-20260723T202830Z-5c6430b/pulled_previous/raw_outputs/adapter/clara_5165__predict_cpc_v1.json.txt	641	28d2571a3f3a7ab10a48ec20231242ae60ef05d44e75f8fa967528cd71f738cb
outputs/t12_cluster_jobs/t27d-inference-sealed-20260723T202830Z-5c6430b/pulled_previous/raw_outputs/adapter/clara_5165__predict_intent_v1.json.txt	77	a3daa57208398df2c7df3fa107cfb9086b676f9db6253e5505b2a621e388c541
outputs/t12_cluster_jobs/t27d-inference-sealed-20260723T202830Z-5c6430b/pulled_previous/raw_outputs/adapter/clara_5165__predict_interpretations_v1.json.txt	106	558acc44e1a5ee393fb5195a07efb79ec4e4f7977ae5303228a03087352c82ae
outputs/t12_cluster_jobs/t27d-inference-sealed-20260723T202830Z-5c6430b/pulled_previous/raw_outputs/adapter/clara_5165__predict_risk_capability_v1.json.txt	12	ab404931e59df358f5ef6353d707ad2ad7254cc9cb3208302952a2dbabf34779
outputs/t12_cluster_jobs/t27d-inference-sealed-20260723T202830Z-5c6430b/pulled_previous/raw_outputs/adapter/clara_5183__predict_ambiguity_v1.json.txt	83	21395266b8ad2193ddfd5593b74eb0572d30d9b61bfbd6f20f86c467ca948e8d
outputs/t12_cluster_jobs/t27d-inference-sealed-20260723T202830Z-5c6430b/pulled_previous/raw_outputs/adapter/clara_5183__predict_cpc_v1.json.txt	639	a2dc906be2489df8da4f70d312208eb00fa851cdd65970fdadea1a632f03ca5b
outputs/t12_cluster_jobs/t27d-inference-sealed-20260723T202830Z-5c6430b/pulled_previous/raw_outputs/adapter/clara_5183__predict_intent_v1.json.txt	57	037df4d2c69bf809f494fb776c03b28030ab2642b6e3794af615d29f2f3a2937
outputs/t12_cluster_jobs/t27d-inference-sealed-20260723T202830Z-5c6430b/pulled_previous/raw_outputs/adapter/clara_5183__predict_interpretations_v1.json.txt	153	6692229e2d5702166da8ca60d8e34c01cf97fce13ed237ceee6d2f8202439419
outputs/t12_cluster_jobs/t27d-inference-sealed-20260723T202830Z-5c6430b/pulled_previous/raw_outputs/adapter/clara_5183__predict_risk_capability_v1.json.txt	12	ab404931e59df358f5ef6353d707ad2ad7254cc9cb3208302952a2dbabf34779
outputs/t12_cluster_jobs/t27d-inference-sealed-20260723T202830Z-5c6430b/pulled_previous/raw_outputs/adapter/codraw_icr_v2_10058__predict_ambiguity_v1.json.txt	83	21395266b8ad2193ddfd5593b74eb0572d30d9b61bfbd6f20f86c467ca948e8d
outputs/t12_cluster_jobs/t27d-inference-sealed-20260723T202830Z-5c6430b/pulled_previous/raw_outputs/adapter/codraw_icr_v2_10058__predict_cpc_v1.json.txt	607	3d234f832a371f72ed5c170dea3e8e4d539682f8fbede346e8ef0aa6d44eebd2
outputs/t12_cluster_jobs/t27d-inference-sealed-20260723T202830Z-5c6430b/pulled_previous/raw_outputs/adapter/codraw_icr_v2_10058__predict_intent_v1.json.txt	139	c2e5ee143e9d89ec7082afee5fba8b2723bcc2c34122b1d1dfa49a9668017493
outputs/t12_cluster_jobs/t27d-inference-sealed-20260723T202830Z-5c6430b/pulled_previous/raw_outputs/adapter/codraw_icr_v2_10058__predict_interpretations_v1.json.txt	184	44debbece661bfa6689fccb497f2aa9b7ea9b1265ba844cc1d0a200cae42649c
outputs/t12_cluster_jobs/t27d-inference-sealed-20260723T202830Z-5c6430b/pulled_previous/raw_outputs/adapter/codraw_icr_v2_10058__predict_risk_capability_v1.json.txt	12	ab404931e59df358f5ef6353d707ad2ad7254cc9cb3208302952a2dbabf34779
outputs/t12_cluster_jobs/t27d-inference-sealed-20260723T202830Z-5c6430b/pulled_previous/raw_outputs/adapter/codraw_icr_v2_10066__predict_ambiguity_v1.json.txt	83	21395266b8ad2193ddfd5593b74eb0572d30d9b61bfbd6f20f86c467ca948e8d
outputs/t12_cluster_jobs/t27d-inference-sealed-20260723T202830Z-5c6430b/pulled_previous/raw_outputs/adapter/codraw_icr_v2_10066__predict_cpc_v1.json.txt	608	51583d2007a478db4952f68b09741d8befb1614959781f14ea30e3a56f9d2869
outputs/t12_cluster_jobs/t27d-inference-sealed-20260723T202830Z-5c6430b/pulled_previous/raw_outputs/adapter/codraw_icr_v2_10066__predict_intent_v1.json.txt	128	ebe5044d8c46dbc335c72af7950536ff1f734114a11c72ee574f1d30b080d0c3
outputs/t12_cluster_jobs/t27d-inference-sealed-20260723T202830Z-5c6430b/pulled_previous/raw_outputs/adapter/codraw_icr_v2_10066__predict_interpretations_v1.json.txt	205	b5311cfc27a6c772a37229eb2fa1daf94f8af19cf5d47f881c0519c15df0e6e9
outputs/t12_cluster_jobs/t27d-inference-sealed-20260723T202830Z-5c6430b/pulled_previous/raw_outputs/adapter/codraw_icr_v2_10066__predict_risk_capability_v1.json.txt	12	ab404931e59df358f5ef6353d707ad2ad7254cc9cb3208302952a2dbabf34779
outputs/t12_cluster_jobs/t27d-inference-sealed-20260723T202830Z-5c6430b/pulled_previous/raw_outputs/adapter/codraw_icr_v2_10084__predict_ambiguity_v1.json.txt	83	21395266b8ad2193ddfd5593b74eb0572d30d9b61bfbd6f20f86c467ca948e8d
outputs/t12_cluster_jobs/t27d-inference-sealed-20260723T202830Z-5c6430b/pulled_previous/raw_outputs/adapter/codraw_icr_v2_10084__predict_cpc_v1.json.txt	605	9570bafe86740d67dbe78ab173e07bb6354ac7b197bd56955062ce21899ec5e5
outputs/t12_cluster_jobs/t27d-inference-sealed-20260723T202830Z-5c6430b/pulled_previous/raw_outputs/adapter/codraw_icr_v2_10084__predict_intent_v1.json.txt	163	ab0cb9a2d25f7198277f16979ed6973b6791b0d5f141d0c032404526e4c4ab48
outputs/t12_cluster_jobs/t27d-inference-sealed-20260723T202830Z-5c6430b/pulled_previous/raw_outputs/adapter/codraw_icr_v2_10084__predict_interpretations_v1.json.txt	181	b74f1c6a559c08853d9a2e43e1076fd3706682d770643589bada8b4227044e7d
outputs/t12_cluster_jobs/t27d-inference-sealed-20260723T202830Z-5c6430b/pulled_previous/raw_outputs/adapter/codraw_icr_v2_10084__predict_risk_capability_v1.json.txt	12	ab404931e59df358f5ef6353d707ad2ad7254cc9cb3208302952a2dbabf34779
outputs/t12_cluster_jobs/t27d-inference-sealed-20260723T202830Z-5c6430b/pulled_previous/raw_outputs/adapter/indirect_requests_test_139__predict_ambiguity_v1.json.txt	83	21395266b8ad2193ddfd5593b74eb0572d30d9b61bfbd6f20f86c467ca948e8d
outputs/t12_cluster_jobs/t27d-inference-sealed-20260723T202830Z-5c6430b/pulled_previous/raw_outputs/adapter/indirect_requests_test_139__predict_cpc_v1.json.txt	607	3d234f832a371f72ed5c170dea3e8e4d539682f8fbede346e8ef0aa6d44eebd2
outputs/t12_cluster_jobs/t27d-inference-sealed-20260723T202830Z-5c6430b/pulled_previous/raw_outputs/adapter/indirect_requests_test_139__predict_intent_v1.json.txt	109	7d2d4db302a875b2a289685efb77bd71868ad5cae91edc5f701b38cfeaa1ad96
outputs/t12_cluster_jobs/t27d-inference-sealed-20260723T202830Z-5c6430b/pulled_previous/raw_outputs/adapter/indirect_requests_test_139__predict_interpretations_v1.json.txt	570	bc8af02d3443a112176c6ff5f2a2a57adb0513101db05d747304bc0b3781ec5f
outputs/t12_cluster_jobs/t27d-inference-sealed-20260723T202830Z-5c6430b/pulled_previous/raw_outputs/adapter/indirect_requests_test_139__predict_risk_capability_v1.json.txt	12	ab404931e59df358f5ef6353d707ad2ad7254cc9cb3208302952a2dbabf34779
outputs/t12_cluster_jobs/t27d-inference-sealed-20260723T202830Z-5c6430b/pulled_previous/raw_outputs/adapter/indirect_requests_test_145__predict_ambiguity_v1.json.txt	83	21395266b8ad2193ddfd5593b74eb0572d30d9b61bfbd6f20f86c467ca948e8d
outputs/t12_cluster_jobs/t27d-inference-sealed-20260723T202830Z-5c6430b/pulled_previous/raw_outputs/adapter/indirect_requests_test_145__predict_cpc_v1.json.txt	607	3d234f832a371f72ed5c170dea3e8e4d539682f8fbede346e8ef0aa6d44eebd2
outputs/t12_cluster_jobs/t27d-inference-sealed-20260723T202830Z-5c6430b/pulled_previous/raw_outputs/adapter/indirect_requests_test_145__predict_intent_v1.json.txt	79	a57db1999ce67946c6067ccfd10871e6b2055068779c4efd80a11b514de203ff
outputs/t12_cluster_jobs/t27d-inference-sealed-20260723T202830Z-5c6430b/pulled_previous/raw_outputs/adapter/indirect_requests_test_145__predict_interpretations_v1.json.txt	98	a189faeb6d1ceb11dedc859745dd2bcd8b9d5f480eaf7b3689f79fa7698afa94
outputs/t12_cluster_jobs/t27d-inference-sealed-20260723T202830Z-5c6430b/pulled_previous/raw_outputs/adapter/indirect_requests_test_145__predict_risk_capability_v1.json.txt	12	ab404931e59df358f5ef6353d707ad2ad7254cc9cb3208302952a2dbabf34779
outputs/t12_cluster_jobs/t27d-inference-sealed-20260723T202830Z-5c6430b/pulled_previous/raw_outputs/adapter/indirect_requests_test_148__predict_ambiguity_v1.json.txt	83	21395266b8ad2193ddfd5593b74eb0572d30d9b61bfbd6f20f86c467ca948e8d
outputs/t12_cluster_jobs/t27d-inference-sealed-20260723T202830Z-5c6430b/pulled_previous/raw_outputs/adapter/indirect_requests_test_148__predict_cpc_v1.json.txt	605	9570bafe86740d67dbe78ab173e07bb6354ac7b197bd56955062ce21899ec5e5
outputs/t12_cluster_jobs/t27d-inference-sealed-20260723T202830Z-5c6430b/pulled_previous/raw_outputs/adapter/indirect_requests_test_148__predict_intent_v1.json.txt	109	b73e861dc40c9ce09a3f2082127346568ab3cf95f1053e4a3935f77da122f7ef
outputs/t12_cluster_jobs/t27d-inference-sealed-20260723T202830Z-5c6430b/pulled_previous/raw_outputs/adapter/indirect_requests_test_148__predict_interpretations_v1.json.txt	211	013ceba5de0c5960407575f5dca73d0b614c106c2d8f51ae5d293d7bf3f82ac7
outputs/t12_cluster_jobs/t27d-inference-sealed-20260723T202830Z-5c6430b/pulled_previous/raw_outputs/adapter/indirect_requests_test_148__predict_risk_capability_v1.json.txt	12	ab404931e59df358f5ef6353d707ad2ad7254cc9cb3208302952a2dbabf34779
outputs/t12_cluster_jobs/t27d-inference-sealed-20260723T202830Z-5c6430b/pulled_previous/raw_outputs/adapter/vague_0005_Chinatown_00.20.22.905-00.20.31.728@1__predict_ambiguity_v1.json.txt	83	21395266b8ad2193ddfd5593b74eb0572d30d9b61bfbd6f20f86c467ca948e8d
outputs/t12_cluster_jobs/t27d-inference-sealed-20260723T202830Z-5c6430b/pulled_previous/raw_outputs/adapter/vague_0005_Chinatown_00.20.22.905-00.20.31.728@1__predict_cpc_v1.json.txt	607	3d234f832a371f72ed5c170dea3e8e4d539682f8fbede346e8ef0aa6d44eebd2
outputs/t12_cluster_jobs/t27d-inference-sealed-20260723T202830Z-5c6430b/pulled_previous/raw_outputs/adapter/vague_0005_Chinatown_00.20.22.905-00.20.31.728@1__predict_intent_v1.json.txt	71	7955c6eb1d0c3e841f3173fd540a0d2b1ae7d5e11b1c6072ecd04ae235429bc2
outputs/t12_cluster_jobs/t27d-inference-sealed-20260723T202830Z-5c6430b/pulled_previous/raw_outputs/adapter/vague_0005_Chinatown_00.20.22.905-00.20.31.728@1__predict_interpretations_v1.json.txt	1271	9273562dd6b5988fb6690628808327a5d8418d9e11d5924a0fa245b41a788b3d
outputs/t12_cluster_jobs/t27d-inference-sealed-20260723T202830Z-5c6430b/pulled_previous/raw_outputs/adapter/vague_0005_Chinatown_00.20.22.905-00.20.31.728@1__predict_risk_capability_v1.json.txt	12	ab404931e59df358f5ef6353d707ad2ad7254cc9cb3208302952a2dbabf34779
outputs/t12_cluster_jobs/t27d-inference-sealed-20260723T202830Z-5c6430b/pulled_previous/raw_outputs/adapter/vague_0007_DIE_NACHT_DES_JAEGERS_00.11.13.304-00.11.17.380@0__predict_ambiguity_v1.json.txt	83	21395266b8ad2193ddfd5593b74eb0572d30d9b61bfbd6f20f86c467ca948e8d
outputs/t12_cluster_jobs/t27d-inference-sealed-20260723T202830Z-5c6430b/pulled_previous/raw_outputs/adapter/vague_0007_DIE_NACHT_DES_JAEGERS_00.11.13.304-00.11.17.380@0__predict_cpc_v1.json.txt	621	46af121a148fa5283d0cff07df5424c27349273675631c9e54212453e846c171
outputs/t12_cluster_jobs/t27d-inference-sealed-20260723T202830Z-5c6430b/pulled_previous/raw_outputs/adapter/vague_0007_DIE_NACHT_DES_JAEGERS_00.11.13.304-00.11.17.380@0__predict_intent_v1.json.txt	107	36ee6f5b0c535914036d53e600eeefdfd75b05790d82b4a5234b3185301f8852
outputs/t12_cluster_jobs/t27d-inference-sealed-20260723T202830Z-5c6430b/pulled_previous/raw_outputs/adapter/vague_0007_DIE_NACHT_DES_JAEGERS_00.11.13.304-00.11.17.380@0__predict_interpretations_v1.json.txt	1384	67011b07873dde6cc8174c952403cc7a7810ce250914be4957ddce2f37e4704d
outputs/t12_cluster_jobs/t27d-inference-sealed-20260723T202830Z-5c6430b/pulled_previous/raw_outputs/adapter/vague_0007_DIE_NACHT_DES_JAEGERS_00.11.13.304-00.11.17.380@0__predict_risk_capability_v1.json.txt	12	ab404931e59df358f5ef6353d707ad2ad7254cc9cb3208302952a2dbabf34779
outputs/t12_cluster_jobs/t27d-inference-sealed-20260723T202830Z-5c6430b/pulled_previous/raw_outputs/base/ambik_151__predict_ambiguity_v1.json.txt	108	1d520126bc7dbd5b7990b2367a378bab0241bf9e56db4f202f07abebcc68c55e
outputs/t12_cluster_jobs/t27d-inference-sealed-20260723T202830Z-5c6430b/pulled_previous/raw_outputs/base/ambik_151__predict_cpc_v1.json.txt	1062	a943a3d30b4c1a0444a56d964f520f84171e42a5b81ac4d128b1fe3bcf18c9e5
outputs/t12_cluster_jobs/t27d-inference-sealed-20260723T202830Z-5c6430b/pulled_previous/raw_outputs/base/ambik_151__predict_intent_v1.json.txt	86	279f029dc23acc96351d203eb631b0dc13ae1aa781be9701b29b357a89bccdf6
outputs/t12_cluster_jobs/t27d-inference-sealed-20260723T202830Z-5c6430b/pulled_previous/raw_outputs/base/ambik_151__predict_interpretations_v1.json.txt	275	10927470e71b5d3f844098a91867bbeb4e82ff815510c56ac7bda2dc0c8e07a5
outputs/t12_cluster_jobs/t27d-inference-sealed-20260723T202830Z-5c6430b/pulled_previous/raw_outputs/base/ambik_151__predict_risk_capability_v1.json.txt	36	846d4ef786086210f8815e215f2d780dbbd42abdc788018454c871c16ff6dc89
outputs/t12_cluster_jobs/t27d-inference-sealed-20260723T202830Z-5c6430b/pulled_previous/raw_outputs/base/ambik_158__predict_ambiguity_v1.json.txt	82	453b8edb80f91d91b6f2b1b430d0e6133e91b47c3e00a3b9d3d8707b2450c0c3
outputs/t12_cluster_jobs/t27d-inference-sealed-20260723T202830Z-5c6430b/pulled_previous/raw_outputs/base/ambik_158__predict_cpc_v1.json.txt	995	cde137f2c765bbcb00fa34834aee13337dc50e33e21da26d80e2726afb6fd9f9
outputs/t12_cluster_jobs/t27d-inference-sealed-20260723T202830Z-5c6430b/pulled_previous/raw_outputs/base/ambik_158__predict_intent_v1.json.txt	132	3b4ae254f540776e113609a664a3f57b4608a0e036f28703bd94f173ac128374
outputs/t12_cluster_jobs/t27d-inference-sealed-20260723T202830Z-5c6430b/pulled_previous/raw_outputs/base/ambik_158__predict_interpretations_v1.json.txt	245	5427ddc3e84e5e2423f2e18d0d80e94fb17deac9aa09014625fbf0d5dc5062f1
outputs/t12_cluster_jobs/t27d-inference-sealed-20260723T202830Z-5c6430b/pulled_previous/raw_outputs/base/ambik_158__predict_risk_capability_v1.json.txt	36	846d4ef786086210f8815e215f2d780dbbd42abdc788018454c871c16ff6dc89
outputs/t12_cluster_jobs/t27d-inference-sealed-20260723T202830Z-5c6430b/pulled_previous/raw_outputs/base/clara_5165__predict_ambiguity_v1.json.txt	120	f0edabb9a670db8846fbe7e4b606998894584ce29672555cd938e307bff11e83
outputs/t12_cluster_jobs/t27d-inference-sealed-20260723T202830Z-5c6430b/pulled_previous/raw_outputs/base/clara_5165__predict_cpc_v1.json.txt	1064	7f9a3ad006bfbc0fc281b47868ed77de0107ecfcc5f1ce13adba8c9972973569
outputs/t12_cluster_jobs/t27d-inference-sealed-20260723T202830Z-5c6430b/pulled_previous/raw_outputs/base/clara_5165__predict_intent_v1.json.txt	79	431dd31d8da7a8bc39835dda340b69884be5e13f6978d6e87a5dece70b358e87
outputs/t12_cluster_jobs/t27d-inference-sealed-20260723T202830Z-5c6430b/pulled_previous/raw_outputs/base/clara_5165__predict_interpretations_v1.json.txt	216	d4d7d5d2b379024c4ec03d85a14d083559ccfd7deb0f10b4d55bc8aeb8cfca9b
outputs/t12_cluster_jobs/t27d-inference-sealed-20260723T202830Z-5c6430b/pulled_previous/raw_outputs/base/clara_5165__predict_risk_capability_v1.json.txt	34	c381b34e8b5ac854c7593dcd1f346ff98fc4ed00ae854cd652a2e709661928d7
outputs/t12_cluster_jobs/t27d-inference-sealed-20260723T202830Z-5c6430b/pulled_previous/raw_outputs/base/clara_5183__predict_ambiguity_v1.json.txt	120	f0edabb9a670db8846fbe7e4b606998894584ce29672555cd938e307bff11e83
outputs/t12_cluster_jobs/t27d-inference-sealed-20260723T202830Z-5c6430b/pulled_previous/raw_outputs/base/clara_5183__predict_cpc_v1.json.txt	1056	da6cb7c931f56aa40301264f88c8f6065e3d289c5ab2d5a5105870e526da75b4
outputs/t12_cluster_jobs/t27d-inference-sealed-20260723T202830Z-5c6430b/pulled_previous/raw_outputs/base/clara_5183__predict_intent_v1.json.txt	64	89b938e08193b0838dd6ec522d91bb0635b529ef6260619b2f31307d8c9b8582
outputs/t12_cluster_jobs/t27d-inference-sealed-20260723T202830Z-5c6430b/pulled_previous/raw_outputs/base/clara_5183__predict_interpretations_v1.json.txt	381	77f7b5ef3f9bcb9cfcbaa0e55fd888554541db605426c5e2bab00aa159bb5db6
outputs/t12_cluster_jobs/t27d-inference-sealed-20260723T202830Z-5c6430b/pulled_previous/raw_outputs/base/clara_5183__predict_risk_capability_v1.json.txt	41	3ad5ea1a10d810cde40f4eb5407d3e7fa08beac3e650f3e65432f0a39149d2e5
outputs/t12_cluster_jobs/t27d-inference-sealed-20260723T202830Z-5c6430b/pulled_previous/raw_outputs/base/codraw_icr_v2_10058__predict_ambiguity_v1.json.txt	120	f0edabb9a670db8846fbe7e4b606998894584ce29672555cd938e307bff11e83
outputs/t12_cluster_jobs/t27d-inference-sealed-20260723T202830Z-5c6430b/pulled_previous/raw_outputs/base/codraw_icr_v2_10058__predict_cpc_v1.json.txt	632	51339ef7ae782d5aabc765967566f8f69e0df46dd3cb1012bf9feac67d327325
outputs/t12_cluster_jobs/t27d-inference-sealed-20260723T202830Z-5c6430b/pulled_previous/raw_outputs/base/codraw_icr_v2_10058__predict_intent_v1.json.txt	144	5d67abfe46dc7b73e9e0b4e270f55fc57c40d81a2bb1de14748690dfe0f1ad70
outputs/t12_cluster_jobs/t27d-inference-sealed-20260723T202830Z-5c6430b/pulled_previous/raw_outputs/base/codraw_icr_v2_10058__predict_interpretations_v1.json.txt	434	1f3fd03e18536137eb7cb5b7e1162d91cfef8810d5de86497fbf6f46a1d9452a
outputs/t12_cluster_jobs/t27d-inference-sealed-20260723T202830Z-5c6430b/pulled_previous/raw_outputs/base/codraw_icr_v2_10058__predict_risk_capability_v1.json.txt	36	846d4ef786086210f8815e215f2d780dbbd42abdc788018454c871c16ff6dc89
outputs/t12_cluster_jobs/t27d-inference-sealed-20260723T202830Z-5c6430b/pulled_previous/raw_outputs/base/codraw_icr_v2_10066__predict_ambiguity_v1.json.txt	120	f0edabb9a670db8846fbe7e4b606998894584ce29672555cd938e307bff11e83
outputs/t12_cluster_jobs/t27d-inference-sealed-20260723T202830Z-5c6430b/pulled_previous/raw_outputs/base/codraw_icr_v2_10066__predict_cpc_v1.json.txt	1049	41e2aa5d72444b8d146d2de4f83d1a85bd5733efc96dfba950e5b5c9c41fc0a6
outputs/t12_cluster_jobs/t27d-inference-sealed-20260723T202830Z-5c6430b/pulled_previous/raw_outputs/base/codraw_icr_v2_10066__predict_intent_v1.json.txt	137	89356b3b93184a2f6f3379300c8c9119c57fb7c35ae3aa98ded15f801adc18fa
outputs/t12_cluster_jobs/t27d-inference-sealed-20260723T202830Z-5c6430b/pulled_previous/raw_outputs/base/codraw_icr_v2_10066__predict_interpretations_v1.json.txt	262	ca209b0edc52577fec43f2737d1fc585304c0a0c7ca62ab226fadd8c7ebd0728
outputs/t12_cluster_jobs/t27d-inference-sealed-20260723T202830Z-5c6430b/pulled_previous/raw_outputs/base/codraw_icr_v2_10066__predict_risk_capability_v1.json.txt	36	846d4ef786086210f8815e215f2d780dbbd42abdc788018454c871c16ff6dc89
outputs/t12_cluster_jobs/t27d-inference-sealed-20260723T202830Z-5c6430b/pulled_previous/raw_outputs/base/codraw_icr_v2_10084__predict_ambiguity_v1.json.txt	106	368992994031d2a13e924230a1d6841600e3306277981096c406e7b5b54ebba5
outputs/t12_cluster_jobs/t27d-inference-sealed-20260723T202830Z-5c6430b/pulled_previous/raw_outputs/base/codraw_icr_v2_10084__predict_cpc_v1.json.txt	677	0227382b0f115c00a66577f50f932694882b0fc83d09b114b02ef680af89e784
outputs/t12_cluster_jobs/t27d-inference-sealed-20260723T202830Z-5c6430b/pulled_previous/raw_outputs/base/codraw_icr_v2_10084__predict_intent_v1.json.txt	193	9952c8ca02802eb6a501dd9496f2f51bd91c0275d1de49f38bfc4e6340e5e43f
outputs/t12_cluster_jobs/t27d-inference-sealed-20260723T202830Z-5c6430b/pulled_previous/raw_outputs/base/codraw_icr_v2_10084__predict_interpretations_v1.json.txt	231	9c913621e695f485a377234acec2fee9197457851942aed057f204084fc6c99f
outputs/t12_cluster_jobs/t27d-inference-sealed-20260723T202830Z-5c6430b/pulled_previous/raw_outputs/base/codraw_icr_v2_10084__predict_risk_capability_v1.json.txt	36	846d4ef786086210f8815e215f2d780dbbd42abdc788018454c871c16ff6dc89
outputs/t12_cluster_jobs/t27d-inference-sealed-20260723T202830Z-5c6430b/pulled_previous/raw_outputs/base/indirect_requests_test_139__predict_ambiguity_v1.json.txt	82	453b8edb80f91d91b6f2b1b430d0e6133e91b47c3e00a3b9d3d8707b2450c0c3
outputs/t12_cluster_jobs/t27d-inference-sealed-20260723T202830Z-5c6430b/pulled_previous/raw_outputs/base/indirect_requests_test_139__predict_cpc_v1.json.txt	1055	ac3f4d4703262f9d3d796d0c4713a70f0baf0c2641e8b947c4e6b8f81fb20315
outputs/t12_cluster_jobs/t27d-inference-sealed-20260723T202830Z-5c6430b/pulled_previous/raw_outputs/base/indirect_requests_test_139__predict_intent_v1.json.txt	136	cec41f08c1f5bc403bac679f55cb8ddfc3201917aad483992b42f9964ae4d566
outputs/t12_cluster_jobs/t27d-inference-sealed-20260723T202830Z-5c6430b/pulled_previous/raw_outputs/base/indirect_requests_test_139__predict_interpretations_v1.json.txt	325	ca5330928b31c6c6c145013901a33c1967a4938dd4cc18a1c681863f84dc7050
outputs/t12_cluster_jobs/t27d-inference-sealed-20260723T202830Z-5c6430b/pulled_previous/raw_outputs/base/indirect_requests_test_139__predict_risk_capability_v1.json.txt	36	846d4ef786086210f8815e215f2d780dbbd42abdc788018454c871c16ff6dc89
outputs/t12_cluster_jobs/t27d-inference-sealed-20260723T202830Z-5c6430b/pulled_previous/raw_outputs/base/indirect_requests_test_145__predict_ambiguity_v1.json.txt	96	f5eda81605f4ed4327491a6e1976219360f592acd34bcaebf6ffe15074e4dc40
outputs/t12_cluster_jobs/t27d-inference-sealed-20260723T202830Z-5c6430b/pulled_previous/raw_outputs/base/indirect_requests_test_145__predict_cpc_v1.json.txt	1016	03fa9cd6ba1270e2efa2fef1c7eaee084826ee09c477fb631d1d2ed2683876d8
outputs/t12_cluster_jobs/t27d-inference-sealed-20260723T202830Z-5c6430b/pulled_previous/raw_outputs/base/indirect_requests_test_145__predict_intent_v1.json.txt	147	06ddee6b5a8a3b55f171ac40779849407572b8bbaf00a664dc8eba781479dea5
outputs/t12_cluster_jobs/t27d-inference-sealed-20260723T202830Z-5c6430b/pulled_previous/raw_outputs/base/indirect_requests_test_145__predict_interpretations_v1.json.txt	235	a81f31686600f619cde22d4cae1ea917c59f64250af207743bc08d42145f0924
outputs/t12_cluster_jobs/t27d-inference-sealed-20260723T202830Z-5c6430b/pulled_previous/raw_outputs/base/indirect_requests_test_145__predict_risk_capability_v1.json.txt	36	846d4ef786086210f8815e215f2d780dbbd42abdc788018454c871c16ff6dc89
outputs/t12_cluster_jobs/t27d-inference-sealed-20260723T202830Z-5c6430b/pulled_previous/raw_outputs/base/indirect_requests_test_148__predict_ambiguity_v1.json.txt	108	1d520126bc7dbd5b7990b2367a378bab0241bf9e56db4f202f07abebcc68c55e
outputs/t12_cluster_jobs/t27d-inference-sealed-20260723T202830Z-5c6430b/pulled_previous/raw_outputs/base/indirect_requests_test_148__predict_cpc_v1.json.txt	1027	166645fbc5078783da8b4ed15bad54278ae53555c911ae7e05b4565e71475603
outputs/t12_cluster_jobs/t27d-inference-sealed-20260723T202830Z-5c6430b/pulled_previous/raw_outputs/base/indirect_requests_test_148__predict_intent_v1.json.txt	116	04af921c72070ae00e05295ca905d59b651edcb8924f281ce6a17c97c9abad48
outputs/t12_cluster_jobs/t27d-inference-sealed-20260723T202830Z-5c6430b/pulled_previous/raw_outputs/base/indirect_requests_test_148__predict_interpretations_v1.json.txt	213	1d6d71d2618c1b3f82e9c405a9f0d28c201f23edd6ac921743baaf48af861aba
outputs/t12_cluster_jobs/t27d-inference-sealed-20260723T202830Z-5c6430b/pulled_previous/raw_outputs/base/indirect_requests_test_148__predict_risk_capability_v1.json.txt	41	3ad5ea1a10d810cde40f4eb5407d3e7fa08beac3e650f3e65432f0a39149d2e5
outputs/t12_cluster_jobs/t27d-inference-sealed-20260723T202830Z-5c6430b/pulled_previous/raw_outputs/base/vague_0005_Chinatown_00.20.22.905-00.20.31.728@1__predict_ambiguity_v1.json.txt	106	1bbc032d0b1954b5046dc3733558eddf79eb6e939b03f01d9a424ca10fbdeb37
outputs/t12_cluster_jobs/t27d-inference-sealed-20260723T202830Z-5c6430b/pulled_previous/raw_outputs/base/vague_0005_Chinatown_00.20.22.905-00.20.31.728@1__predict_cpc_v1.json.txt	995	576356ebc27cb63b8a4ba7bc6ebce4ac03c1007cbce5b18205ee3f81f951dc62
outputs/t12_cluster_jobs/t27d-inference-sealed-20260723T202830Z-5c6430b/pulled_previous/raw_outputs/base/vague_0005_Chinatown_00.20.22.905-00.20.31.728@1__predict_intent_v1.json.txt	105	815d71a6f0d2f693fed54a7e12bfac9363b419eca66610cff2110aca4bd3744b
outputs/t12_cluster_jobs/t27d-inference-sealed-20260723T202830Z-5c6430b/pulled_previous/raw_outputs/base/vague_0005_Chinatown_00.20.22.905-00.20.31.728@1__predict_interpretations_v1.json.txt	185	5793f2a4b2212f946f63852347b7cba05ab602c908d549f20247fba82ba0f904
outputs/t12_cluster_jobs/t27d-inference-sealed-20260723T202830Z-5c6430b/pulled_previous/raw_outputs/base/vague_0005_Chinatown_00.20.22.905-00.20.31.728@1__predict_risk_capability_v1.json.txt	36	846d4ef786086210f8815e215f2d780dbbd42abdc788018454c871c16ff6dc89
outputs/t12_cluster_jobs/t27d-inference-sealed-20260723T202830Z-5c6430b/pulled_previous/raw_outputs/base/vague_0007_DIE_NACHT_DES_JAEGERS_00.11.13.304-00.11.17.380@0__predict_ambiguity_v1.json.txt	107	01e1d225da0e405b86a2e3618a1103285dd2427d000a00ee649e4b479b5fee37
outputs/t12_cluster_jobs/t27d-inference-sealed-20260723T202830Z-5c6430b/pulled_previous/raw_outputs/base/vague_0007_DIE_NACHT_DES_JAEGERS_00.11.13.304-00.11.17.380@0__predict_cpc_v1.json.txt	1056	958a528177759c89a40093543460f20f45b09ba6749aefe0c294f95bf3d2aeb6
outputs/t12_cluster_jobs/t27d-inference-sealed-20260723T202830Z-5c6430b/pulled_previous/raw_outputs/base/vague_0007_DIE_NACHT_DES_JAEGERS_00.11.13.304-00.11.17.380@0__predict_intent_v1.json.txt	197	59f2c18ec6f27d3d5ab4c03fb48db64603ca80bb9316a23a4fcead543ea11e87
outputs/t12_cluster_jobs/t27d-inference-sealed-20260723T202830Z-5c6430b/pulled_previous/raw_outputs/base/vague_0007_DIE_NACHT_DES_JAEGERS_00.11.13.304-00.11.17.380@0__predict_interpretations_v1.json.txt	311	9ee90deec12ccda8d45541eb1c306647891e8e39e69bda968db33494c044827e
outputs/t12_cluster_jobs/t27d-inference-sealed-20260723T202830Z-5c6430b/pulled_previous/raw_outputs/base/vague_0007_DIE_NACHT_DES_JAEGERS_00.11.13.304-00.11.17.380@0__predict_risk_capability_v1.json.txt	41	3ad5ea1a10d810cde40f4eb5407d3e7fa08beac3e650f3e65432f0a39149d2e5
outputs/t12_cluster_jobs/t27d-inference-sealed-20260723T202830Z-5c6430b/pulled_previous/run_manifest.json	148	3d996f4a819998359ff40a6e6ac75ff913efb723747c2279c18b2db89434a4e0
outputs/t12_cluster_jobs/t27d-inference-sealed-20260723T202830Z-5c6430b/pulled_previous/task_prediction_results.json	262737	709d5664a0b36f1c3f1885c54c26f7afd8456100e0d205b62c642fadb3872ab2
outputs/t12_cluster_jobs/t27d-inference-sealed-20260723T202830Z-5c6430b/remote_metadata.json	851	532d2e8a961bbd6d138cf16dbf8c0f1c5434dd15e3d7ecb0026c1b77bc85f403
outputs/t12_cluster_jobs/t27d-inference-sealed-20260723T202830Z-5c6430b/source_identity_manifest.json	323	0694d59269afa65367537d5ea33232bb8bd5b464450a219c3dccaa32cbdfe805
outputs/t12_cluster_jobs/t27d-inference-sealed-20260723T202830Z-5c6430b/submit.sbatch	3394	31a041ec113b5f9f933ee617a02b4d057deb6aeffef33fad63f863a9586f66df
outputs/t12_cluster_jobs/t27d-inference-sealed-20260723T202830Z-5c6430b/t12-5c6430b.tar.gz	231601464	a13e74c758ffdd74096cbb42f1b87db888ea90302a03628b84f830da3edce9ab
outputs/t12_cluster_jobs/t27d-inference-sealed-20260723T202830Z-5c6430b/verification.json	240	a321393ac8c0a0ce714aaed72b6e60189dc8679c228fe5fc726b55e5c7d02b36
outputs/t12_cluster_jobs/t27e-ambiguity-diagnostic-20260724T075850Z-e8ce8fd/remote_metadata.json	883	b9971df5c1b2aafad5d5eee47dc65f539e135aab89511a483418026e776e97ba
outputs/t12_cluster_jobs/t27e-ambiguity-diagnostic-20260724T075850Z-e8ce8fd/source_identity_manifest.json	323	b80127c3f9fbf1211e9fb02334bf5ce80e03e971892b55b4b3657b8e3443c680
outputs/t12_cluster_jobs/t27e-ambiguity-diagnostic-20260724T075850Z-e8ce8fd/submit.sbatch	3060	571c6336e0d9bb938f303e880ed8eb05e346158de3ff046f126485532e3f6c05
outputs/t12_cluster_jobs/t27e-ambiguity-sealed-20260724T085235Z-f200348/remote_metadata.json	843	c0c3911dfe7cb5fb6ffb40b085bc97b1aaebfb528f991ee4e6eb1ed32396fbfa
outputs/t12_cluster_jobs/t27e-ambiguity-sealed-20260724T085235Z-f200348/source_identity_manifest.json	323	9591d6db099cfd6bcbb91f8628946892cc68302d198300b64ff29e3e7d7a1cfd
outputs/t12_cluster_jobs/t27e-ambiguity-sealed-20260724T085235Z-f200348/submit.sbatch	3328	caada9d8d9e8571eea76f4bb35471f397a00aec62d80c70f7418618ce5398190
outputs/t12_cluster_jobs/t27f-schema-preflight-20260724T092502Z-ae42abd/remote_metadata.json	843	6108a819a1a0c739be1795ac9b32ab9bd74be49f1b09b3c86ad2d55d73feb8c9
outputs/t12_cluster_jobs/t27f-schema-preflight-20260724T092502Z-ae42abd/source_identity_manifest.json	323	03b8fdc024adbe915825edea67a6de3b79bfa4a6ba0796684438b87775b1d9fd
outputs/t12_cluster_jobs/t27f-schema-preflight-20260724T092502Z-ae42abd/submit.sbatch	2348	a04f9e72537d3fe35e1289f362cc0707085a3f29ffc527e849077337419b8877
outputs/t28_r3/frozen_manifests/source_dev_task_manifest.jsonl	1722414	6b2b3b3ac1f3682636e1a5bd4ac0bd635660827febfc4c4230cdd5a537a4e2a4
outputs/t28_r3/frozen_manifests/source_train_task_manifest.jsonl	8161719	eb73488a19eb98770ea8ac18986c91d02cd8ca418608340da65394ac66582407
outputs/t28_r3/frozen_manifests/task_manifest_summary.json	1200	52b46d9f5cee6ddc5cbb584b8fdacba92539ed9bd9d93585203ef0b581fbde7c
outputs/t28_r4/runs/t28-r3-primary-20260728/run_matrix_sha256	65	794d117fb1fe9e0048cb0693612a547198b3b920722d9f64b396cd0fb559a0f2
outputs/t28_r4/slurm/t28_job_evidence.json	693	6f15e69221b10ed793b7755e74377deaed4e6c641363346cad34d67ee449c3f6
outputs/t28_r5/bundle/t28-frozen-inputs-c84ad6c24a910208d5eb73a250da9896e48a32f99ca5ff7637ed84532b8bbb98.manifest.json	1770	c84ad6c24a910208d5eb73a250da9896e48a32f99ca5ff7637ed84532b8bbb98
outputs/t28_r5/bundle/t28-frozen-inputs-dbba6c1bdbb796b133abc63436b4a5ca4f8e08c89e4eca1be34d8000f49bae5b.tar.gz	7343743	dbba6c1bdbb796b133abc63436b4a5ca4f8e08c89e4eca1be34d8000f49bae5b
outputs/t28_r5/bundle/t28-frozen-inputs-dbba6c1bdbb796b133abc63436b4a5ca4f8e08c89e4eca1be34d8000f49bae5b.tar.gz.build.json	2020	46df76b716c5442252e6af20706a9f52f2d27a7980b2e12b8aa6aaeaf79ead05
outputs/t28_r5/bundle/t28-frozen-inputs-dbba6c1bdbb796b133abc63436b4a5ca4f8e08c89e4eca1be34d8000f49bae5b.tar.gz.sha256	156	840ed2a802c9da28d9ecb1001a54a41ed7ad17fe1c7d1996331edb181b6516d6
outputs/t28_r5/evidence/_cpu_allowed_deep.py	8582	cdd50cd5850d7e909058dceb67de39e22f74a825455924499bf3e22bd6ad795f
outputs/t28_r5/evidence/_cpu_allowed_token_probe.py	4801	98fb9a87e4f75fac7bd8902cb144a2cd08e1a5d3a1a07d2f868b2edaf80d0f27
outputs/t28_r5/evidence/_cpu_gen_proof.py	5500	b2efb6f065048eb71af3ef2d5d86c11d70f230c62f14992e4686be19b10aa1ff
outputs/t28_r5/evidence/_cpu_gen_proof.sbatch	972	1bfb30d5598e5338703497c43b3fbd6c39da49a6f3ceb225806fc708d5a7e196
outputs/t28_r5/evidence/_remote_debug_probe.sh	2248	4d9c63ceaa03e2102a173d7160eaabeabc39d1534a75633cbb55c856fbc4a36c
outputs/t28_r5/evidence/_remote_debug_probe2.sh	2141	2fe5472c06a96cb2399eac840f34fcd6173a1962afcf74a80d64f2364a8f928d
outputs/t28_r5/evidence/_remote_fix_and_probe.sh	12379	0d0fc14cf2e673c107c5402fca6b60cafecb41e29e57b7d0e5615da9cded69c9
outputs/t28_r5/evidence/_run_cpu_deep.sh	551	3de12cea11ca16e1264199220683551fc233c4567e5b5364bbcd0212a8850131
outputs/t28_r5/evidence/_run_cpu_probe.sh	607	d9763e1d09999eb7b3ee39e11a5c988f322170a0cbc52acd50feee3c34e1678a
outputs/t28_r5/evidence/adapter_identity_pending_selection.json	658	f6d2e85b0f0c09cdca105ad529d664e3f1b5d5870dad4dc208fa09b773e63857
outputs/t28_r5/evidence/cpu_allowed_deep.json	1415	a6f5944c1f41b9ece32654785caea107ba9a2bed98b0ebc9f10effe974a2909b
outputs/t28_r5/evidence/cpu_allowed_token_probe.json	1053	dfd70d91894a9a341b6a17710fe0fa81b2babeb8217b4db66589fdd2afe9a18a
outputs/t28_r5/evidence/cpu_gen_proof.json	468	d26d0aec899ebaa9e35b7c8881b2697c7b9a19eeb7b2ecebef5ae054d0d75ca8
outputs/t28_r5/evidence/cpu_slurm_verify.json	1180	25c4c873394e21c5f3f00bc5897cbd7d7daee7c1ddba17aaf12be92694f2aa66
outputs/t28_r5/evidence/local_cpu_verify.json	946	3f16ace7f3f766aaecf5592c9b84637f3d0b8b79f818526a43a59b1eda3e881b
outputs/t28_r5/evidence/local_integrity_report.json	3445	2c7825b57da437a9358e5787ff300a02dd9732691d9767ee862a4eae04df2711
outputs/t28_r5/evidence/remote_train_t28_full.py	7826	c68b920280ed1283704d088c529a137a82d504932874cf65a8a7cd7dab499404
outputs/t28_r5/evidence/resubmit_dev_eval_3d.sh	1842	c11ba4a72ee88bb785ff46e82964ac8f3a78dd85bcab636042994af664b1c350
outputs/t28_r5/evidence/ROOT_CAUSE_AND_FIX.md	3055	8582e8a5714f8de52cc4d8772f7f579ec37b9757618839c9108a2fe29b9a3ecb
outputs/t28_r5/evidence/t28_debug_root_cause.md	5559	8d36e9178250ffcf37a23d2d5e78e7a0eaa478174f0e688f96723e932b7aecdc
outputs/t28_r5/evidence/t28_pilot120_handoff.json	4508	a012e3639c480666c7ace6a4ce2c956cf39c0b2172cc2637b572caa25f7e78fc
outputs/t28_r5/evidence/transfer_procedure.json	6226	00730bb91b9303d3c330c9781332868e400647726fe2949bbd0595b6005073bd
outputs/t28_r5/local_extract/configs/model/evidence/t27f_schema_preflight_live.json	4391	d1a2d2c67e90b134436857b436ce59ac416225fab49e7bebf858b64b0ebbc4b1
outputs/t28_r5/local_extract/configs/model/t28_frozen_run_matrix_v1.json	496	21d6bd17720b76dcb16d0684e3f9ffb7c2ff082ef7a595c466ae816385872bc4
outputs/t28_r5/local_extract/configs/model/t28_frozen_selection_policy_v1.json	956	bc02914eda858b6ab7282ccc90503de4d7ae766d7504fb3034b36ef413a8d53b
outputs/t28_r5/local_extract/configs/model/t28_training_plan_v1.json	4014	ac3b00e9507b30884fe2b98345bdb36387aeb571948fc522a7ec576d9e685dc7
outputs/t28_r5/local_extract/data/processed/weak_pool/t28_permitted_train_dev.jsonl	46499221	34b551c37c8f97c24c1263a2cc12a9497e65f754924f1404c47055999f04ea22
outputs/t28_r5/local_extract/data/processed/weak_pool/weak_pool_canonical.jsonl	43415410	1e51cac046e014a6b890b10a155d22e32e01aa276d4507a10ad4f86abcf9942a
outputs/t28_r5/local_extract/outputs/t28_r3/frozen_manifests/source_dev_task_manifest.jsonl	1722414	6b2b3b3ac1f3682636e1a5bd4ac0bd635660827febfc4c4230cdd5a537a4e2a4
outputs/t28_r5/local_extract/outputs/t28_r3/frozen_manifests/source_train_task_manifest.jsonl	8161719	eb73488a19eb98770ea8ac18986c91d02cd8ca418608340da65394ac66582407
outputs/t28_r5/local_extract/VERIFY_PASSED.json	1748	1d654beeca34de4da4e53e10636855177dc7d1c466611c9f9d753c7954a8dfb9
outputs/t28_r5/t28-code-100eb5b.tar	4198400	4cb732e5d150176403da6b061e00209e6f964ce5148647b7be1d8a7f64974e92
outputs/t28_r5/t28-code-2b7b9a0.tar	14336	caa26b5968a0c719687b66c7d845d0e03251bb97ad8c99cf090ca3091aa8ba66
outputs/t28_r5/t28-code-39b448f.tar	4198400	d31bc7bc8c5429a5c20da42a8c1c58a0a9398829373a5cbc53f6b465cbab34f9
outputs/t28_r5/t28-code-44bbfb9.tar	4198400	4a077fbe7ea1cb0cff4c0b0e7855b370668309d6927e205ecc367b4f93ce95e9
outputs/t28_r5/t28-code-4b7a507.tar	4198400	b49d687b7325cd86f10b71f42feb27d9a71c1cd57f2ab8c1da6a3bb8d0593f1d
outputs/t28_r5/t28-code-4f24e47.tar	4198400	f1ac781f600a911b32d19f7b3f2a7d7533b933c86ec7432e58fe589299511a8b
outputs/t28_r5/t28-code-5ea4566.tar	4198400	2100f016a057119a438233ade4b8487e912803cb9b3ea33876c975326a22a024
outputs/t28_r5/t28-code-5f8c25c.tar	4198400	9eb5f2b0a7de39cddbd9a8b600a7e725c97b162c994aebdcea8af79d30e72c67
outputs/t28_r5/t28-code-63fcf80.tar	13824	37d047340deb55ec57a2dd1d4970c82feeb2bd29d745f1e543ff1866fc2ddc03
outputs/t28_r5/t28-code-6ea233d.tar	4198400	ffedee6b1d09cfde01c785ed38518fb3504a44e56980842075de48717e53fcd9
outputs/t28_r5/t28-code-764cdb0.tar	14336	70e6d3549e232b03d4096107fbfddab48017e33533cda7f90d84576c1a28d772
outputs/t28_r5/t28-code-92e18d7.tar	4198400	3e127940a7e1482294418104bf733c1f5c59ae3d7659f6fcf8022eb888f9ff61
outputs/t28_r5/t28-code-b38a6f6.tar	4198400	522fd8a130c4b9c16cbe639b0cd6c5284b0c5813794a2178a95e487772ac5c41
outputs/t28_r5/t28-code-ca288c0.tar	4198400	08d9e0387edffb77e0d1abe64477331a53c484c442573daaa343e2e922a0d146
outputs/t28_r5/t28-code-cb34e76.tar	4198400	a9484d2b6e2bba652d8a88f9078292db68344f003b4af93f8c36d667b67ae8f0
outputs/t28_r5/t28-code-df35f72.tar	4198400	b40fe8787be0a7d6990b2e2b0d4a1775518e2a06844c9d5709685c4948a792ad
outputs/t28_r5/t28-code-e5e1c10.tar	4198400	dc736e64caa1d620127f1950085660585f826afa70702f40dba1d399445b9c45
outputs/t28_r5/t28-code-ed5f416.tar	4198400	a517aca01194d860c77558fd8fb642b5b6d15aedad453f238f4d16814e2e210d
outputs/t28_r5/t28_check_30395.py	1760	37aa00dbe96b2679dca6081a6754ed73b41b92a9f3f00e17f1de11e85ca86ee3
outputs/t28_r5/t28_check_eval_progress.py	2089	9c8d2a92110c70c45800690dce550c64d029266e6529c01b0a2415faa3d58027
outputs/t28_r5/t28_inspect_remote.py	1536	e57ba01f780abfa3e579318d17b44b304a5f3de44110dd4e721a6e6b5d507201
outputs/t28_r5/t28_inspect_run.py	969	6561d0e46dd44a2c822ccbdf43f5d225a108ae70d7eec230efc69ac5ad572308
outputs/t28_r5/t28_remote_preflight.py	729	6bb2818ad527e2c725963013593e7a4368f9086ad98cd8b491a767fb237a8996
outputs/t28_r5/t28_sample_eval_rows.py	1133	3d237137b4910b28933cd95c39e24b01cab73eac10ee0c8d80b2c1b2e74e5cff
outputs/t28_r5/t28_submit_dev_eval.sh	982	8cff38ae25805d7e063dbd02fb485cbd758f204928a49739897ab720cf29479e
outputs/t28_r5/t28_submit_task_eval.sh	3876	ee678be05512c416258abfdb9cfd2c30e4dd135760261729b8790fbf7ffe1cae
outputs/t39_reasoning_clusters_20260911.json	39049	7bf55c61024b11538394e7b33451a9781f9ff694f93e4485088119d72fa4ca45
outputs/t39_reasoning_ledger_20260911.jsonl	2828621	a75e4e8a9044e0cec96a22d9e0ffe137abb04877d17545db3d6429f87f5b16cc
outputs/t41_cpu_readiness_contract_20260901.json	219	53a5775c5ce9b9e1e2b78c2cbe63162c17bce396a42f6e778d27fd4f2676fb21
outputs/t42_ambik_candidate_audit_20260902.json	1458	e4fc87302e666ee2a63be05206e24f83a96b1d796ae0351551735cbb9f39d95d
outputs/t42_cpu_readiness_scaffold_20260901.json	214	89354b10b9bca7fd8bd3183277ab9e2eda4b45c18404e88a10babad80e5a619a
outputs/t42_cpu_readiness_scaffold_20260902.json	214	89354b10b9bca7fd8bd3183277ab9e2eda4b45c18404e88a10babad80e5a619a
outputs/t43_cpu_preparation/t43_factorial_manifest_local_20260901_r1.json	3117400	7324a608a0e5aa6e848e49cad822b7195e151d9ae3cda1a528e998ef7b43f8d5
outputs/t43_cpu_preparation/t43_factorial_manifest_local_20260901_r2.json	3117214	01f1a0ca043d3edce653b67261c10068ee541035ee96b0d5cc18164e5c145b4f
outputs/t43_cpu_preparation/t43_static_verification_local_20260901_r1.json	708	2268203b4f9a61683e0cd3ce661784e0cb757e720968c5853ce34390f3c34a6b
outputs/t43_cpu_preparation/t43_static_verification_local_20260901_r2.json	708	2268203b4f9a61683e0cd3ce661784e0cb757e720968c5853ce34390f3c34a6b
outputs/t45_historical_reconciliation_local_20260901/inputs/always_clarify.predictions.jsonl	82088	cf83a253680bc5fdbb915b19ad638af10f99246105a8d14e63a22e91ee9d8d8f
outputs/t45_historical_reconciliation_local_20260901/inputs/always_execute.predictions.jsonl	82000	9f7b6ad31665d047dddedafab19829b77454444acfdf1f6cd4c30cc81b4c3ddc
outputs/t45_historical_reconciliation_local_20260901/inputs/always_silently_resolve.predictions.jsonl	87485	8d869c5789edf382d3e876b0618eb3534a70ecbba6eb0803a121c325c168ef3c
outputs/t45_historical_reconciliation_local_20260901/inputs/context_blind_manager.predictions.jsonl	1282998	cbc82b9a2953c301ae1ab40de680a68cf9c5ee5aa95cb6fef8519f4cde072952
outputs/t45_historical_reconciliation_local_20260901/inputs/degree_based_router.predictions.jsonl	1262827	a27989ec25af36e0e6ae51c5f25a33ce3466192a234e9b797996cbc6d6600015
outputs/t45_historical_reconciliation_local_20260901/inputs/direct_base_llm.predictions.jsonl	469271	73692cbe4f2300dd1d3d5bce55ef6dd598c2fb0bafe7e7cf4a52b598d470cbba
outputs/t45_historical_reconciliation_local_20260901/inputs/full_type_risk_aware_manager.predictions.jsonl	1417220	ed15c50871ba41aa46fae9f2cc6d650d27dacc59c7c1fd9e39688b3f8979e0a0
outputs/t45_historical_reconciliation_local_20260901/inputs/run_manifest.json	4581	b4fc2bacda76c07065de8cff4b0a443eaa1fc0f723fc6729dba7932e8c5d7a12
outputs/t45_historical_reconciliation_local_20260901/inputs/t28_selected_adapter_llm.predictions.jsonl	389174	b3f0a0a525b80c1559517cbf7d0697f52328e8afb587eccddb82e3797a8f266d
outputs/t45_historical_reconciliation_local_20260901/inputs/t29_t30_early_gate.json	1108	83b19123d2ce42a54858c8290079674debb5560a98b5bb3d83af34189e4155a9
outputs/t45_historical_reconciliation_local_20260901/inputs/t31_cost_sensitive_evaluation.json	5093	a1d9aa6e9f15af4f9bfe7ac4743d479aa397966c1d4d2ab450cba08a254e8c62
outputs/t45_historical_reconciliation_local_20260901/inputs/t31plus_early_preflight.json	961	b87a10f0695014d4972e6998f270ac0d9c8e4d14b29ca52420c95a6dfd8a215a
outputs/t45_historical_reconciliation_local_20260901/inputs/t32_paired_statistics.json	4179	e62af99ece15975402c9e6e1f43edab62eab4ee72ccfd9dd58f03e725dc55603
outputs/t45_historical_reconciliation_local_20260901/inputs/t33_predeclared_ablations.json	2623	82bd6624c920235a8df8151d4391f40c31b2d2fb4c28f7e2c2e482d4054c5200
outputs/t45_historical_reconciliation_local_20260901/inputs/t36_layered_failure_analysis.json	8990	dd48a8dccb8f3c6c143980ddfbbf132bc20c002323cd5208c42b798d872e39a9
outputs/t45_historical_reconciliation_local_20260901/inputs/t38_integrity_audit.json	2296	b840159598a1c4d374a9ed31a9b9a1a48374fce8aef35031047a8f830b946cd8
outputs/t45_historical_reconciliation_local_20260901/t45_historical_reconciliation.json	3788	d39b88264f7f2c73ee2a9f29d14836b21d59928383c17c80e67f41a36b92fd64
outputs/t45_historical_reconciliation_local_20260901/t45_historical_reconciliation_v2.json	3788	d39b88264f7f2c73ee2a9f29d14836b21d59928383c17c80e67f41a36b92fd64
outputs/t45_historical_reconciliation_local_20260901/t45_saved_output_slice_report.json	3559091	f416584dbb6c6e67fe8fd95aef53324857dffbe3a48e4cbb82660bc96775abd5
outputs/t45_historical_reconciliation_local_20260901/t45_saved_output_slice_report_v2.json	3499550	03c5d26500cdb012df5c1a441c70b31334f43ce4835a689a2c3b7d7142f9ba42
outputs/uniform_route_bounds_pilot120_20260911.json	2641	4ba6027fde60209ccebe5c81c4c9343ce1b936854012bfe89f67e63a24d92b7f
outputs/vague_goal_intent_context_ablation_inputs_20260902.jsonl	4661657	315dd6dfcb3e4a98049761c982fa3890eaf78deee0c22e3fa302af468bc3b738
outputs/vague_goal_intent_context_ablation_manifest_20260902.json	989	41603a798e1cab26a35b28a05f02b76cb669d0f8ae5dc74b00274f12f603cd6c
outputs/vague_inference_packet_20260908.jsonl	1579729	d841229fdbef02385d69782f3135f124559f48199b691ab4727db6b03b1537e4
outputs/wording_cpc_content_audit_20260914.json	22317	981222ff51390b4bd1f59297bfa4287d3d2811b61713dc7a6f72f0d2fd1cd025
outputs/wording_cpc_deepdive_20260914.json	249418	66a237aba99e5f37330531c0be697ea3512ab0ecc78ba3559a87a06403ab764d
outputs/wording_generator_replay_20260914.json	7805	20aca356ab6442dabed5d29dde6e4efece52bd4ce7f87f9c3c9df5af77a9635d
