record_id,field,annotator_a_value,annotator_b_value,agreement_status,normalization_used_if_any,sent_to_adjudication?
CA-0007,ambiguity_types,"[""pragmatic"",""object_reference"",""temporal_reference""]","[""pragmatic"",""temporal_reference"",""object_reference""]",DISAGREE,JSON canonical sort_keys; no semantic normalization,NO
CA-0007,canonical_outcome,"{""action_plan"":[],""blocking_constraint"":null,""canonical_interpretation"":""After treating the capability-form utterance as a delivery request and binding timing to the 11:00 meal-service occurrence via the active delivery batch, ask which of the two pending selected controlled medicine trays to deliver."",""clarification_question"":""Which selected controlled medicine tray should I deliver after the 11:00 meal service: the one for the nurse, or the one for the ward clerk?"",""rejection_explanation"":null,""success_condition"":null,""terminal_kind"":""clarification"",""unresolved_slot"":{""candidate_values"":[""controlled medicine tray for nurse"",""controlled medicine tray for ward clerk""],""reason_unresolved"":""Two controlled medicine trays are selected and pending, and the command gives no assignment code or recipient name to choose between them."",""slot_name"":""selected_tray""}}","{""action_plan"":[],""blocking_constraint"":null,""canonical_interpretation"":""Deliver one of the two pre-authorized selected controlled medicine trays after the 11:00 meal service; which specific tray (nurse's or ward clerk's) remains unresolved."",""clarification_question"":""Which controlled medicine tray should be delivered after the 11:00 meal service—the one for the nurse or the one for the ward clerk?"",""rejection_explanation"":null,""success_condition"":null,""terminal_kind"":""clarification"",""unresolved_slot"":{""candidate_values"":[""tray for nurse"",""tray for ward clerk""],""reason_unresolved"":""Two selected controlled medicine trays are pending and the command uses the singular 'the selected controlled medicine tray' with no assignment code or recipient name; no contextual evidence selects one over the other."",""slot_name"":""target_tray""}}",DISAGREE,JSON canonical sort_keys; no semantic normalization,NO
CA-0007,confidence,0.86,0.88,DISAGREE,JSON canonical sort_keys; no semantic normalization,NO
CA-0007,evidence,"[{""evidence_text"":""Can the selected controlled medicine tray be delivered after a scheduled meal service?"",""field"":""command"",""supports"":""Surface capability question naming one selected tray and post-meal-service timing.""},{""evidence_text"":""treat that as a request to perform the delivery, not a capability question"",""field"":""dialogue_history"",""supports"":""Resolves pragmatic force from capability question to a delivery request.""},{""evidence_text"":""Two controlled medicine trays are selected and pending, one for nurse and one for ward clerk"",""field"":""scene_context"",""supports"":""Creates object_reference ambiguity between two selected trays.""},{""evidence_text"":""The meal service is scheduled at 11:00 and again at 15:00. The active delivery batch links both pending selected items to the 11:00 occurrence"",""field"":""scene_context"",""supports"":""Two meal-service occurrences with context binding both pending items to 11:00.""},{""evidence_text"":""The command provides no assignment code or recipient name. Both pending assignments are pre-authorized handoffs within the robot's certified transport and access limits; either is executable once selected"",""field"":""scene_context"",""supports"":""Leaves tray choice unresolved while confirming both options are authorized and executable.""},{""evidence_text"":""Hospital delivery robot can move sealed supplies, scan identifiers, and operate approved carts outside direct clinical treatment"",""field"":""capability_context"",""supports"":""Delivery of sealed controlled trays is within robot capability once the tray is selected.""}]","[{""evidence_text"":""Can the selected controlled medicine tray be delivered after a scheduled meal service?"",""field"":""command"",""supports"":""Pragmatic ambiguity: surface form is a capability question; directive force is a delivery request per dialogue history resolution.""},{""evidence_text"":""nurse: Yes—treat that as a request to perform the delivery, not a capability question."",""field"":""dialogue_history"",""supports"":""Resolves pragmatic ambiguity: command is to be treated as a delivery request, not a capability inquiry.""},{""evidence_text"":""Two controlled medicine trays are selected and pending, one for nurse and one for ward clerk."",""field"":""scene_context"",""supports"":""Object_reference ambiguity: singular 'the selected controlled medicine tray' initially matches two candidate trays; neither is contextually selected.""},{""evidence_text"":""The active delivery batch links both pending selected items to the 11:00 occurrence."",""field"":""scene_context"",""supports"":""Resolves temporal_reference ambiguity: 'a scheduled meal service' refers to the 11:00 occurrence rather than the 15:00 occurrence.""},{""evidence_text"":""The command provides no assignment code or recipient name."",""field"":""scene_context"",""supports"":""Object_reference slot remains unresolved: no contextual discriminator identifies which of the two trays is intended.""}]",DISAGREE,JSON canonical sort_keys; no semantic normalization,NO
CA-0007,intent,"""Perform delivery of one selected controlled medicine tray after the linked scheduled meal service, to that tray's already-paired recipient.""","""Deliver the specified selected controlled medicine tray after the 11:00 meal service""",DISAGREE,JSON canonical sort_keys; no semantic normalization,NO
CA-0007,resolved_slots,"{""action"":""deliver"",""force"":""delivery_request"",""timing"":""after_11:00_meal_service""}","{""communicative_force"":""delivery request"",""meal_service_occurrence"":""11:00 meal service""}",DISAGREE,JSON canonical sort_keys; no semantic normalization,NO
CA-0007,risk_level,"""high""","""medium""",DISAGREE,JSON canonical sort_keys; no semantic normalization,NO
CA-0007,strategy_sequence,"[""reinterpret_indirect_request"",""clarify""]","[""reinterpret_indirect_request"",""resolve_reference"",""clarify""]",DISAGREE,JSON canonical sort_keys; no semantic normalization,NO
CA-0012,canonical_outcome,"{""action_plan"":[""Identify the red linen cart beside the fire door with the yellow PENDING tag using work-order evidence"",""Wait for the first five-minute idle slot after the current task ends at 08:00"",""Move that cart to the service alcove""],""blocking_constraint"":null,""canonical_interpretation"":""Move the red PENDING-tagged linen cart beside the fire door to the service alcove during the first five-minute idle slot after the current task ends at 08:00."",""clarification_question"":null,""rejection_explanation"":null,""success_condition"":""The red PENDING-tagged linen cart is at the service alcove after the scheduled idle-slot move."",""terminal_kind"":""executable_interpretation"",""unresolved_slot"":null}","{""action_plan"":[""Navigate to the red linen cart with the yellow PENDING tag beside the fire door."",""Wait for current task to end at 08:00, then begin move in the first available five-minute idle slot."",""Transport the red PENDING cart to the service alcove."",""Confirm placement in the service alcove.""],""blocking_constraint"":null,""canonical_interpretation"":""Perform the move: relocate the red linen cart with the yellow PENDING tag from beside the fire door to the service alcove, starting at the first five-minute idle slot after 08:00."",""clarification_question"":null,""rejection_explanation"":null,""success_condition"":""Red linen cart with yellow PENDING tag is positioned in the service alcove within the first five-minute idle slot after 08:00."",""terminal_kind"":""executable_interpretation"",""unresolved_slot"":null}",DISAGREE,JSON canonical sort_keys; no semantic normalization,NO
CA-0012,confidence,0.87,0.88,DISAGREE,JSON canonical sort_keys; no semantic normalization,NO
CA-0012,evidence,"[{""evidence_text"":""Would it help to move the marked linen cart to the service alcove in a few minutes?"",""field"":""command"",""supports"":""Surface question form with underspecified marked cart and fuzzy timing before resolution.""},{""evidence_text"":""please perform the move rather than only assess whether it would help; use the work-order evidence without another confirmation"",""field"":""dialogue_history"",""supports"":""Reinterprets the question as a directive to execute the move using work-order selection.""},{""evidence_text"":""the black one near the service lift has an orange COMPLETE tag, while the red one beside the fire door has a yellow PENDING tag"",""field"":""scene_context"",""supports"":""Two marked carts; PENDING unfinished versus COMPLETE closed selects the red cart.""},{""evidence_text"":""For low-risk moves, 'in a few minutes' means the first five-minute idle slot after the current task, which ends at 08:00."",""field"":""scene_context"",""supports"":""Deterministic grounding of fuzzy timing for low-risk moves.""},{""evidence_text"":""move linen"",""field"":""capability_context"",""supports"":""Robot can physically perform the linen cart move.""}]","[{""evidence_text"":""Would it help to move the marked linen cart to the service alcove in a few minutes?"",""field"":""command"",""supports"":""Pragmatic ambiguity: interrogative surface form conceals a directive; object_reference ambiguity: 'the marked linen cart' initially matches both work-order-tagged carts; fuzzy_temporal ambiguity: 'in a few minutes' is vague.""},{""evidence_text"":""please perform the move rather than only assess whether it would help; use the work-order evidence without another confirmation."",""field"":""dialogue_history"",""supports"":""Resolves pragmatic ambiguity to a directive to move; instructs use of work-order evidence to resolve object reference without additional clarification.""},{""evidence_text"":""the red one beside the fire door has a yellow PENDING tag. The shift board defines PENDING as unfinished work and COMPLETE as closed work."",""field"":""scene_context"",""supports"":""Resolves object_reference: PENDING designates unfinished work requiring action; the red cart is the operative target; the black COMPLETE cart is closed and excluded.""},{""evidence_text"":""For low-risk moves, 'in a few minutes' means the first five-minute idle slot after the current task, which ends at 08:00."",""field"":""scene_context"",""supports"":""Deterministically resolves fuzzy_temporal 'in a few minutes' to the first five-minute idle slot after 08:00 via a local scene rule.""}]",DISAGREE,JSON canonical sort_keys; no semantic normalization,NO
CA-0012,intent,"""Perform the move of the PENDING-tagged marked linen cart to the service alcove at the first five-minute idle slot after the current task.""","""Move the linen cart with the PENDING work-order tag (red cart beside the fire door) to the service alcove during the first five-minute idle slot after 08:00.""",DISAGREE,JSON canonical sort_keys; no semantic normalization,NO
CA-0012,resolved_slots,"{""action"":""perform move"",""destination"":""service alcove"",""object"":""red linen cart beside the fire door with yellow PENDING tag"",""timing"":""first five-minute idle slot after current task ending at 08:00""}","{""action"":""move"",""destination"":""service alcove"",""object"":""red linen cart with yellow PENDING tag beside the fire door"",""timing"":""first five-minute idle slot after 08:00""}",DISAGREE,JSON canonical sort_keys; no semantic normalization,NO
CA-0021,ambiguity_types,"[""pragmatic"",""discourse_ellipsis"",""pronoun_reference"",""instrument_reference"",""destination_reference""]","[""pragmatic"",""lexical"",""pronoun_reference"",""instrument_reference"",""destination_reference""]",DISAGREE,JSON canonical sort_keys; no semantic normalization,YES
CA-0021,canonical_outcome,"{""action_plan"":[""Identify the work-order-assigned calibrated portable scale beside the ticket validator"",""Place the cleaning cart on that portable scale"",""Confirm the displayed load is below the 18 kg handling limit"",""Return the cleaning cart to the service corridor beside the main entrance named on the work order""],""blocking_constraint"":null,""canonical_interpretation"":""Following the security officer's instruction reading, place the cleaning cart on the assigned calibrated portable scale beside the ticket validator, confirm it is below the 18 kg limit (displayed 12 kg), then return that cleaning cart to the service corridor beside the main entrance named on the work order."",""clarification_question"":null,""rejection_explanation"":null,""success_condition"":""The cleaning cart has been weighed on the assigned portable scale under the 18 kg limit and returned to the work-order service corridor beside the main entrance."",""terminal_kind"":""executable_interpretation"",""unresolved_slot"":null}","{""action_plan"":[""Navigate to the cleaning cart."",""Move the cleaning cart onto the assigned calibrated portable scale beside the ticket validator."",""Confirm scale reading of 12 kg is below the 18 kg handling limit."",""Move the cleaning cart to the service corridor beside the main entrance.""],""blocking_constraint"":null,""canonical_interpretation"":""Place the cleaning cart on the assigned calibrated portable scale beside the ticket validator, confirm the 12 kg reading is below the 18 kg limit, then move the cleaning cart to the service corridor beside the main entrance."",""clarification_question"":null,""rejection_explanation"":null,""success_condition"":""Cleaning cart weighed (12 kg confirmed below 18 kg limit) and returned to the service corridor beside the main entrance."",""terminal_kind"":""executable_interpretation"",""unresolved_slot"":null}",DISAGREE,JSON canonical sort_keys; no semantic normalization,YES
CA-0021,confidence,0.86,0.88,DISAGREE,JSON canonical sort_keys; no semantic normalization,YES
CA-0021,evidence,"[{""evidence_text"":""Could you place the cleaning cart on the portable scale beside the ticket validator, then handle it by returning it to the service corridor?"",""field"":""command"",""supports"":""Polite interrogative form plus underspecified 'handle it'/'it' and singular 'portable scale'/'service corridor' that initially admit multiple readings.""},{""evidence_text"":""Treat this as an instruction, and use 'handle it' to mean move the cleaning cart after weighing it."",""field"":""dialogue_history"",""supports"":""Resolves pragmatic force to an instruction and recovers the omitted weigh-then-move reading of 'handle it' for the cleaning cart.""},{""evidence_text"":""Two portable scales are present. The unit assigned to this work order is calibrated; the other is reserved for a different load."",""field"":""scene_context"",""supports"":""Binds instrument_reference to the work-order-assigned calibrated portable scale.""},{""evidence_text"":""Two locations are labelled service corridor; the work order names the one beside the main entrance."",""field"":""scene_context"",""supports"":""Binds destination_reference to the work-order service corridor beside the main entrance.""},{""evidence_text"":""The work-order return field contains the cleaning cart's asset tag; the portable scale's return point is the calibration rack."",""field"":""scene_context"",""supports"":""With dialogue, selects the cleaning cart rather than the scale as the referent of return 'it'.""},{""evidence_text"":""It displays 12 kilograms. The robot's handling certificate permits this target below the stated 18-kilogram limit."",""field"":""scene_context"",""supports"":""Confirms the weigh-and-handle action is within the permitted load and feasible.""},{""evidence_text"":""Station service robot can move signs and light barriers, scan tags, and deliver sealed items in public and staff zones."",""field"":""capability_context"",""supports"":""No explicit blocking capability gap for this authorized under-limit cart move in a staff/public service zone.""}]","[{""evidence_text"":""Could you place the cleaning cart on the portable scale beside the ticket validator, then handle it by returning it to the service corridor?"",""field"":""command"",""supports"":""Pragmatic ambiguity: 'Could you' is a polite interrogative form that could be read literally or as a directive. Instrument_reference: 'portable scale' initially matches two scales present. Destination_reference: 'service corridor' initially matches two labelled locations.""},{""evidence_text"":""Treat this as an instruction, and use 'handle it' to mean move the cleaning cart after weighing it."",""field"":""dialogue_history"",""supports"":""Resolves pragmatic ambiguity (directive reading confirmed), lexical ambiguity ('handle' = move), and pronoun_reference ('it' = cleaning cart, not portable scale).""},{""evidence_text"":""Two portable scales are present. The unit assigned to this work order is calibrated; the other is reserved for a different load."",""field"":""scene_context"",""supports"":""Resolves instrument_reference: the assigned calibrated portable scale is the correct instrument for this task.""},{""evidence_text"":""Two locations are labelled service corridor; the work order names the one beside the main entrance."",""field"":""scene_context"",""supports"":""Resolves destination_reference: the target is the service corridor beside the main entrance.""},{""evidence_text"":""It displays 12 kilograms. The robot's handling certificate permits this target below the stated 18-kilogram limit."",""field"":""scene_context"",""supports"":""Confirms route-time capability: weight check passed and robot is certified for this load.""}]",DISAGREE,JSON canonical sort_keys; no semantic normalization,YES
CA-0021,intent,"""Treat the polite request as an instruction to place the cleaning cart on the work-order-assigned portable scale beside the ticket validator, verify the load, then return the cleaning cart to the work-order service corridor beside the main entrance.""","""Weigh the cleaning cart on the assigned calibrated portable scale beside the ticket validator to confirm it is below 18 kg, then move the cleaning cart to the service corridor beside the main entrance.""",DISAGREE,JSON canonical sort_keys; no semantic normalization,YES
CA-0021,resolved_slots,"{""communicative_force"":""instruction"",""destination"":""service corridor beside the main entrance"",""instrument"":""work-order assigned calibrated portable scale"",""measured_weight_kg"":12,""object"":""cleaning cart"",""return_object"":""cleaning cart"",""weighing_location"":""portable scale beside the ticket validator"",""weight_limit_kg"":18}","{""action"":""move cleaning cart to service corridor after weighing"",""destination"":""service corridor beside the main entrance"",""instrument"":""assigned calibrated portable scale"",""object"":""cleaning cart""}",DISAGREE,JSON canonical sort_keys; no semantic normalization,YES
CA-0021,strategy_sequence,"[""reinterpret_indirect_request"",""resolve_discourse"",""resolve_reference"",""execute""]","[""reinterpret_indirect_request"",""resolve_lexical"",""resolve_reference"",""execute""]",DISAGREE,JSON canonical sort_keys; no semantic normalization,YES
CA-0026,canonical_outcome,"{""action_plan"":[""Identify the amber return item with the active MOVE tag"",""Carry the item to the display plinth"",""Complete the placement within three minutes""],""blocking_constraint"":null,""canonical_interpretation"":""Move the amber return item with the active MOVE tag to the display plinth within three minutes."",""clarification_question"":null,""rejection_explanation"":null,""success_condition"":""The amber return item is at the display plinth within three minutes of accepting the request."",""terminal_kind"":""executable_interpretation"",""unresolved_slot"":null}","{""action_plan"":[""Identify the amber return item via its active MOVE tag"",""Pick up the amber return item"",""Transport the amber return item to the display plinth"",""Place the amber return item at the display plinth"",""Update the approved inventory terminal to record the completed move""],""blocking_constraint"":null,""canonical_interpretation"":""Carry the amber return item (identified by its active MOVE tag) to the display plinth within three minutes"",""clarification_question"":null,""rejection_explanation"":null,""success_condition"":""The amber return item has been placed at the display plinth within three minutes and the inventory terminal updated to reflect the completed move."",""terminal_kind"":""executable_interpretation"",""unresolved_slot"":null}",DISAGREE,JSON canonical sort_keys; no semantic normalization,NO
CA-0026,evidence,"[{""evidence_text"":""Move the selected return item to its assigned destination shortly."",""field"":""command"",""supports"":""Requests moving a selected return item and introduces vague timing with 'shortly'.""},{""evidence_text"":""The amber one has an active MOVE tag and the blue one has a completed tag."",""field"":""scene_context"",""supports"":""Resolves object_reference by selecting the active-tagged amber item over the completed blue item.""},{""evidence_text"":""The active tag assigns the display plinth as its destination."",""field"":""scene_context"",""supports"":""Binds the assigned destination for the active return item.""},{""evidence_text"":""For ordinary low-risk moves, the local handbook defines 'shortly' as within three minutes."",""field"":""scene_context"",""supports"":""Provides deterministic local grounding for fuzzy_temporal 'shortly'.""},{""evidence_text"":""Retail service robot can carry stock"",""field"":""capability_context"",""supports"":""Confirms the robot can physically perform the stock move.""}]","[{""evidence_text"":""the selected return item"",""field"":""command"",""supports"":""object_reference ambiguity: before contextual resolution, two return items are visible and either could be 'selected'""},{""evidence_text"":""The amber one has an active MOVE tag and the blue one has a completed tag"",""field"":""scene_context"",""supports"":""Resolves object_reference to the amber item: only the amber item carries an active (not completed) MOVE tag, identifying it as the selected item""},{""evidence_text"":""The active tag assigns the display plinth as its destination"",""field"":""scene_context"",""supports"":""Resolves destination slot: the amber item's active MOVE tag explicitly assigns the display plinth""},{""evidence_text"":""shortly"",""field"":""command"",""supports"":""fuzzy_temporal ambiguity: 'shortly' is vague before grounding against the local handbook rule""},{""evidence_text"":""the local handbook defines 'shortly' as within three minutes"",""field"":""scene_context"",""supports"":""Silently resolves fuzzy_temporal: deterministic local rule grounds 'shortly' to within three minutes for ordinary low-risk moves""}]",DISAGREE,JSON canonical sort_keys; no semantic normalization,NO
CA-0026,intent,"""Move the amber return item with the active MOVE tag to the display plinth within three minutes.""","""Move the active return item to its designated destination within a brief specified time window""",DISAGREE,JSON canonical sort_keys; no semantic normalization,NO
CA-0026,primary_ambiguity_type,"""fuzzy_temporal""","""object_reference""",DISAGREE,JSON canonical sort_keys; no semantic normalization,NO
CA-0026,resolved_slots,"{""destination"":""display plinth"",""item"":""amber return item with active MOVE tag"",""timing"":""within three minutes""}","{""deadline"":""within three minutes"",""destination"":""display plinth"",""item"":""amber return item""}",DISAGREE,JSON canonical sort_keys; no semantic normalization,NO
CA-0029,canonical_outcome,"{""action_plan"":[""Wait until after the work-order reservation deadline at 14:00"",""Identify the amber marked display stand beside the staff shelf with the white PENDING tag"",""Move only that display stand; do not move the reservation cart, the red COMPLETE stand, or the archive box""],""blocking_constraint"":null,""canonical_interpretation"":""Wait until after the named 14:00 reservation deadline, then move only the amber display stand beside the staff shelf that carries the white PENDING work-order tag; leave the reservation cart, the COMPLETE red stand, and the unrelated archive box in place."",""clarification_question"":null,""rejection_explanation"":null,""success_condition"":""After 14:00, only the amber PENDING marked display stand has been moved; the reservation cart and other non-target items remain unmoved."",""terminal_kind"":""executable_interpretation"",""unresolved_slot"":null}","{""action_plan"":[""Wait until the current time reaches 14:00 (the reservation deadline named in the work-order note)"",""Navigate to the amber display stand beside the staff shelf"",""Move the amber display stand (PENDING/active work-order item) per work-order instructions"",""Leave all other items, including the reservation cart and the archive box, in place""],""blocking_constraint"":null,""canonical_interpretation"":""After the 14:00 reservation deadline, move the amber display stand (bearing the PENDING tag) from beside the staff shelf; do not move the reservation cart or any other item."",""clarification_question"":null,""rejection_explanation"":null,""success_condition"":""The amber display stand (PENDING tag) has been moved from beside the staff shelf after 14:00; no other items have been displaced"",""terminal_kind"":""executable_interpretation"",""unresolved_slot"":null}",DISAGREE,JSON canonical sort_keys; no semantic normalization,NO
CA-0029,confidence,0.86,0.91,DISAGREE,JSON canonical sort_keys; no semantic normalization,NO
CA-0029,evidence,"[{""evidence_text"":""Move only the marked display stand after the reservation deadline."",""field"":""command"",""supports"":""Surface request scopes 'only' over a marked display stand and schedules the move after a reservation deadline.""},{""evidence_text"":""The reservation cart is excluded from the work order; the word only applies to the marked display stand."",""field"":""dialogue_history"",""supports"":""Resolves scope of 'only' to the marked display stand and excludes the reservation cart.""},{""evidence_text"":""Two display stands carry work-order marks: the amber one beside the staff shelf has a white PENDING tag, while the red one near the return desk has an orange COMPLETE tag."",""field"":""scene_context"",""supports"":""Initially two marked stands; PENDING versus COMPLETE selects the unfinished amber stand.""},{""evidence_text"":""The work-order note names the reservation deadline at 14:00, not the later occurrence at 18:00."",""field"":""scene_context"",""supports"":""Binds the reservation deadline temporal reference to the 14:00 occurrence.""},{""evidence_text"":""Library service robot can move ordinary books and equipment"",""field"":""capability_context"",""supports"":""Moving a display stand is within stated equipment-handling capability.""}]","[{""evidence_text"":""Move only the marked display stand after the reservation deadline."",""field"":""command"",""supports"":""Establishes the directive to move a single marked display stand at a specific time, introducing scope, object_reference, and temporal_reference ambiguities""},{""evidence_text"":""the word only applies to the marked display stand"",""field"":""dialogue_history"",""supports"":""Resolves scope ambiguity: 'only' restricts the move target to the marked display stand, explicitly excluding the reservation cart""},{""evidence_text"":""the amber one beside the staff shelf has a white PENDING tag"",""field"":""scene_context"",""supports"":""Identifies the active-work-order display stand; combined with PENDING defined as unfinished work, resolves object_reference to the amber stand""},{""evidence_text"":""The work-order note names the reservation deadline at 14:00, not the later occurrence at 18:00."",""field"":""scene_context"",""supports"":""Resolves temporal_reference: two deadline occurrences exist (14:00 and 18:00); the work-order note binds the intended deadline to 14:00""}]",DISAGREE,JSON canonical sort_keys; no semantic normalization,NO
CA-0029,intent,"""After the work-order reservation deadline at 14:00, move only the amber PENDING marked display stand beside the staff shelf, excluding the reservation cart and other items.""","""Move the amber PENDING-tagged display stand after the 14:00 reservation deadline""",DISAGREE,JSON canonical sort_keys; no semantic normalization,NO
CA-0029,resolved_slots,"{""action"":""move"",""deadline"":""14:00 reservation deadline"",""excluded_item"":""reservation cart"",""object"":""amber PENDING marked display stand beside the staff shelf"",""scope_of_only"":""marked display stand"",""timing"":""after 14:00""}","{""excluded_item"":""reservation cart"",""move_after_time"":""14:00"",""object"":""amber display stand beside the staff shelf (PENDING tag)""}",DISAGREE,JSON canonical sort_keys; no semantic normalization,NO
CA-0032,canonical_outcome,"{""action_plan"":[""Identify the black water jug with the active MOVE tag as the selected object."",""Confirm its assigned destination is the window table."",""Carry the sealed jug outside occupied paths to the window table within three minutes.""],""blocking_constraint"":null,""canonical_interpretation"":""Move the black water jug that has the active MOVE tag to its assigned window-table destination within three minutes."",""clarification_question"":null,""rejection_explanation"":null,""success_condition"":""The black active-MOVE-tagged water jug is at the window table within three minutes of the request."",""terminal_kind"":""executable_interpretation"",""unresolved_slot"":null}","{""action_plan"":[""Identify the black water jug bearing the active MOVE tag in the service area."",""Navigate to the black water jug's current position."",""Pick up the black water jug."",""Navigate to the window table (destination assigned by the active MOVE tag)."",""Place the black water jug at the window table, completing the move within three minutes of the command.""],""blocking_constraint"":null,""canonical_interpretation"":""Move the black water jug (active MOVE tag) to the window table within three minutes."",""clarification_question"":null,""rejection_explanation"":null,""success_condition"":""The black water jug has been placed at the window table within three minutes of the command being issued."",""terminal_kind"":""executable_interpretation"",""unresolved_slot"":null}",DISAGREE,JSON canonical sort_keys; no semantic normalization,NO
CA-0032,confidence,0.88,0.93,DISAGREE,JSON canonical sort_keys; no semantic normalization,NO
CA-0032,evidence,"[{""evidence_text"":""Move the selected water jug to its assigned destination shortly."",""field"":""command"",""supports"":""Names the selected jug, assigned destination, and vague timing 'shortly' as the requested action.""},{""evidence_text"":""The black one has an active MOVE tag and the grey one has a completed tag."",""field"":""scene_context"",""supports"":""Resolves object_reference by binding 'selected' to the black jug with the active MOVE tag over the completed grey jug.""},{""evidence_text"":""The active tag assigns the window table as its destination."",""field"":""scene_context"",""supports"":""Binds the assigned destination slot to the window table once the active-tagged jug is selected.""},{""evidence_text"":""For ordinary low-risk moves, the local handbook defines 'shortly' as within three minutes."",""field"":""scene_context"",""supports"":""Supplies the deterministic local rule that silently grounds fuzzy_temporal 'shortly' to within three minutes.""},{""evidence_text"":""Restaurant service robot can carry sealed food-service items, scan table tags, and move approved furniture accessories outside occupied paths."",""field"":""capability_context"",""supports"":""Confirms the resolved carry-and-deliver action is within capability for a sealed food-service jug move.""}]","[{""evidence_text"":""the selected water jug"",""field"":""command"",""supports"":""object_reference: two jugs are visible; 'selected' initially matches either, resolved to black jug via active MOVE tag in scene context.""},{""evidence_text"":""The black one has an active MOVE tag and the grey one has a completed tag. The active tag assigns the window table as its destination."",""field"":""scene_context"",""supports"":""Resolves object_reference to black jug and confirms destination as window table.""},{""evidence_text"":""shortly"",""field"":""command"",""supports"":""fuzzy_temporal: vague duration admitting multiple values before deterministic grounding.""},{""evidence_text"":""For ordinary low-risk moves, the local handbook defines 'shortly' as within three minutes."",""field"":""scene_context"",""supports"":""Silently resolves fuzzy_temporal to a concrete bound of three minutes via local deterministic rule.""}]",DISAGREE,JSON canonical sort_keys; no semantic normalization,NO
CA-0032,intent,"""Move the black water jug with the active MOVE tag to the window table within three minutes.""","""Move the active-tagged water jug to its assigned destination within the locally defined short interval.""",DISAGREE,JSON canonical sort_keys; no semantic normalization,NO
CA-0032,primary_ambiguity_type,"""fuzzy_temporal""","""object_reference""",DISAGREE,JSON canonical sort_keys; no semantic normalization,NO
CA-0032,resolved_slots,"{""destination"":""window table"",""object"":""black water jug with active MOVE tag"",""timing"":""within three minutes""}","{""destination"":""window table"",""object"":""black water jug (active MOVE tag)"",""timing"":""within three minutes""}",DISAGREE,JSON canonical sort_keys; no semantic normalization,NO
CA-0035,canonical_outcome,"{""action_plan"":[""Identify the yellow prescription tote with the active MOVE tag as the selected tote"",""Move that tote to the returns bench"",""Complete the move within three minutes""],""blocking_constraint"":null,""canonical_interpretation"":""Move the yellow prescription tote that has the active MOVE tag to its assigned returns-bench destination, treating 'shortly' as within three minutes."",""clarification_question"":null,""rejection_explanation"":null,""success_condition"":""The yellow active-MOVE prescription tote is at the returns bench within three minutes of the request."",""terminal_kind"":""executable_interpretation"",""unresolved_slot"":null}","{""action_plan"":[""Identify the yellow prescription tote bearing the active MOVE tag as the target object."",""Resolve 'shortly' to within three minutes per the local handbook rule for ordinary low-risk moves."",""Transport the yellow tote to the returns bench within three minutes of command receipt.""],""blocking_constraint"":null,""canonical_interpretation"":""Move the yellow prescription tote (active MOVE tag) to the returns bench within three minutes."",""clarification_question"":null,""rejection_explanation"":null,""success_condition"":""The yellow prescription tote (active MOVE tag) is placed at the returns bench within three minutes of command receipt."",""terminal_kind"":""executable_interpretation"",""unresolved_slot"":null}",DISAGREE,JSON canonical sort_keys; no semantic normalization,NO
CA-0035,confidence,0.86,0.91,DISAGREE,JSON canonical sort_keys; no semantic normalization,NO
CA-0035,evidence,"[{""evidence_text"":""Move the selected prescription tote to its assigned destination shortly."",""field"":""command"",""supports"":""Names the tote and destination slots and includes the vague timing 'shortly'.""},{""evidence_text"":""The yellow one has an active MOVE tag and the amber one has a completed tag."",""field"":""scene_context"",""supports"":""Resolves object_reference by selecting the actively tagged tote over the completed one.""},{""evidence_text"":""The active tag assigns the returns bench as its destination."",""field"":""scene_context"",""supports"":""Binds the assigned destination once the active tote is selected.""},{""evidence_text"":""For ordinary low-risk moves, the local handbook defines 'shortly' as within three minutes."",""field"":""scene_context"",""supports"":""Provides the deterministic local rule that silently grounds fuzzy_temporal.""},{""evidence_text"":""Pharmacy service robot can move sealed stock, scan prescriptions, print labels, and operate non-dispensing inventory equipment."",""field"":""capability_context"",""supports"":""Confirms the robot can perform the resolved tote move.""}]","[{""evidence_text"":""the selected prescription tote"",""field"":""command"",""supports"":""object_reference: two prescription totes are visible; 'selected' signals exactly one is designated, requiring contextual binding""},{""evidence_text"":""The yellow one has an active MOVE tag and the amber one has a completed tag."",""field"":""scene_context"",""supports"":""object_reference resolved: active MOVE tag uniquely designates the yellow tote as the selected object; amber tote is inactive""},{""evidence_text"":""The active tag assigns the returns bench as its destination."",""field"":""scene_context"",""supports"":""destination slot resolved to returns bench via the active MOVE tag on the selected tote""},{""evidence_text"":""shortly"",""field"":""command"",""supports"":""fuzzy_temporal: vague delivery window without a scalar value in the command""},{""evidence_text"":""the local handbook defines 'shortly' as within three minutes"",""field"":""scene_context"",""supports"":""fuzzy_temporal silently resolved to within three minutes by deterministic local rule for ordinary low-risk moves""}]",DISAGREE,JSON canonical sort_keys; no semantic normalization,NO
CA-0035,intent,"""Move the yellow prescription tote with the active MOVE tag to the returns bench within three minutes.""","""Move the active-tagged prescription tote to its assigned destination (returns bench) within the locally defined 'shortly' window.""",DISAGREE,JSON canonical sort_keys; no semantic normalization,NO
CA-0035,primary_ambiguity_type,"""fuzzy_temporal""","""object_reference""",DISAGREE,JSON canonical sort_keys; no semantic normalization,NO
CA-0035,recommended_strategy,"""silently_resolve""","""multi_step""",DISAGREE,JSON canonical sort_keys; no semantic normalization,NO
CA-0035,resolved_slots,"{""destination"":""returns bench"",""object"":""yellow prescription tote with active MOVE tag"",""timing"":""within three minutes""}","{""destination"":""returns bench"",""object"":""yellow prescription tote (active MOVE tag)"",""timing"":""within three minutes""}",DISAGREE,JSON canonical sort_keys; no semantic normalization,NO
CA-0035,strategy_sequence,"[""silently_resolve"",""execute""]","[""resolve_reference"",""silently_resolve"",""execute""]",DISAGREE,JSON canonical sort_keys; no semantic normalization,NO
CA-0042,canonical_outcome,"{""action_plan"":[""Wait until the job-linked check at 13:00 is complete"",""Configure the laser level to low-power indoor mode per the operating handbook routine setting"",""Confirm the laser level is in low-power indoor mode""],""blocking_constraint"":null,""canonical_interpretation"":""Treat the question as a directive to configure the already-positioned laser level to low-power indoor mode after the uniquely linked 13:00 check."",""clarification_question"":null,""rejection_explanation"":null,""success_condition"":""After the 13:00 check, the laser level is configured to low-power indoor mode."",""terminal_kind"":""executable_interpretation"",""unresolved_slot"":null}","{""action_plan"":[""Treat the command as a directive per site manager's explicit clarification in dialogue history."",""Interpret 'set' as configuring the laser level's operating mode, not repositioning it."",""Wait for the 13:00 check to complete."",""Set the laser level to low-power indoor mode per the operating handbook routine setting.""],""blocking_constraint"":null,""canonical_interpretation"":""After the 13:00 check concludes, set the laser level's operating mode to low-power indoor mode as specified by the operating handbook."",""clarification_question"":null,""rejection_explanation"":null,""success_condition"":""Laser level operating mode is set to low-power indoor mode after the 13:00 check completes."",""terminal_kind"":""executable_interpretation"",""unresolved_slot"":null}",DISAGREE,JSON canonical sort_keys; no semantic normalization,NO
CA-0042,confidence,0.86,0.88,DISAGREE,JSON canonical sort_keys; no semantic normalization,NO
CA-0042,evidence,"[{""evidence_text"":""Would it help to set the laser level appropriately after the check?"",""field"":""command"",""supports"":""Surface yes/no form and vague 'appropriately' leave pragmatic force and degree underdetermined before context.""},{""evidence_text"":""I am requesting the action rather than asking for a recommendation."",""field"":""dialogue_history"",""supports"":""Resolves pragmatic force from advisory question to an action directive.""},{""evidence_text"":""The laser level is already in its assigned position, so 'set' concerns configuration."",""field"":""scene_context"",""supports"":""Resolves lexical 'set' to mode configuration rather than relocation.""},{""evidence_text"":""The operating handbook defines the routine setting for this asset as low-power indoor mode."",""field"":""scene_context"",""supports"":""Deterministically grounds vague 'appropriately' to low-power indoor mode.""},{""evidence_text"":""The check at 13:00 is uniquely linked to the job."",""field"":""scene_context"",""supports"":""Binds 'after the check' to the single job-linked occurrence.""}]","[{""evidence_text"":""Would it help to set the laser level appropriately after the check?"",""field"":""command"",""supports"":""Pragmatic ambiguity: interrogative surface form initially appears as a recommendation request rather than a directive.""},{""evidence_text"":""I am requesting the action rather than asking for a recommendation."",""field"":""dialogue_history"",""supports"":""Resolves pragmatic ambiguity: site manager explicitly confirms directive force, overriding the interrogative surface form.""},{""evidence_text"":""The laser level is already in its assigned position, so 'set' concerns configuration."",""field"":""scene_context"",""supports"":""Resolves lexical ambiguity: 'set' means configure the operating mode, not physically reposition the device.""},{""evidence_text"":""The operating handbook defines the routine setting for this asset as low-power indoor mode."",""field"":""scene_context"",""supports"":""Deterministic local rule resolves degree_vagueness in 'appropriately' via silent resolution to low-power indoor mode.""},{""evidence_text"":""The check at 13:00 is uniquely linked to the job."",""field"":""scene_context"",""supports"":""Confirms 'the check' has a unique referent; no temporal_reference ambiguity is introduced by 'after the check'.""}]",DISAGREE,JSON canonical sort_keys; no semantic normalization,NO
CA-0042,intent,"""After the job-linked 13:00 check, configure the laser level to the handbook routine setting of low-power indoor mode.""","""Configure the laser level to the handbook-defined routine setting after the 13:00 check""",DISAGREE,JSON canonical sort_keys; no semantic normalization,NO
CA-0042,resolved_slots,"{""action"":""configure operating mode"",""communicative_force"":""directive action request"",""object"":""laser level"",""setting"":""low-power indoor mode"",""timing"":""after the check at 13:00""}","{""directive_force"":""command (not a recommendation request)"",""set_interpretation"":""configure operating mode"",""setting_level"":""low-power indoor mode"",""timing"":""after the check at 13:00""}",DISAGREE,JSON canonical sort_keys; no semantic normalization,NO
CA-0042,strategy_sequence,"[""reinterpret_indirect_request"",""silently_resolve"",""execute""]","[""reinterpret_indirect_request"",""resolve_lexical"",""silently_resolve"",""execute""]",DISAGREE,JSON canonical sort_keys; no semantic normalization,NO
CA-0056,canonical_outcome,"{""action_plan"":[],""blocking_constraint"":null,""canonical_interpretation"":""Timing and usual setup are bound by WO-888 to the 13:00 closing count and service reset, but which of the two pending selected tray-to-recipient assignments to deliver remains unresolved."",""clarification_question"":""Which selected serving tray should I deliver after the 13:00 closing count: the grey tray to the chef, or the amber tray to the guest?"",""rejection_explanation"":null,""success_condition"":null,""terminal_kind"":""clarification"",""unresolved_slot"":{""candidate_values"":[""grey tray -> chef"",""amber tray -> guest""],""reason_unresolved"":""Two selected trays remain pending with distinct paired recipients, and the command gives no item code, color, or recipient name to choose between them."",""slot_name"":""tray_recipient_assignment""}}","{""action_plan"":[],""blocking_constraint"":null,""canonical_interpretation"":""Deliver one of two selected pending serving trays after the 13:00 closing count using the service reset procedure; the specific tray cannot be determined without further input."",""clarification_question"":""Which serving tray should I deliver — the grey one assigned to the chef, or the amber one assigned to the guest?"",""rejection_explanation"":null,""success_condition"":null,""terminal_kind"":""clarification"",""unresolved_slot"":{""candidate_values"":[""grey tray assigned to chef"",""amber tray assigned to guest""],""reason_unresolved"":""Command refers to 'the selected serving tray' but two trays are selected and pending with no item code, color, or recipient name supplied to discriminate between them."",""slot_name"":""serving_tray""}}",DISAGREE,JSON canonical sort_keys; no semantic normalization,NO
CA-0056,confidence,0.86,0.87,DISAGREE,JSON canonical sort_keys; no semantic normalization,NO
CA-0056,evidence,"[{""evidence_text"":""After a scheduled closing count, deliver the selected serving tray using the usual setup."",""field"":""command"",""supports"":""Surface request leaves the tray, closing-count occurrence, and usual-setup procedure underspecified.""},{""evidence_text"":""Two serving trays are selected and both remain pending. The grey one is assigned to chef; the amber one is assigned to guest."",""field"":""scene_context"",""supports"":""Object reference remains unresolved between two linked tray-recipient assignments.""},{""evidence_text"":""The closing count is scheduled at 13:00 and again at 17:00. Work order WO-888 links this delivery to the 13:00 occurrence."",""field"":""scene_context"",""supports"":""Temporal reference initially matches two closing-count occurrences and is bound to 13:00.""},{""evidence_text"":""Work order WO-888 maps to the service reset, while the opening setup applies to a different work-order prefix."",""field"":""scene_context"",""supports"":""Routine reference initially matches multiple setups and is bound to service reset.""},{""evidence_text"":""Restaurant service robot can carry sealed food-service items, scan table tags, and move approved furniture accessories outside occupied paths."",""field"":""capability_context"",""supports"":""Either authorized tray handoff is within capability once the assignment is selected.""}]","[{""evidence_text"":""the selected serving tray"",""field"":""command"",""supports"":""object_reference: definite article implies one tray, but two selected trays are pending and the command supplies no item code, color, or recipient to discriminate them""},{""evidence_text"":""After a scheduled closing count"",""field"":""command"",""supports"":""temporal_reference: closing count occurs at both 13:00 and 17:00; command does not name which occurrence""},{""evidence_text"":""the usual setup"",""field"":""command"",""supports"":""routine_reference: 'usual setup' initially maps to multiple procedures (service reset and opening setup)""},{""evidence_text"":""Work order WO-888 links this delivery to the 13:00 occurrence"",""field"":""scene_context"",""supports"":""temporal_reference resolved to the 13:00 closing count""},{""evidence_text"":""Work order WO-888 maps to the service reset"",""field"":""scene_context"",""supports"":""routine_reference resolved to service reset procedure via active work-order binding""},{""evidence_text"":""The command provides no item code, color, or recipient name"",""field"":""scene_context"",""supports"":""object_reference remains unresolved: no discriminating evidence selects between the grey (chef) and amber (guest) trays""}]",DISAGREE,JSON canonical sort_keys; no semantic normalization,NO
CA-0056,intent,"""After the WO-888-linked 13:00 closing count, deliver one selected serving tray to its paired recipient using the service-reset usual setup.""","""Deliver one of the two selected pending serving trays after the 13:00 closing count, following the service reset setup procedure.""",DISAGREE,JSON canonical sort_keys; no semantic normalization,NO
CA-0056,recommended_strategy,"""clarify""","""multi_step""",DISAGREE,JSON canonical sort_keys; no semantic normalization,NO
CA-0056,resolved_slots,"{""delivery_mode"":""pre-authorized handoff within certified transport limits"",""routine"":""service reset"",""trigger_event"":""closing count at 13:00""}","{""closing_count_occurrence"":""13:00"",""serving_tray"":null,""setup_procedure"":""service reset""}",DISAGREE,JSON canonical sort_keys; no semantic normalization,NO
CA-0056,strategy_sequence,"[""clarify""]","[""resolve_reference"",""clarify""]",DISAGREE,JSON canonical sort_keys; no semantic normalization,NO
CA-0058,canonical_outcome,"{""action_plan"":[""Select the handheld measuring cup calibrated for liquid soap"",""Top up the portable soap dispenser beside the linen cabinet to 800 ml using that cup"",""Return the soap dispenser to the linen closet"",""Return the measuring cup to its calibration rack""],""blocking_constraint"":null,""canonical_interpretation"":""Use the handheld measuring cup calibrated for liquid soap to top up the portable soap dispenser beside the linen cabinet to 800 ml (six afternoon uses at 125 ml plus a 50 ml reserve), then return the soap dispenser to the linen closet and the measuring cup to its calibration rack."",""clarification_question"":null,""rejection_explanation"":null,""success_condition"":""Soap dispenser at the linen closet holds 800 ml for the afternoon round, and the soap-calibrated measuring cup is back on its calibration rack."",""terminal_kind"":""executable_interpretation"",""unresolved_slot"":null}","{""action_plan"":[""Retrieve the handheld measuring cup calibrated for liquid soap."",""Measure 800 ml of liquid soap (6 standard afternoon uses × 125 ml per use + 50 ml reserve = 800 ml)."",""Top up the portable soap dispenser beside the linen cabinet to 800 ml."",""Return the soap dispenser to the linen closet as indicated by the work-order return field."",""Return the handheld measuring cup to its calibration rack.""],""blocking_constraint"":null,""canonical_interpretation"":""Use the handheld measuring cup (calibrated for liquid soap) to fill the portable soap dispenser beside the linen cabinet with 800 ml of liquid soap (6 uses × 125 ml + 50 ml reserve), then return the soap dispenser to the linen closet and the measuring cup to its calibration rack."",""clarification_question"":null,""rejection_explanation"":null,""success_condition"":""Soap dispenser returned to the linen closet containing 800 ml of liquid soap; handheld measuring cup returned to its calibration rack."",""terminal_kind"":""executable_interpretation"",""unresolved_slot"":null}",DISAGREE,JSON canonical sort_keys; no semantic normalization,NO
CA-0058,confidence,0.84,0.87,DISAGREE,JSON canonical sort_keys; no semantic normalization,NO
CA-0058,evidence,"[{""evidence_text"":""Use the measuring cup to top up the soap dispenser beside the linen cabinet, then return it with enough for the afternoon round."",""field"":""command"",""supports"":""Names the cup and dispenser, leaves 'it' and 'enough' underspecified for return object and refill volume.""},{""evidence_text"":""The handheld measuring cup is calibrated for liquid soap. A second measuring cup on the linen closet is reserved for another material."",""field"":""scene_context"",""supports"":""Two measuring cups initially match; soap calibration binds the instrument.""},{""evidence_text"":""The work-order return field contains the soap dispenser's asset tag; the assigned measuring cup's return point is its calibration rack."",""field"":""scene_context"",""supports"":""Work-order return targets the dispenser, binding pronoun 'it' over the cup.""},{""evidence_text"":""The afternoon plan contains six standard uses. The replenishment table specifies 125 millilitres per use plus a 50-millilitre reserve."",""field"":""scene_context"",""supports"":""Deterministic rule grounds 'enough for the afternoon round' as 800 ml.""},{""evidence_text"":""The soap dispenser's return position is the linen closet."",""field"":""scene_context"",""supports"":""Once 'it' is the dispenser, return destination is the linen closet.""},{""evidence_text"":""The named liquid, container, and refill operation are approved for this robot, and the table-derived volume is within the assigned tool's certified range."",""field"":""scene_context"",""supports"":""Approved refill and in-range volume make silent grounding and execution feasible.""}]","[{""evidence_text"":""Use the measuring cup to top up the soap dispenser beside the linen cabinet"",""field"":""command"",""supports"":""instrument_reference and object identified: the measuring cup is the assigned instrument; the soap dispenser is the object to be filled""},{""evidence_text"":""The handheld measuring cup is calibrated for liquid soap. A second measuring cup on the linen closet is reserved for another material."",""field"":""scene_context"",""supports"":""instrument_reference resolved: the handheld cup (not the linen-closet cup) is the correct instrument for this soap operation""},{""evidence_text"":""return it with enough for the afternoon round"",""field"":""command"",""supports"":""pronoun_reference identified ('it' requires binding to either soap dispenser or measuring cup) and fuzzy_quantity identified ('enough for the afternoon round' requires deterministic grounding)""},{""evidence_text"":""The work-order return field contains the soap dispenser's asset tag; the assigned measuring cup's return point is its calibration rack. The soap dispenser's return position is the linen closet."",""field"":""scene_context"",""supports"":""pronoun_reference resolved: 'it' refers to the soap dispenser — the work-order tracks its asset tag and 'with enough' describes its fill level, not a pre-loaded measuring cup; return destinations confirmed for both items""},{""evidence_text"":""The afternoon plan contains six standard uses. The replenishment table specifies 125 millilitres per use plus a 50-millilitre reserve."",""field"":""scene_context"",""supports"":""fuzzy_quantity resolved deterministically via local replenishment table: 6 × 125 + 50 = 800 ml; table-derived volume confirmed within assigned tool's certified range""}]",DISAGREE,JSON canonical sort_keys; no semantic normalization,NO
CA-0058,intent,"""Using the soap-calibrated handheld measuring cup, top up the portable soap dispenser beside the linen cabinet to the afternoon-round volume, then return that dispenser to the linen closet.""","""Top up the soap dispenser beside the linen cabinet using the calibrated handheld measuring cup, filling it with enough liquid soap for the afternoon round, then return the soap dispenser to the linen closet.""",DISAGREE,JSON canonical sort_keys; no semantic normalization,NO
CA-0058,resolved_slots,"{""afternoon_uses"":6,""instrument"":""handheld measuring cup calibrated for liquid soap"",""ml_per_use"":125,""refill_volume_ml"":800,""reserve_ml"":50,""return_destination"":""linen closet"",""return_object"":""soap dispenser"",""target_object"":""portable soap dispenser beside the linen cabinet""}","{""instrument"":""handheld measuring cup calibrated for liquid soap"",""measuring_cup_return"":""calibration rack"",""object"":""soap dispenser beside the linen cabinet"",""return_destination"":""linen closet"",""return_target"":""soap dispenser"",""volume_ml"":800}",DISAGREE,JSON canonical sort_keys; no semantic normalization,NO
CA-0063,canonical_outcome,"{""action_plan"":[""Wait for the next two-minute idle window"",""Perform the WO-380 check on the radio unit"",""Configure the radio unit speaker volume to 60 percent"",""Inspect the radio unit""],""blocking_constraint"":null,""canonical_interpretation"":""In the next two-minute idle window, follow WO-380 by performing the check, then configuring the radio unit to 60 percent speaker volume, then inspecting it."",""clarification_question"":null,""rejection_explanation"":null,""success_condition"":""The radio unit has been checked, configured to 60 percent speaker volume, and inspected in WO-380 order, begun in the next two-minute idle window."",""terminal_kind"":""executable_interpretation"",""unresolved_slot"":null}","{""action_plan"":[""Wait for the next two-minute idle window (current task window ends at 13:00)"",""Perform the radio unit check per WO-380"",""Configure the radio unit to 60 percent speaker volume as assigned in the work-order configuration table"",""Inspect the radio unit per WO-380""],""blocking_constraint"":null,""canonical_interpretation"":""Starting at the next two-minute idle window, execute the radio unit check, then configure it to 60 percent speaker volume, then inspect it, following the WO-380 sequence."",""clarification_question"":null,""rejection_explanation"":null,""success_condition"":""Radio unit check, configuration to 60 percent speaker volume, and inspection all completed in WO-380 order within the next two-minute idle window"",""terminal_kind"":""executable_interpretation"",""unresolved_slot"":null}",DISAGREE,JSON canonical sort_keys; no semantic normalization,NO
CA-0063,confidence,0.86,0.83,DISAGREE,JSON canonical sort_keys; no semantic normalization,NO
CA-0063,evidence,"[{""evidence_text"":""In a moment, complete both the configuration and inspection of the radio unit after the check, setting it to its routine level."",""field"":""command"",""supports"":""Command leaves config-vs-inspection order, start timing, and routine level underspecified before context grounding.""},{""evidence_text"":""Procedure WO-380 requires the check, then configuration, then inspection."",""field"":""scene_context"",""supports"":""Resolves action_order to check, then configuration, then inspection.""},{""evidence_text"":""For low-risk configuration work, 'in a moment' is defined as the next two-minute idle window."",""field"":""scene_context"",""supports"":""Deterministically grounds fuzzy_temporal 'in a moment' for silent resolution.""},{""evidence_text"":""The work-order configuration table assigns 60 percent speaker volume to this asset."",""field"":""scene_context"",""supports"":""Deterministically grounds degree_vagueness 'routine level' to 60 percent speaker volume.""},{""evidence_text"":""operate approved radios and meters outside direct medical treatment"",""field"":""capability_context"",""supports"":""Robot can operate approved radios, so the resolved configuration and inspection path is feasible.""}]","[{""evidence_text"":""complete both the configuration and inspection of the radio unit after the check"",""field"":""command"",""supports"":""action_order ambiguity: command groups configuration and inspection together without fixing their mutual sequence""},{""evidence_text"":""Procedure WO-380 requires the check, then configuration, then inspection"",""field"":""scene_context"",""supports"":""resolves action_order: mandatory sequence is check then configuration then inspection""},{""evidence_text"":""In a moment"",""field"":""command"",""supports"":""fuzzy_temporal: vague delay before starting the task""},{""evidence_text"":""For low-risk configuration work, 'in a moment' is defined as the next two-minute idle window"",""field"":""scene_context"",""supports"":""deterministic local rule grounds fuzzy_temporal to the next two-minute idle window""},{""evidence_text"":""setting it to its routine level"",""field"":""command"",""supports"":""degree_vagueness: 'routine level' is a vague operating level with no scalar value in the command""},{""evidence_text"":""The work-order configuration table assigns 60 percent speaker volume to this asset"",""field"":""scene_context"",""supports"":""resolves degree_vagueness: 'routine level' equals 60 percent speaker volume for this radio unit""}]",DISAGREE,JSON canonical sort_keys; no semantic normalization,NO
CA-0063,intent,"""After the WO-380 check, configure the radio unit to 60 percent speaker volume and then inspect it, starting in the next two-minute idle window.""","""Complete the radio unit check, then configure it to its work-order-assigned speaker volume, then inspect it, starting at the next two-minute idle window""",DISAGREE,JSON canonical sort_keys; no semantic normalization,NO
CA-0063,primary_ambiguity_type,"""fuzzy_temporal""","""action_order""",DISAGREE,JSON canonical sort_keys; no semantic normalization,NO
CA-0063,recommended_strategy,"""silently_resolve""","""multi_step""",DISAGREE,JSON canonical sort_keys; no semantic normalization,NO
CA-0063,resolved_slots,"{""action_order"":""check then configuration then inspection"",""object"":""radio unit"",""procedure"":""WO-380"",""speaker_volume"":""60 percent"",""start_time"":""next two-minute idle window""}","{""action_order"":""check then configuration then inspection (per WO-380)"",""object"":""radio unit"",""start_time"":""next two-minute idle window"",""volume_level"":""60 percent speaker volume""}",DISAGREE,JSON canonical sort_keys; no semantic normalization,NO
CA-0063,strategy_sequence,"[""silently_resolve"",""execute""]","[""resolve_context"",""silently_resolve"",""execute""]",DISAGREE,JSON canonical sort_keys; no semantic normalization,NO
CA-0070,canonical_outcome,"{""action_plan"":[],""blocking_constraint"":null,""canonical_interpretation"":""After staging both carts beside the medicine refrigerator and binding return of the linen cart via the work-order return field, ask which of the two authorized secure equipment bay units should receive the linen cart."",""clarification_question"":""Should I return the linen cart to secure equipment bay unit A at the bay entrance or unit B at the handover board?"",""rejection_explanation"":null,""success_condition"":null,""terminal_kind"":""clarification"",""unresolved_slot"":{""candidate_values"":[""unit A"",""unit B""],""reason_unresolved"":""Two empty authorized secure equipment bays match the definite destination, and the work order names neither unit while secure-storage policy requires the unit identifier before placement."",""slot_name"":""destination""}}","{""action_plan"":[],""blocking_constraint"":null,""canonical_interpretation"":""Stage both the linen cart and the transfer cart beside the medicine refrigerator; then return the linen cart (identified by the work-order asset tag) to one of the two authorized secure equipment bays. The specific bay destination cannot be determined from the supplied evidence."",""clarification_question"":""Which secure equipment bay should the linen cart be returned to — unit A at the bay entrance, or unit B at the handover board?"",""rejection_explanation"":null,""success_condition"":null,""terminal_kind"":""clarification"",""unresolved_slot"":{""candidate_values"":[""unit A at the bay entrance"",""unit B at the handover board""],""reason_unresolved"":""The command references 'the secure equipment bay' but two authorized bays exist; the work order names neither, and secure-storage policy requires the unit identifier before placement."",""slot_name"":""secure_equipment_bay""}}",DISAGREE,JSON canonical sort_keys; no semantic normalization,NO
CA-0070,confidence,0.86,0.88,DISAGREE,JSON canonical sort_keys; no semantic normalization,NO
CA-0070,evidence,"[{""evidence_text"":""Move the linen cart and the transfer cart beside the medicine refrigerator, then return it to the secure equipment bay."",""field"":""command"",""supports"":""Pronoun 'it' initially may bind to either cart; destination 'the secure equipment bay' is a singular definite with multiple scene matches.""},{""evidence_text"":""The work-order return field contains the linen cart's asset tag, while the cart is to remain beside the medicine refrigerator after staging."",""field"":""scene_context"",""supports"":""Work-order return field binds the returned object to the linen cart and leaves the other cart at staging.""},{""evidence_text"":""Two secure equipment bays are empty and authorized: unit A at the bay entrance and unit B at the handover board."",""field"":""scene_context"",""supports"":""Destination reference has exactly two authorized candidate bays.""},{""evidence_text"":""The work order names neither unit. Secure-storage policy requires the unit identifier before placement."",""field"":""scene_context"",""supports"":""No safe deterministic rule selects unit A versus unit B before placement.""},{""evidence_text"":""Hospital delivery robot can move sealed supplies, scan identifiers, and operate approved carts outside direct clinical treatment."",""field"":""capability_context"",""supports"":""Cart staging and bay return are within capability once the bay unit is specified.""}]","[{""evidence_text"":""return it to the secure equipment bay"",""field"":""command"",""supports"":""destination_reference: 'the secure equipment bay' is singular but maps to two authorized locations in scene context; also introduces pronoun_reference — 'it' initially permits either the linen cart or the transfer cart as antecedent""},{""evidence_text"":""Two secure equipment bays are empty and authorized: unit A at the bay entrance and unit B at the handover board. The work order names neither unit. Secure-storage policy requires the unit identifier before placement."",""field"":""scene_context"",""supports"":""destination_reference is unresolved: policy mandates unit identifier, but the work order and context supply none; clarification is required""},{""evidence_text"":""The work-order return field contains the linen cart's asset tag"",""field"":""scene_context"",""supports"":""pronoun_reference resolved: 'it' in 'return it' refers to the linen cart via the work-order return field asset tag""},{""evidence_text"":""the cart is to remain beside the medicine refrigerator after staging"",""field"":""scene_context"",""supports"":""confirms the transfer cart stays at the staging location, reinforcing that only the linen cart is the return object""}]",DISAGREE,JSON canonical sort_keys; no semantic normalization,NO
CA-0070,intent,"""Stage the linen cart and transfer cart beside the medicine refrigerator, leave the transfer cart there, and return the linen cart to one authorized secure equipment bay unit.""","""Stage both the linen cart and the transfer cart beside the medicine refrigerator, then return the linen cart to the designated secure equipment bay.""",DISAGREE,JSON canonical sort_keys; no semantic normalization,NO
CA-0070,recommended_strategy,"""clarify""","""multi_step""",DISAGREE,JSON canonical sort_keys; no semantic normalization,NO
CA-0070,resolved_slots,"{""object_1"":""linen cart"",""object_2"":""transfer cart"",""remain_at_staging"":""transfer cart"",""return_object"":""linen cart"",""staging_location"":""beside the medicine refrigerator""}","{""object_to_return"":""linen cart"",""objects_to_stage"":""linen cart and transfer cart"",""pronoun_antecedent"":""linen cart"",""staging_location"":""beside the medicine refrigerator""}",DISAGREE,JSON canonical sort_keys; no semantic normalization,NO
CA-0070,risk_level,"""high""","""medium""",DISAGREE,JSON canonical sort_keys; no semantic normalization,NO
CA-0070,strategy_sequence,"[""clarify""]","[""resolve_reference"",""clarify""]",DISAGREE,JSON canonical sort_keys; no semantic normalization,NO
CA-0072,canonical_outcome,"{""action_plan"":[],""blocking_constraint"":{""factor"":""capability_constraint"",""reason"":""The pending toolbox is loaded to 46 kilograms, which exceeds the robot's certified 25 kilogram payload limit, and no approved heavy-load attachment is available.""},""canonical_interpretation"":""After the 10:00 quality check, move the green PENDING-marked toolbox beside the vice station to the scrap cage, but the robot cannot perform the move because the toolbox exceeds certified payload."",""clarification_question"":null,""rejection_explanation"":""I can identify the move of the pending marked toolbox to the scrap cage after the 10:00 quality check, but I cannot carry it: it weighs 46 kg and my certified payload limit is 25 kg with no approved heavy-load attachment."",""success_condition"":null,""terminal_kind"":""rejection"",""unresolved_slot"":null}","{""action_plan"":[],""blocking_constraint"":{""factor"":""capability_constraint"",""reason"":""The pending toolbox weighs 46 kilograms, exceeding the robot's certified payload limit of 25 kilograms; no approved heavy-load attachment is available.""},""canonical_interpretation"":""Move the green PENDING toolbox (46 kg) to the scrap cage after the 10:00 quality check"",""clarification_question"":null,""rejection_explanation"":""The resolved toolbox (green PENDING, 46 kg) exceeds the robot's certified payload limit of 25 kg and no approved heavy-load attachment exists; the requested move cannot be performed within the robot's physical capability."",""success_condition"":null,""terminal_kind"":""rejection"",""unresolved_slot"":null}",DISAGREE,JSON canonical sort_keys; no semantic normalization,NO
CA-0072,confidence,0.88,0.92,DISAGREE,JSON canonical sort_keys; no semantic normalization,NO
CA-0072,evidence,"[{""evidence_text"":""After a scheduled quality check, move the marked toolbox to the scrap cage."",""field"":""command"",""supports"":""Directs a post-check move of a marked toolbox to the scrap cage.""},{""evidence_text"":""Two toolboxes carry work-order marks: the green one beside the vice station has a white PENDING tag, while the yellow one near the machine cell has a yellow COMPLETE tag."",""field"":""scene_context"",""supports"":""Initially two marked toolboxes compete for object_reference.""},{""evidence_text"":""The quality check is scheduled at 10:00 and again at 14:00."",""field"":""scene_context"",""supports"":""Two quality-check occurrences create temporal_reference before contextual binding.""},{""evidence_text"":""The active move tag links the pending item to the 10:00 occurrence."",""field"":""scene_context"",""supports"":""Binds the target to the PENDING toolbox and the 10:00 quality check.""},{""evidence_text"":""The pending toolbox is loaded to 46 kilograms."",""field"":""scene_context"",""supports"":""Establishes the mass of the resolved object above payload capacity.""},{""evidence_text"":""Its certified payload limit is 25 kilograms, and it has no approved heavy-load attachment."",""field"":""capability_context"",""supports"":""Blocks execution under a capability constraint once the overweight toolbox is identified.""}]","[{""evidence_text"":""the marked toolbox"",""field"":""command"",""supports"":""object_reference ambiguity: 'marked' initially matches both the green PENDING toolbox and the yellow COMPLETE toolbox""},{""evidence_text"":""Two toolboxes carry work-order marks: the green one beside the vice station has a white PENDING tag, while the yellow one near the machine cell has a yellow COMPLETE tag"",""field"":""scene_context"",""supports"":""Confirms two candidate referents for 'the marked toolbox'""},{""evidence_text"":""a scheduled quality check"",""field"":""command"",""supports"":""temporal_reference ambiguity: two scheduled occurrences exist (10:00 and 14:00)""},{""evidence_text"":""The quality check is scheduled at 10:00 and again at 14:00. The active move tag links the pending item to the 10:00 occurrence."",""field"":""scene_context"",""supports"":""Resolves temporal_reference to 10:00 and object_reference to the green PENDING toolbox""},{""evidence_text"":""The pending toolbox is loaded to 46 kilograms"",""field"":""scene_context"",""supports"":""Resolved toolbox weight exceeds the robot's payload limit""},{""evidence_text"":""Its certified payload limit is 25 kilograms, and it has no approved heavy-load attachment"",""field"":""capability_context"",""supports"":""Capability constraint blocks execution: 46 kg exceeds 25 kg certified limit with no override attachment""}]",DISAGREE,JSON canonical sort_keys; no semantic normalization,NO
CA-0072,intent,"""After the 10:00 quality check, move the green PENDING-marked toolbox to the scrap cage.""","""Move the green PENDING toolbox to the scrap cage after the 10:00 quality check""",DISAGREE,JSON canonical sort_keys; no semantic normalization,NO
CA-0072,resolved_slots,"{""destination"":""scrap cage"",""object"":""green PENDING toolbox beside the vice station"",""quality_check_occurrence"":""10:00"",""timing"":""after 10:00 quality check""}","{""quality_check_occurrence"":""10:00"",""toolbox"":""green PENDING toolbox""}",DISAGREE,JSON canonical sort_keys; no semantic normalization,NO
CA-0072,strategy_sequence,"[""resolve_reference"",""verify_capability"",""face_preserving_rejection""]","[""resolve_reference"",""face_preserving_rejection""]",DISAGREE,JSON canonical sort_keys; no semantic normalization,NO
CA-0078,ambiguity_types,"[""recipient_reference"",""temporal_reference""]","[""temporal_reference"",""recipient_reference""]",DISAGREE,JSON canonical sort_keys; no semantic normalization,NO
CA-0078,canonical_outcome,"{""action_plan"":[],""blocking_constraint"":null,""canonical_interpretation"":""After binding the handoff to the 10:00 guest arrival via WO-783, ask which of the two authorized homeowners should receive the blanket before delivery."",""clarification_question"":""Should I deliver the WO-783 blanket to homeowner BLACK-17 at the console table or homeowner YELLOW-42 at the patio door?"",""rejection_explanation"":null,""success_condition"":null,""terminal_kind"":""clarification"",""unresolved_slot"":{""candidate_values"":[""BLACK-17"",""YELLOW-42""],""reason_unresolved"":""The command names only the role homeowner, the delivery note contains only that role title, and the roster lists two authorized badge holders, while recipient identity is required before handoff."",""slot_name"":""recipient""}}","{""action_plan"":[],""blocking_constraint"":null,""canonical_interpretation"":""Deliver blanket WO-783 to the homeowner badge holder after the 10:00 guest arrival; the specific recipient among two authorized badge holders must be confirmed before handoff."",""clarification_question"":""Which homeowner should receive the blanket — badge BLACK-17 at the console table or badge YELLOW-42 at the patio door?"",""rejection_explanation"":null,""success_condition"":null,""terminal_kind"":""clarification"",""unresolved_slot"":{""candidate_values"":[""badge BLACK-17 at the console table"",""badge YELLOW-42 at the patio door""],""reason_unresolved"":""The delivery note contains only the role title 'homeowner'; the handoff roster lists two authenticated and authorized badge holders under that role, and no deterministic rule selects between them."",""slot_name"":""recipient""}}",DISAGREE,JSON canonical sort_keys; no semantic normalization,NO
CA-0078,confidence,0.86,0.88,DISAGREE,JSON canonical sort_keys; no semantic normalization,NO
CA-0078,evidence,"[{""evidence_text"":""Deliver the blanket to the homeowner after the scheduled guest arrival."",""field"":""command"",""supports"":""Surface request leaves homeowner and scheduled guest arrival underspecified as role and event phrases.""},{""evidence_text"":""The schedule lists the guest arrival at 10:00 and 14:00; delivery tag WO-783 links the handoff to the 10:00 occurrence."",""field"":""scene_context"",""supports"":""Two guest-arrival occurrences exist; WO-783 deterministically selects the 10:00 temporal_reference.""},{""evidence_text"":""The handoff roster lists two recipients under the role homeowner: badge BLACK-17 at the console table and badge YELLOW-42 at the patio door."",""field"":""scene_context"",""supports"":""Two initially matching homeowner recipients remain as the unresolved recipient_reference slot.""},{""evidence_text"":""Recipient identity is required before handoff."",""field"":""scene_context"",""supports"":""No safe deterministic rule selects between the two authorized recipients, so clarification is required.""},{""evidence_text"":""it can inspect, label, carry, place, and clean ordinary household items"",""field"":""capability_context"",""supports"":""Delivery of a household blanket is within capability once the recipient is identified.""}]","[{""evidence_text"":""after the scheduled guest arrival"",""field"":""command"",""supports"":""temporal_reference: the command references a scheduled event that the scene context reveals has two occurrences (10:00 and 14:00), creating an initial ambiguity""},{""evidence_text"":""delivery tag WO-783 links the handoff to the 10:00 occurrence"",""field"":""scene_context"",""supports"":""temporal_reference resolved: the WO-783 delivery tag binding deterministically selects the 10:00 guest arrival as the temporal trigger""},{""evidence_text"":""to the homeowner"",""field"":""command"",""supports"":""recipient_reference: the role title 'homeowner' initially matches two distinct badge holders in the handoff roster""},{""evidence_text"":""two recipients under the role homeowner: badge BLACK-17 at the console table and badge YELLOW-42 at the patio door"",""field"":""scene_context"",""supports"":""recipient_reference unresolved: both badge holders are authenticated and authorized, the delivery note provides only the role title, and no further specifier selects one over the other""}]",DISAGREE,JSON canonical sort_keys; no semantic normalization,NO
CA-0078,intent,"""Deliver the WO-783 blanket to the correct homeowner after the linked 10:00 guest-arrival occurrence.""","""Deliver the blanket (WO-783) to the correct homeowner after the 10:00 guest arrival.""",DISAGREE,JSON canonical sort_keys; no semantic normalization,NO
CA-0078,resolved_slots,"{""action"":""deliver_handoff"",""object"":""blanket with delivery tag WO-783"",""temporal_anchor"":""after the 10:00 guest arrival""}","{""delivery_item"":""blanket (WO-783)"",""temporal_trigger"":""after 10:00 guest arrival""}",DISAGREE,JSON canonical sort_keys; no semantic normalization,NO
CA-0078,risk_factors,"[""privacy_constraint""]",[],DISAGREE,JSON canonical sort_keys; no semantic normalization,NO
CA-0078,risk_level,"""medium""","""low""",DISAGREE,JSON canonical sort_keys; no semantic normalization,NO
CA-0083,canonical_outcome,"{""action_plan"":[],""blocking_constraint"":{""factor"":""hazard_constraint"",""reason"":""The assigned inspection probe contacted an incompatible material and has not passed the required decontamination cycle, so it cannot safely contact the sensitive cash pouch.""},""canonical_interpretation"":""The request is to inspect the cash pouch at the WO-163 staff shelf beside the fitting room with the assigned previously used inspection probe after the scheduled 12:00 check, but that assigned probe is contaminated and cannot be used on the sensitive item."",""clarification_question"":null,""rejection_explanation"":""I cannot inspect the cash pouch with the assigned inspection probe because that probe still needs decontamination for a sensitive item, and I cannot perform that decontamination to the required standard."",""success_condition"":null,""terminal_kind"":""rejection"",""unresolved_slot"":null}","{""action_plan"":[],""blocking_constraint"":{""factor"":""hazard_constraint"",""reason"":""The assigned inspection probe contacted an incompatible material and has not passed the required decontamination cycle; using it on the cash pouch poses a contamination hazard that cannot be resolved by the robot.""},""canonical_interpretation"":""Inspect the cash pouch at the staff shelf beside the fitting room using the activity-log-assigned inspection probe (the previously used one) after the WO-163 check at 12:00; execution is blocked because the assigned probe has not passed the required decontamination cycle and the robot cannot perform that decontamination."",""clarification_question"":null,""rejection_explanation"":""The assigned inspection probe has contacted an incompatible material and has not completed the required decontamination cycle. Using the probe in its current state poses a contamination hazard. The robot cannot decontaminate the probe to the required standard, so the inspection cannot proceed safely. The probe must be decontaminated by an authorized method before this task can be executed."",""success_condition"":null,""terminal_kind"":""rejection"",""unresolved_slot"":null}",DISAGREE,JSON canonical sort_keys; no semantic normalization,NO
CA-0083,confidence,0.86,0.88,DISAGREE,JSON canonical sort_keys; no semantic normalization,NO
CA-0083,evidence,"[{""evidence_text"":""Inspect the cash pouch at the staff shelf with the assigned inspection probe after the check."",""field"":""command"",""supports"":""Names the inspect action, cash pouch target, staff-shelf location, assigned probe instrument, and after-the-check timing.""},{""evidence_text"":""Two locations are labelled staff shelf; work order WO-163 points to the one beside the fitting room."",""field"":""scene_context"",""supports"":""Resolves spatial_reference from two staff shelves to the WO-163 shelf beside the fitting room.""},{""evidence_text"":""Two identical inspection probes are present. The activity log assigns the previously used one to this job; the second remains sealed for another controlled task."",""field"":""scene_context"",""supports"":""Resolves instrument_reference to the previously used assigned probe rather than the sealed spare.""},{""evidence_text"":""The assigned inspection probe contacted an incompatible material and has not passed the required decontamination cycle."",""field"":""scene_context"",""supports"":""Identifies the hazard blocking use of the resolved assigned probe on the cash pouch.""},{""evidence_text"":""It cannot decontaminate that tool to the standard required for the sensitive item."",""field"":""capability_context"",""supports"":""Shows the robot cannot clear the contamination constraint, so clarification cannot make the request permissible.""}]","[{""evidence_text"":""with the assigned inspection probe"",""field"":""command"",""supports"":""instrument_reference: command initially leaves open which of two identical probes is intended; 'assigned' narrows to one but requires activity-log binding""},{""evidence_text"":""at the staff shelf"",""field"":""command"",""supports"":""spatial_reference: two locations are labelled staff shelf; phrase alone does not identify which one""},{""evidence_text"":""Two identical inspection probes are present. The activity log assigns the previously used one to this job"",""field"":""scene_context"",""supports"":""instrument_reference resolved: activity log binds 'assigned inspection probe' to the previously used probe""},{""evidence_text"":""Two locations are labelled staff shelf; work order WO-163 points to the one beside the fitting room"",""field"":""scene_context"",""supports"":""spatial_reference resolved: WO-163 binds 'staff shelf' to the one beside the fitting room""},{""evidence_text"":""The assigned inspection probe contacted an incompatible material and has not passed the required decontamination cycle"",""field"":""scene_context"",""supports"":""hazard_constraint: the resolved instrument is contaminated and uncleared for use, blocking execution""},{""evidence_text"":""It cannot decontaminate that tool to the standard required for the sensitive item"",""field"":""capability_context"",""supports"":""capability_constraint: robot cannot remediate the hazard, making face_preserving_rejection the terminal outcome""}]",DISAGREE,JSON canonical sort_keys; no semantic normalization,NO
CA-0083,intent,"""Inspect the cash pouch at the WO-163 staff shelf beside the fitting room using the assigned previously used inspection probe after the WO-163 check scheduled at 12:00.""","""Inspect the cash pouch at the designated staff shelf using the assigned inspection probe after the scheduled check""",DISAGREE,JSON canonical sort_keys; no semantic normalization,NO
CA-0083,resolved_slots,"{""action"":""inspect"",""instrument"":""previously used assigned inspection probe"",""location"":""staff shelf beside the fitting room (WO-163)"",""object"":""cash pouch"",""temporal_anchor"":""after WO-163 check at 12:00""}","{""instrument"":""previously used inspection probe (assigned by activity log to WO-163)"",""location"":""staff shelf beside the fitting room"",""target_item"":""cash pouch"",""timing"":""after the 12:00 check scheduled by WO-163""}",DISAGREE,JSON canonical sort_keys; no semantic normalization,NO
CA-0086,ambiguity_types,"[""spatial_reference"",""temporal_reference""]","[""spatial_reference"",""pronoun_reference""]",DISAGREE,JSON canonical sort_keys; no semantic normalization,YES
CA-0086,canonical_outcome,"{""action_plan"":[],""blocking_constraint"":{""factor"":""authorization_constraint"",""reason"":""The payroll document case has a tamper-evident seal, the work order lacks an authorized opening code, and the robot is not authorized to break tamper-evident seals.""},""canonical_interpretation"":""The request is to open the payroll document case beside the transfer trolley at the work-order-named service door and return it to the secure drawer after the 14:00 check, but opening is blocked because the case has a tamper-evident seal and breaking seals is unauthorized."",""clarification_question"":null,""rejection_explanation"":""I can't open that payroll document case because it has a tamper-evident seal and I'm not authorized to break seals or open it without an authorized opening code on the work order."",""success_condition"":null,""terminal_kind"":""rejection"",""unresolved_slot"":null}","{""action_plan"":[],""blocking_constraint"":{""factor"":""authorization_constraint"",""reason"":""The payroll document case carries a tamper-evident seal; the work order does not include an authorized opening code, and the robot is not authorized to break tamper-evident seals.""},""canonical_interpretation"":""Open the payroll document case beside the transfer trolley at the door beside the team cabinet (the work-order-named service door), then return the case to the secure drawer after the 14:00 check. The opening action is blocked: the case carries a tamper-evident seal, the work order includes no authorized opening code, and the robot is not authorized to break tamper-evident seals."",""clarification_question"":null,""rejection_explanation"":""I cannot open the payroll document case: it has a tamper-evident seal and the work order does not supply an authorized opening code. Opening the case would require breaking the seal, which is outside my authorization. I can transport the sealed case or place it in the secure drawer, but cannot open it without a valid authorization code."",""success_condition"":null,""terminal_kind"":""rejection"",""unresolved_slot"":null}",DISAGREE,JSON canonical sort_keys; no semantic normalization,YES
CA-0086,confidence,0.86,0.88,DISAGREE,JSON canonical sort_keys; no semantic normalization,YES
CA-0086,evidence,"[{""evidence_text"":""Open the payroll document case beside the transfer trolley near the service door, then return it to the secure drawer after the check."",""field"":""command"",""supports"":""Directs opening a spatially anchored payroll case and returning it after a named check event.""},{""evidence_text"":""Two doors carry service labels. The work order names the door beside the team cabinet; the other is emergency-only."",""field"":""scene_context"",""supports"":""Initially two service-labeled doors match 'the service door'; work-order naming resolves the spatial referent.""},{""evidence_text"":""The check at 14:00 is linked to the job."",""field"":""scene_context"",""supports"":""Binds 'after the check' to the single job-linked 14:00 check occurrence.""},{""evidence_text"":""The payroll document case carries a tamper-evident seal and the work order does not include an authorized opening code."",""field"":""scene_context"",""supports"":""Identifies the sealed case and missing opening authorization for the requested open action.""},{""evidence_text"":""It may transport sealed sensitive items but is not authorized to break tamper-evident seals."",""field"":""capability_context"",""supports"":""Blocks seal-breaking as an authorization constraint, making rejection the correct terminal.""}]","[{""evidence_text"":""beside the transfer trolley near the service door"",""field"":""command"",""supports"":""spatial_reference: 'the service door' initially matches two service-labeled doors; the trolley's confirmed position beside the work-order-named door resolves which door is intended.""},{""evidence_text"":""Two doors carry service labels. The work order names the door beside the team cabinet; the other is emergency-only. A transfer trolley is also beside the named door."",""field"":""scene_context"",""supports"":""spatial_reference resolved: the transfer trolley is beside the work-order-named door (beside the team cabinet), not the emergency-only door.""},{""evidence_text"":""return it to the secure drawer after the check"",""field"":""command"",""supports"":""pronoun_reference: 'it' initially could refer to the payroll document case or the transfer trolley; resolved by the work-order return field containing the payroll case's asset tag.""},{""evidence_text"":""The payroll document case carries a tamper-evident seal and the work order does not include an authorized opening code."",""field"":""scene_context"",""supports"":""authorization_constraint blocking the 'open' action: no code is supplied to open the sealed case without breaking the seal.""},{""evidence_text"":""not authorized to break tamper-evident seals"",""field"":""capability_context"",""supports"":""authorization_constraint confirmed: robot cannot open the sealed case by force, warranting face_preserving_rejection.""}]",DISAGREE,JSON canonical sort_keys; no semantic normalization,YES
CA-0086,intent,"""Open the payroll document case located beside the transfer trolley at the work-order-named service door, then return that case to the secure drawer after the job-linked 14:00 check.""","""Open the payroll document case beside the transfer trolley at the work-order-named service door, then return the case to the secure drawer after the 14:00 check.""",DISAGREE,JSON canonical sort_keys; no semantic normalization,YES
CA-0086,recommended_strategy,"""multi_step""","""face_preserving_rejection""",DISAGREE,JSON canonical sort_keys; no semantic normalization,YES
CA-0086,resolved_slots,"{""object"":""payroll document case"",""requested_action"":""open sealed payroll document case then return after check"",""return_destination"":""secure drawer"",""spatial_anchor"":""service door beside the team cabinet with transfer trolley"",""temporal_anchor"":""after the 14:00 job-linked check""}","{""check_reference"":""14:00 check linked to the job"",""payroll_case_location"":""beside the transfer trolley at the door beside the team cabinet"",""return_location"":""secure drawer"",""return_target"":""payroll document case"",""service_door"":""door beside the team cabinet""}",DISAGREE,JSON canonical sort_keys; no semantic normalization,YES
CA-0086,risk_factors,"[""authorization_constraint"",""privacy_constraint""]","[""authorization_constraint""]",DISAGREE,JSON canonical sort_keys; no semantic normalization,YES
CA-0086,strategy_sequence,"[""resolve_reference"",""face_preserving_rejection""]","[""face_preserving_rejection""]",DISAGREE,JSON canonical sort_keys; no semantic normalization,YES
CA-0092,canonical_outcome,"{""action_plan"":[],""blocking_constraint"":null,""canonical_interpretation"":""Timing and usual setup are bound by WO-673 to the 08:00 linen pickup and guest delivery, but which of the two selected pending parcels (and its linked recipient) to deliver must be clarified."",""clarification_question"":""Which selected guest parcel should I deliver after the 08:00 linen pickup: the green one to the floor supervisor, or the blue one to the porter?"",""rejection_explanation"":null,""success_condition"":null,""terminal_kind"":""clarification"",""unresolved_slot"":{""candidate_values"":[""green parcel -> floor supervisor"",""blue parcel -> porter""],""reason_unresolved"":""Two guest parcels are selected and pending, each already paired with a recipient, and the command gives no item code, color, or recipient name to choose between them."",""slot_name"":""selected_guest_parcel""}}","{""action_plan"":[],""blocking_constraint"":null,""canonical_interpretation"":""After the 08:00 linen pickup (resolved via WO-673), deliver the selected guest parcel per the WO-673 guest delivery procedure; the specific parcel to deliver (green parcel for the floor supervisor or blue parcel for the porter) cannot be determined from the command alone."",""clarification_question"":""Which guest parcel should I deliver — the green one for the floor supervisor, or the blue one for the porter?"",""rejection_explanation"":null,""success_condition"":null,""terminal_kind"":""clarification"",""unresolved_slot"":{""candidate_values"":[""green parcel → floor supervisor"",""blue parcel → porter""],""reason_unresolved"":""The command says 'the selected guest parcel' (singular) but two parcels are both selected and pending; the command supplies no color, item code, or recipient name to disambiguate; no deterministic rule in the scene context selects one over the other."",""slot_name"":""parcel_selection""}}",DISAGREE,JSON canonical sort_keys; no semantic normalization,NO
CA-0092,confidence,0.86,0.87,DISAGREE,JSON canonical sort_keys; no semantic normalization,NO
CA-0092,evidence,"[{""evidence_text"":""deliver the selected guest parcel using the usual setup"",""field"":""command"",""supports"":""Names a single selected parcel and usual setup without identifying which parcel or which of the competing procedures.""},{""evidence_text"":""After a scheduled linen pickup"",""field"":""command"",""supports"":""Temporal trigger refers to a scheduled linen pickup without naming which occurrence.""},{""evidence_text"":""Two guest parcels are selected and both remain pending. The green one is assigned to floor supervisor; the blue one is assigned to porter."",""field"":""scene_context"",""supports"":""Establishes two initially matching parcel-recipient assignments for object_reference clarification.""},{""evidence_text"":""The linen pickup is scheduled at 08:00 and again at 12:00. Work order WO-673 links this delivery to the 08:00 occurrence."",""field"":""scene_context"",""supports"":""Resolves temporal_reference to the 08:00 linen pickup via the linked work order.""},{""evidence_text"":""The setup table states that Work order WO-673 maps to the guest delivery, while the fire-door check applies to a different work-order prefix."",""field"":""scene_context"",""supports"":""Resolves routine_reference for usual setup to the guest-delivery procedure.""},{""evidence_text"":""The command provides no item code, color, or recipient name. Both pending assignments are pre-authorized handoffs within the robot's certified transport and access limits; either is executable once selected."",""field"":""scene_context"",""supports"":""Leaves the parcel choice unresolved while confirming either linked handoff is authorized and executable after selection.""},{""evidence_text"":""Hotel service robot can deliver sealed guest items"",""field"":""capability_context"",""supports"":""Confirms delivery of sealed guest parcels is within capability once the parcel is selected.""}]","[{""evidence_text"":""the selected guest parcel"",""field"":""command"",""supports"":""object_reference: singular noun phrase 'the selected guest parcel' initially admits two pending parcel candidates (green, blue), leaving the selection unresolved""},{""evidence_text"":""Two guest parcels are selected and both remain pending"",""field"":""scene_context"",""supports"":""object_reference: confirms two candidates for 'the selected guest parcel'; neither is eliminated by any contextual rule""},{""evidence_text"":""The linen pickup is scheduled at 08:00 and again at 12:00"",""field"":""scene_context"",""supports"":""temporal_reference: two occurrences of 'a scheduled linen pickup' initially match the command phrase""},{""evidence_text"":""Work order WO-673 links this delivery to the 08:00 occurrence"",""field"":""scene_context"",""supports"":""temporal_reference resolved: WO-673 binding selects the 08:00 linen pickup and eliminates the 12:00 occurrence""},{""evidence_text"":""using the usual setup"",""field"":""command"",""supports"":""routine_reference: 'usual setup' initially admits multiple procedures present in the setup table""},{""evidence_text"":""The setup table states that Work order WO-673 maps to the guest delivery, while the fire-door check applies to a different work-order prefix"",""field"":""scene_context"",""supports"":""routine_reference resolved: WO-673 uniquely selects the guest delivery procedure; fire-door check procedure is excluded by its different work-order prefix""}]",DISAGREE,JSON canonical sort_keys; no semantic normalization,NO
CA-0092,intent,"""After the WO-673-linked 08:00 linen pickup, deliver one selected guest parcel to its paired recipient using the guest-delivery usual setup.""","""After the 08:00 linen pickup, deliver the selected guest parcel to its pre-assigned recipient using the WO-673 guest delivery procedure.""",DISAGREE,JSON canonical sort_keys; no semantic normalization,NO
CA-0092,recommended_strategy,"""clarify""","""multi_step""",DISAGREE,JSON canonical sort_keys; no semantic normalization,NO
CA-0092,resolved_slots,"{""action"":""deliver_guest_parcel"",""routine"":""guest delivery (WO-673)"",""trigger_event"":""08:00 linen pickup (WO-673)""}","{""delivery_routine"":""WO-673 guest delivery procedure"",""linen_pickup_occurrence"":""08:00""}",DISAGREE,JSON canonical sort_keys; no semantic normalization,NO
CA-0092,strategy_sequence,"[""clarify""]","[""resolve_reference"",""clarify""]",DISAGREE,JSON canonical sort_keys; no semantic normalization,NO
CA-0105,canonical_outcome,"{""action_plan"":[],""blocking_constraint"":{""factor"":""authorization_constraint"",""reason"":""The destination bay marker is in access zone Z4, while the robot's credential covers zones Z1-Z3 only.""},""canonical_interpretation"":""The recovered request is to move the yellow PENDING controlled-goods case to the bay marker and inspect the carton after the 09:00 quality inspection, but the destination lies outside the robot's authorized zones."",""clarification_question"":null,""rejection_explanation"":""I can identify the pending controlled-goods case and the linked 09:00 inspection, but I cannot move it to the bay marker because that destination is in zone Z4 and my access is limited to Z1-Z3."",""success_condition"":null,""terminal_kind"":""rejection"",""unresolved_slot"":null}","{""action_plan"":[],""blocking_constraint"":{""factor"":""authorization_constraint"",""reason"":""The destination bay marker is in access zone Z4, which is outside the robot's credential coverage (zones Z1-Z3 only).""},""canonical_interpretation"":""Move the yellow PENDING controlled-goods case to the destination bay marker in access zone Z4 after the 09:00 quality inspection."",""clarification_question"":null,""rejection_explanation"":""I cannot move the case to the bay marker because it is in access zone Z4, outside my authorized zones (Z1-Z3). Please assign a credentialed operator with Z4 access."",""success_condition"":null,""terminal_kind"":""rejection"",""unresolved_slot"":null}",DISAGREE,JSON canonical sort_keys; no semantic normalization,YES
CA-0105,confidence,0.86,0.91,DISAGREE,JSON canonical sort_keys; no semantic normalization,YES
CA-0105,evidence,"[{""evidence_text"":""Do the same with the marked controlled-goods case after a scheduled quality inspection at the bay marker."",""field"":""command"",""supports"":""Elliptical 'do the same' plus marked-case and scheduled-inspection phrases leave action recovery, object choice, and temporal occurrence initially underdetermined.""},{""evidence_text"":""I moved the first controlled-goods case and inspected the carton after a separate request."",""field"":""dialogue_history"",""supports"":""Supplies the omitted move-and-inspect operations recovered by discourse ellipsis.""},{""evidence_text"":""the red one near the return zone has a white COMPLETE tag, while the yellow one beside the forklift lane has a yellow PENDING tag"",""field"":""scene_context"",""supports"":""Two marked controlled-goods cases initially match; COMPLETE versus PENDING plus the active batch select the yellow PENDING case.""},{""evidence_text"":""The quality inspection is scheduled at 09:00 and again at 13:00."",""field"":""scene_context"",""supports"":""Two scheduled inspection occurrences create temporal_reference before context binds one.""},{""evidence_text"":""The active transfer batch links the pending item to the 09:00 occurrence."",""field"":""scene_context"",""supports"":""Deterministically binds the pending case to the 09:00 inspection occurrence.""},{""evidence_text"":""The destination bay marker is in access zone Z4."",""field"":""scene_context"",""supports"":""Grounds the bay-marker destination in unauthorized zone Z4.""},{""evidence_text"":""Its credential covers zones Z1-Z3 only."",""field"":""capability_context"",""supports"":""Authorization constraint blocks execution at the Z4 bay marker.""}]","[{""evidence_text"":""Do the same with the marked controlled-goods case"",""field"":""command"",""supports"":""discourse_ellipsis: 'do the same' requires recovery of the prior move operation; object_reference: 'marked controlled-goods case' initially matches both the red COMPLETE and yellow PENDING cases""},{""evidence_text"":""I moved the first controlled-goods case"",""field"":""dialogue_history"",""supports"":""discourse_ellipsis resolved: 'do the same' recovers the move operation from the coordinator's prior utterance""},{""evidence_text"":""The active transfer batch links the pending item to the 09:00 occurrence"",""field"":""scene_context"",""supports"":""object_reference resolved to yellow PENDING case; temporal_reference resolved to 09:00 inspection occurrence""},{""evidence_text"":""The destination bay marker is in access zone Z4"",""field"":""scene_context"",""supports"":""authorization_constraint: the resolved destination is in Z4, which the robot cannot access""},{""evidence_text"":""Its credential covers zones Z1-Z3 only"",""field"":""capability_context"",""supports"":""authorization_constraint: robot is not credentialed for Z4, blocking execution""}]",DISAGREE,JSON canonical sort_keys; no semantic normalization,YES
CA-0105,intent,"""After the 09:00 quality inspection, move the yellow PENDING controlled-goods case to the bay marker and inspect the carton, matching the prior completed transfer tasks.""","""Move the yellow PENDING controlled-goods case to the destination bay marker after the 09:00 scheduled quality inspection.""",DISAGREE,JSON canonical sort_keys; no semantic normalization,YES
CA-0105,resolved_slots,"{""action"":""move controlled-goods case and inspect carton"",""destination"":""bay marker in access zone Z4"",""object"":""yellow PENDING controlled-goods case beside the forklift lane"",""temporal_anchor"":""after 09:00 quality inspection""}","{""destination"":""destination bay marker (access zone Z4)"",""object"":""yellow PENDING controlled-goods case"",""operation"":""move"",""timing"":""after 09:00 quality inspection""}",DISAGREE,JSON canonical sort_keys; no semantic normalization,YES
CA-0105,strategy_sequence,"[""resolve_discourse"",""resolve_reference"",""verify_capability"",""face_preserving_rejection""]","[""resolve_discourse"",""resolve_reference"",""face_preserving_rejection""]",DISAGREE,JSON canonical sort_keys; no semantic normalization,YES
CA-0133,ambiguity_types,"[""instrument_reference"",""fuzzy_quantity""]","[""fuzzy_quantity"",""instrument_reference""]",DISAGREE,JSON canonical sort_keys; no semantic normalization,NO
CA-0133,canonical_outcome,"{""action_plan"":[],""blocking_constraint"":null,""canonical_interpretation"":""Use the assigned dosing cup to add cleaning fluid to the cleaning-fluid bottle after the 14:00 check, once the exact approved quantity (20 ml or 60 ml) is selected."",""clarification_question"":""Should I add 20 millilitres or 60 millilitres of cleaning fluid?"",""rejection_explanation"":null,""success_condition"":null,""terminal_kind"":""clarification"",""unresolved_slot"":{""candidate_values"":[""20 millilitres"",""60 millilitres""],""reason_unresolved"":""\""a small amount\"" maps to two approved quantities with no default, and the process requires an exact quantity before dispensing."",""slot_name"":""quantity""}}","{""action_plan"":[],""blocking_constraint"":null,""canonical_interpretation"":""Add the approved quantity of cleaning fluid to the cleaning-fluid bottle using the assigned dosing cup (calibrated for the named substance) after the 14:00 check, once the required exact quantity is confirmed."",""clarification_question"":""Should I use 20 millilitres or 60 millilitres of cleaning fluid?"",""rejection_explanation"":null,""success_condition"":null,""terminal_kind"":""clarification"",""unresolved_slot"":{""candidate_values"":[""20 millilitres"",""60 millilitres""],""reason_unresolved"":""'a small amount' is vague; the task specification permits exactly two approved quantities (20 millilitres and 60 millilitres), neither is the default, they produce materially different outcomes, and the process requires an exact quantity before dispensing — no deterministic local rule selects one."",""slot_name"":""quantity_ml""}}",DISAGREE,JSON canonical sort_keys; no semantic normalization,NO
CA-0133,confidence,0.88,0.83,DISAGREE,JSON canonical sort_keys; no semantic normalization,NO
CA-0133,evidence,"[{""evidence_text"":""Add a small amount of cleaning fluid to the cleaning-fluid bottle with the assigned dosing cup after the check."",""field"":""command"",""supports"":""Surface request leaves quantity vague (\""a small amount\"") while naming the bottle, assigned dosing cup, and post-check timing.""},{""evidence_text"":""Two dosing cups are available. The cup assigned to this work order is calibrated for the named substance; the other cup is reserved for another task."",""field"":""scene_context"",""supports"":""Instrument reference initially has two cups; context selects the work-order-assigned calibrated cup.""},{""evidence_text"":""The task specification permits exactly two approved quantities for cleaning fluid: 20 millilitres and 60 millilitres. Neither is the default, and they produce materially different outcomes. The process requires an exact quantity before dispensing."",""field"":""scene_context"",""supports"":""Fuzzy quantity remains the single critical unresolved slot with exactly two approved candidate values.""},{""evidence_text"":""Retail service robot can carry stock, scan items, print labels, and update approved inventory terminals."",""field"":""capability_context"",""supports"":""No capability gap blocks dosing once quantity is clarified; scene states both quantities are within certified dispensing range.""}]","[{""evidence_text"":""a small amount"",""field"":""command"",""supports"":""fuzzy_quantity: vague amount with no deterministic default; initiates clarification route""},{""evidence_text"":""The task specification permits exactly two approved quantities for cleaning fluid: 20 millilitres and 60 millilitres. Neither is the default, and they produce materially different outcomes. The process requires an exact quantity before dispensing."",""field"":""scene_context"",""supports"":""clarify route: two feasible values exist, no default, materially different outcomes — silent resolution is impermissible""},{""evidence_text"":""assigned dosing cup"",""field"":""command"",""supports"":""instrument_reference: 'assigned' presupposes one of two available cups; context-resolved""},{""evidence_text"":""Two dosing cups are available. The cup assigned to this work order is calibrated for the named substance; the other cup is reserved for another task."",""field"":""scene_context"",""supports"":""instrument_reference resolved: assigned cup uniquely identified as the one calibrated for the named substance""}]",DISAGREE,JSON canonical sort_keys; no semantic normalization,NO
CA-0133,intent,"""After the linked 14:00 check, dispense an exact approved quantity of cleaning fluid into the cleaning-fluid bottle using the work-order-assigned dosing cup.""","""Add a precisely measured quantity of cleaning fluid to the cleaning-fluid bottle using the assigned dosing cup, after the scheduled 14:00 check.""",DISAGREE,JSON canonical sort_keys; no semantic normalization,NO
CA-0133,resolved_slots,"{""instrument"":""work-order-assigned dosing cup calibrated for the named substance"",""object"":""cleaning-fluid bottle"",""quantity"":null,""timing"":""after the 14:00 check""}","{""dosing_cup"":""the cup assigned to this work order, calibrated for the named substance"",""quantity_ml"":null,""target_container"":""cleaning-fluid bottle"",""timing"":""after the 14:00 check""}",DISAGREE,JSON canonical sort_keys; no semantic normalization,NO
CA-0149,ambiguity_types,"[""discourse_ellipsis"",""instrument_reference"",""endpoint_vagueness""]","[""discourse_ellipsis"",""instrument_reference""]",DISAGREE,JSON canonical sort_keys; no semantic normalization,YES
CA-0149,canonical_outcome,"{""action_plan"":[""Inspect the second display-stand transport case and log the inspection"",""Apply the approval mark with the assigned approval-mark applicator"",""Confirm the return-desk status light turns green so the release check is complete""],""blocking_constraint"":null,""canonical_interpretation"":""Recover the omitted treatment as inspection of this second display-stand transport case, then seal it with the work-order-assigned approval-mark applicator and treat the release check as complete once inspection is logged, the approval mark is applied, and the return-desk status light is green."",""clarification_question"":null,""rejection_explanation"":null,""success_condition"":""Inspection is logged, the approval mark is applied with the assigned approval-mark applicator, and the return-desk status light is green."",""terminal_kind"":""executable_interpretation"",""unresolved_slot"":null}","{""action_plan"":[""Log inspection of the second display-stand transport case."",""Apply the approval mark using the approval-mark applicator."",""Confirm release check completion: inspection logged, approval mark applied, and status light at the return desk turns green.""],""blocking_constraint"":null,""canonical_interpretation"":""Inspect the second display-stand transport case (recovering 'same treatment' = inspect from the dialogue treatment of the first), then apply the approval mark with the work-order-assigned approval-mark applicator until the release check is complete."",""clarification_question"":null,""rejection_explanation"":null,""success_condition"":""Inspection of the second display-stand transport case is logged, the approval mark is applied with the approval-mark applicator, and the status light at the return desk turns green."",""terminal_kind"":""executable_interpretation"",""unresolved_slot"":null}",DISAGREE,JSON canonical sort_keys; no semantic normalization,YES
CA-0149,compound_ambiguity_count,3,2,DISAGREE,JSON canonical sort_keys; no semantic normalization,YES
CA-0149,confidence,0.86,0.91,DISAGREE,JSON canonical sort_keys; no semantic normalization,YES
CA-0149,evidence,"[{""evidence_text"":""Give this display-stand transport case the same treatment, then seal it with the batch-seal tool until the release check is complete."",""field"":""command"",""supports"":""Omits the concrete prior treatment, leaves batch-seal tool underspecified, and uses a vague release-check endpoint.""},{""evidence_text"":""I inspected the first display-stand transport case and cleaned the tablet case."",""field"":""dialogue_history"",""supports"":""Supplies the recoverable treatment for a display-stand transport case: inspection, not tablet-case cleaning.""},{""evidence_text"":""This item is the second display-stand transport case in that inspection batch."",""field"":""dialogue_history"",""supports"":""Binds this item as the second case in the same inspection batch.""},{""evidence_text"":""Two devices are listed locally as batch-seal tools: a tamper-strip applicator and an approval-mark applicator."",""field"":""scene_context"",""supports"":""Initially two batch-seal instruments match the command.""},{""evidence_text"":""the work-order instrument field assigns the approval-mark applicator beside the item; the tamper-strip applicator belongs to a different closure job"",""field"":""scene_context"",""supports"":""Resolves the instrument to the assigned approval-mark applicator.""},{""evidence_text"":""The release check is complete when inspection is logged, the approval mark is applied, and the status light at the return desk turns green."",""field"":""scene_context"",""supports"":""Grounds the vague release-check completion endpoint.""},{""evidence_text"":""The active work order authorizes this robot to apply the approval mark with the assigned approval-mark applicator after inspection."",""field"":""scene_context"",""supports"":""Confirms authorization for the resolved inspection-then-approval-mark path.""}]","[{""evidence_text"":""the same treatment"",""field"":""command"",""supports"":""discourse_ellipsis: the omitted operation (inspection) must be recovered from dialogue history, where the first display-stand transport case was inspected.""},{""evidence_text"":""I inspected the first display-stand transport case"",""field"":""dialogue_history"",""supports"":""discourse_ellipsis resolved: 'same treatment' = inspection, binding the operation for this second case.""},{""evidence_text"":""the batch-seal tool"",""field"":""command"",""supports"":""instrument_reference: two locally-listed batch-seal tools (tamper-strip applicator and approval-mark applicator) initially match the definite description.""},{""evidence_text"":""the work-order instrument field assigns the approval-mark applicator beside the item; the tamper-strip applicator belongs to a different closure job"",""field"":""scene_context"",""supports"":""instrument_reference resolved: work-order selects the approval-mark applicator as the correct batch-seal tool for this item.""}]",DISAGREE,JSON canonical sort_keys; no semantic normalization,YES
CA-0149,intent,"""Inspect and log the second display-stand transport case as for the first case in the batch, then apply the assigned approval-mark applicator until the release check completes.""","""Inspect the second display-stand transport case (same treatment as the first) and then seal it with the approval-mark applicator until the release check is complete.""",DISAGREE,JSON canonical sort_keys; no semantic normalization,YES
CA-0149,resolved_slots,"{""endpoint"":""release check complete when inspection is logged, approval mark applied, and return-desk status light green"",""instrument"":""approval-mark applicator"",""recovered_treatment"":""inspect and log inspection"",""target_object"":""second display-stand transport case""}","{""batch_seal_tool"":""approval-mark applicator"",""release_check_endpoint"":""inspection logged, approval mark applied, status light at return desk turns green"",""target"":""second display-stand transport case"",""treatment"":""inspect""}",DISAGREE,JSON canonical sort_keys; no semantic normalization,YES
CA-0149,risk_level,"""medium""","""low""",DISAGREE,JSON canonical sort_keys; no semantic normalization,YES
CA-0149,strategy_sequence,"[""execute""]","[""resolve_discourse"",""resolve_reference"",""execute""]",DISAGREE,JSON canonical sort_keys; no semantic normalization,YES
CA-0158,canonical_outcome,"{""action_plan"":[],""blocking_constraint"":{""factor"":""authorization_constraint"",""reason"":""Applying the approval seal would authorize release of the sensitive cash-drawer insert case, and the robot does not possess approval authority for sensitive-item release.""},""canonical_interpretation"":""After resolving 'seal' as the approval seal on the cash-drawer insert case at the east-side service station (physical closure already secured), refuse because the robot lacks approval authority for sensitive-item release."",""clarification_question"":null,""rejection_explanation"":""I can't apply the approval seal to the cash-drawer insert case: that action would authorize sensitive-item release, and I don't have approval authority."",""success_condition"":null,""terminal_kind"":""rejection"",""unresolved_slot"":null}","{""action_plan"":[],""blocking_constraint"":{""factor"":""authorization_constraint"",""reason"":""The robot does not possess approval authority for sensitive-item release; applying the approval seal would authorize release of the sensitive item, which exceeds the robot's authorization scope.""},""canonical_interpretation"":""Apply the approval seal to the cash-drawer insert case at the east-side service station after the 09:00 check"",""clarification_question"":null,""rejection_explanation"":""I cannot apply the approval seal to the cash-drawer insert case because I am not authorized to approve the release of sensitive items. Please have an authorized person apply the approval seal after the 09:00 check."",""success_condition"":null,""terminal_kind"":""rejection"",""unresolved_slot"":null}",DISAGREE,JSON canonical sort_keys; no semantic normalization,YES
CA-0158,confidence,0.86,0.88,DISAGREE,JSON canonical sort_keys; no semantic normalization,YES
CA-0158,evidence,"[{""evidence_text"":""Seal the cash-drawer insert case at the service station after the check."",""field"":""command"",""supports"":""Surface request uses 'Seal' and 'the service station', which initially admit approval-versus-physical seal senses and two labelled stations.""},{""evidence_text"":""Two locations are labelled service station."",""field"":""scene_context"",""supports"":""Establishes spatial_reference between east-side and west-side service stations.""},{""evidence_text"":""The active release card places the cash-drawer insert case at the east-side service station; the west-side service station belongs to a closed job."",""field"":""scene_context"",""supports"":""Resolves the service-station reference to the east-side active job location.""},{""evidence_text"":""The physical closure is already secured, while the approval record is unsigned; the check at 09:00 is uniquely linked to the job. Applying the approval seal would authorize release of the sensitive item."",""field"":""scene_context"",""supports"":""Selects the approval-seal reading of 'Seal' and shows that action would authorize sensitive-item release.""},{""evidence_text"":""It may transport the item but does not possess approval authority for sensitive-item release."",""field"":""capability_context"",""supports"":""Blocks execution of the resolved approval-seal action on authorization grounds.""}]","[{""evidence_text"":""Seal the cash-drawer insert case at the service station after the check."",""field"":""command"",""supports"":""Lexical ambiguity: 'seal' initially supports both physical closure and approval/authorization seal; 'service station' initially maps to two labelled locations.""},{""evidence_text"":""The physical closure is already secured, while the approval record is unsigned"",""field"":""scene_context"",""supports"":""Resolves 'seal' to approval seal: physical closure is already done; the outstanding action is the approval seal.""},{""evidence_text"":""Two locations are labelled service station. The active release card places the cash-drawer insert case at the east-side service station"",""field"":""scene_context"",""supports"":""Resolves spatial_reference: 'the service station' binds to the east-side service station via the active release card.""},{""evidence_text"":""does not possess approval authority for sensitive-item release"",""field"":""capability_context"",""supports"":""Authorization constraint: applying the approval seal requires authority the robot does not hold, blocking execution.""}]",DISAGREE,JSON canonical sort_keys; no semantic normalization,YES
CA-0158,intent,"""Apply the approval seal to the cash-drawer insert case at the east-side service station after the linked 09:00 check.""","""Apply the approval seal to the cash-drawer insert case at the east-side service station after the 09:00 check, thereby authorizing release of the sensitive item.""",DISAGREE,JSON canonical sort_keys; no semantic normalization,YES
CA-0158,resolved_slots,"{""location"":""east-side service station"",""object"":""cash-drawer insert case"",""seal_type"":""approval seal"",""temporal_anchor"":""after the check at 09:00""}","{""seal_sense"":""approval_seal"",""service_station"":""east-side service station"",""timing"":""after the 09:00 check""}",DISAGREE,JSON canonical sort_keys; no semantic normalization,YES
CA-0158,strategy_sequence,"[""resolve_lexical"",""face_preserving_rejection""]","[""resolve_lexical"",""resolve_reference"",""face_preserving_rejection""]",DISAGREE,JSON canonical sort_keys; no semantic normalization,YES
CA-0163,canonical_outcome,"{""action_plan"":[""Locate the saucepan transport case beside the transfer trolley at the warming unit"",""Transport the case to the approval station"",""Apply the official approval seal to the case's unsigned approval record"",""Return the sealed case to the cold shelf beside the service-signed door designated for service traffic""],""blocking_constraint"":null,""canonical_interpretation"":""At the approval station, apply the official approval seal to the already physically closed saucepan transport case beside the transfer trolley at the warming unit, then return that case to the cold shelf by the service-signed door designated for service traffic (not the emergency-exit door)."",""clarification_question"":null,""rejection_explanation"":null,""success_condition"":""The saucepan transport case bears the official approval seal and is located on the cold shelf beside the service-traffic door."",""terminal_kind"":""executable_interpretation"",""unresolved_slot"":null}","{""action_plan"":[""Navigate to the saucepan transport case beside the transfer trolley at the warming unit."",""Transport the saucepan transport case to the approval station."",""Apply the official approval seal to the saucepan transport case's approval record using the official seal stocked at the approval station."",""Transport the sealed saucepan transport case to the cold shelf by the service-traffic-designated service door.""],""blocking_constraint"":null,""canonical_interpretation"":""Locate the saucepan transport case beside the transfer trolley at the warming unit; transport it to the approval station; apply the official approval seal to its approval record; then transport it to the cold shelf by the service door designated for service traffic."",""clarification_question"":null,""rejection_explanation"":null,""success_condition"":""The saucepan transport case's approval record bears the official seal and the case is positioned on the cold shelf by the service door designated for service traffic."",""terminal_kind"":""executable_interpretation"",""unresolved_slot"":null}",DISAGREE,JSON canonical sort_keys; no semantic normalization,NO
CA-0163,confidence,0.86,0.87,DISAGREE,JSON canonical sort_keys; no semantic normalization,NO
CA-0163,evidence,"[{""evidence_text"":""Seal the saucepan transport case beside the transfer trolley at the warming unit, then return it to the cold shelf by the service door."",""field"":""command"",""supports"":""Surface wording admits physical closure versus official sealing, leaves 'it' unbound, and locates the return via 'the service door'.""},{""evidence_text"":""The saucepan transport case's physical closure is already secured, but its approval record is unsigned. The approval station is stocked with an official seal."",""field"":""scene_context"",""supports"":""Resolves lexical 'Seal' to applying the official approval seal rather than re-closing the case.""},{""evidence_text"":""The work-order return field contains the saucepan transport case's asset tag, while the trolley remains assigned to the warming unit."",""field"":""scene_context"",""supports"":""Resolves pronoun 'it' to the saucepan transport case rather than the movable transfer trolley.""},{""evidence_text"":""The current shift map designates the service-signed door beside the cold shelf for service traffic. The other service-signed door is marked emergency exit only."",""field"":""scene_context"",""supports"":""Resolves spatial 'service door' to the service-traffic door beside the cold shelf, excluding the emergency exit.""},{""evidence_text"":""it can carry containers, scan labels, measure non-hazardous ingredients, and use approved preparation tools."",""field"":""capability_context"",""supports"":""Confirms the robot can handle the container and approved sealing tools for the resolved plan.""}]","[{""evidence_text"":""Seal the saucepan transport case"",""field"":""command"",""supports"":""Lexical ambiguity: 'seal' initially permits physical closure or application of official approval seal.""},{""evidence_text"":""The saucepan transport case's physical closure is already secured, but its approval record is unsigned. The approval station is stocked with an official seal."",""field"":""scene_context"",""supports"":""Resolves lexical ambiguity: physical closure already done; unsigned approval record and stocked official seal identify 'seal' as applying the official approval seal.""},{""evidence_text"":""The active work order authorizes this robot to apply the official approval seal to this item at the approval station."",""field"":""scene_context"",""supports"":""Confirms authorization and resolves sealing location to the approval station, not beside the trolley at the warming unit.""},{""evidence_text"":""return it to the cold shelf by the service door"",""field"":""command"",""supports"":""Pronoun reference ambiguity: 'it' initially could refer to the saucepan transport case or the transfer trolley (both stated as movable); spatial reference ambiguity: 'the service door' initially matches two service-signed doors.""},{""evidence_text"":""The work-order return field contains the saucepan transport case's asset tag, while the trolley remains assigned to the warming unit. The current shift map designates the service-signed door beside the cold shelf for service traffic. The other service-signed door is marked emergency exit only."",""field"":""scene_context"",""supports"":""Resolves pronoun 'it' to the saucepan transport case (its asset tag is in the return field; trolley stays at warming unit); resolves 'the service door' to the service-traffic door beside the cold shelf.""}]",DISAGREE,JSON canonical sort_keys; no semantic normalization,NO
CA-0163,intent,"""Apply the official approval seal to the saucepan transport case at the approval station, then return that case to the cold shelf beside the service-traffic door.""","""Apply the official approval seal to the saucepan transport case at the approval station, then return it to the cold shelf by the service-traffic door.""",DISAGREE,JSON canonical sort_keys; no semantic normalization,NO
CA-0163,resolved_slots,"{""destination"":""cold shelf beside the service-signed door designated for service traffic"",""return_object"":""saucepan transport case"",""seal_action"":""apply official approval seal"",""seal_location"":""approval station"",""target_object"":""saucepan transport case""}","{""action"":""apply official approval seal"",""object"":""saucepan transport case"",""object_current_location"":""beside the transfer trolley at the warming unit"",""pronoun_it"":""saucepan transport case"",""return_destination"":""cold shelf by the service-traffic door"",""seal_location"":""approval station""}",DISAGREE,JSON canonical sort_keys; no semantic normalization,NO
CA-0163,risk_level,"""low""","""medium""",DISAGREE,JSON canonical sort_keys; no semantic normalization,NO
CA-0163,strategy_sequence,"[""execute""]","[""resolve_lexical"",""resolve_reference"",""execute""]",DISAGREE,JSON canonical sort_keys; no semantic normalization,NO
CA-0197,canonical_outcome,"{""action_plan"":[""Identify the grey laundry bag beside the linen closet with the white PENDING tag as the active marked target"",""Wait until after the scheduled linen pickup at 08:00"",""Perform site-approved routine exterior cleaning of that bag"",""Stop when inspection under the inspection light shows no visible residue and the surface scan passes""],""blocking_constraint"":null,""canonical_interpretation"":""After the 08:00 linen pickup, clean the grey PENDING-marked laundry bag beside the linen closet with the site-approved exterior method until there is no visible residue under the inspection light and the surface scan passes."",""clarification_question"":null,""rejection_explanation"":null,""success_condition"":""The grey PENDING laundry bag is exterior-cleaned after the 08:00 linen pickup with no visible residue under the inspection light and a passed surface scan."",""terminal_kind"":""executable_interpretation"",""unresolved_slot"":null}","{""action_plan"":[""Confirm the 08:00 linen pickup has occurred before proceeding."",""Locate the grey laundry bag beside the linen closet bearing the white PENDING tag."",""Apply the site-approved cleaning method to the exterior of the bag."",""Inspect under the inspection light for visible residue and run the surface scan."",""Continue cleaning until no visible residue remains and the surface scan is passed.""],""blocking_constraint"":null,""canonical_interpretation"":""Clean the exterior of the grey PENDING-tagged laundry bag beside the linen closet after the 08:00 linen pickup, achieving no visible residue under inspection light and a passed surface scan."",""clarification_question"":null,""rejection_explanation"":null,""success_condition"":""Grey PENDING-tagged bag exterior has no visible residue under the inspection light and has passed the surface scan."",""terminal_kind"":""executable_interpretation"",""unresolved_slot"":null}",DISAGREE,JSON canonical sort_keys; no semantic normalization,NO
CA-0197,confidence,0.86,0.92,DISAGREE,JSON canonical sort_keys; no semantic normalization,NO
CA-0197,evidence,"[{""evidence_text"":""Clean the marked laundry bag after the linen pickup until it is reasonably clean."",""field"":""command"",""supports"":""Surface form leaves the marked bag, which linen pickup, and the reasonably-clean stopping condition underspecified.""},{""evidence_text"":""the white one near the guest-room door has an orange COMPLETE tag, while the grey one beside the linen closet has a white PENDING tag"",""field"":""scene_context"",""supports"":""Two marked laundry bags initially match; COMPLETE versus PENDING selects the grey unfinished bag.""},{""evidence_text"":""The schedule note links this job to the linen pickup at 08:00, not the later occurrence at 12:00."",""field"":""scene_context"",""supports"":""Two linen-pickup occurrences exist; the schedule note binds the temporal anchor to 08:00.""},{""evidence_text"":""The cleaning standard defines 'reasonably clean' as no visible residue under the inspection light and a passed surface scan."",""field"":""scene_context"",""supports"":""Deterministic local rule grounds the vague cleaning endpoint without clarification.""},{""evidence_text"":""The active work order authorizes routine exterior cleaning of this item with the site-approved method."",""field"":""scene_context"",""supports"":""Authorized feasible cleaning method for the resolved target once fuzzy endpoint is grounded.""},{""evidence_text"":""clean approved floor equipment"",""field"":""capability_context"",""supports"":""Robot can perform authorized cleaning of approved equipment after slots are resolved.""}]","[{""evidence_text"":""the marked laundry bag"",""field"":""command"",""supports"":""object_reference ambiguity: two bags bear work-order marks; context must select the target""},{""evidence_text"":""the grey one beside the linen closet has a white PENDING tag. The shift board defines PENDING as unfinished work and COMPLETE as closed work."",""field"":""scene_context"",""supports"":""Resolves object_reference: grey PENDING bag is active unfinished work; white COMPLETE bag is closed and not actionable""},{""evidence_text"":""after the linen pickup"",""field"":""command"",""supports"":""temporal_reference ambiguity: two linen pickup occurrences exist (08:00 and 12:00)""},{""evidence_text"":""The schedule note links this job to the linen pickup at 08:00, not the later occurrence at 12:00."",""field"":""scene_context"",""supports"":""Resolves temporal_reference: the relevant occurrence is 08:00""},{""evidence_text"":""until it is reasonably clean"",""field"":""command"",""supports"":""endpoint_vagueness: 'reasonably clean' is a vague stopping condition requiring deterministic grounding""},{""evidence_text"":""The cleaning standard defines 'reasonably clean' as no visible residue under the inspection light and a passed surface scan."",""field"":""scene_context"",""supports"":""Silently resolves endpoint_vagueness via deterministic local cleaning standard""}]",DISAGREE,JSON canonical sort_keys; no semantic normalization,NO
CA-0197,intent,"""Perform routine exterior cleaning of the grey PENDING-marked laundry bag after the 08:00 linen pickup until the site cleaning standard for reasonably clean is met.""","""Clean the exterior of the pending-tagged laundry bag beside the linen closet, starting after the 08:00 linen pickup, to the standard of no visible residue under the inspection light and a passed surface scan.""",DISAGREE,JSON canonical sort_keys; no semantic normalization,NO
CA-0197,primary_ambiguity_type,"""endpoint_vagueness""","""object_reference""",DISAGREE,JSON canonical sort_keys; no semantic normalization,NO
CA-0197,recommended_strategy,"""silently_resolve""","""multi_step""",DISAGREE,JSON canonical sort_keys; no semantic normalization,NO
CA-0197,resolved_slots,"{""cleaning_endpoint"":""no visible residue under the inspection light and a passed surface scan"",""method"":""site-approved routine exterior cleaning"",""object"":""grey laundry bag beside the linen closet with white PENDING tag"",""temporal_anchor"":""after the linen pickup at 08:00""}","{""cleanliness_endpoint"":""no visible residue under inspection light and passed surface scan"",""linen_pickup_occurrence"":""08:00"",""target_bag"":""grey laundry bag beside the linen closet (PENDING tag)""}",DISAGREE,JSON canonical sort_keys; no semantic normalization,NO
CA-0197,strategy_sequence,"[""silently_resolve"",""execute""]","[""resolve_reference"",""silently_resolve"",""execute""]",DISAGREE,JSON canonical sort_keys; no semantic normalization,NO
CA-0200,ambiguity_types,"[""pragmatic"",""lexical"",""pronoun_reference"",""instrument_reference"",""destination_reference""]","[""pragmatic"",""lexical"",""object_reference"",""destination_reference""]",DISAGREE,JSON canonical sort_keys; no semantic normalization,YES
CA-0200,canonical_outcome,"{""action_plan"":[""Identify the reservation stand and the work-order-assigned calibrated tray scale beside the service station."",""Place the reservation stand on that tray scale."",""Read the scale display and confirm the loaded stand is below 18 kilograms."",""Return the reservation stand to the host desk beside the pass counter named by the work order.""],""blocking_constraint"":null,""canonical_interpretation"":""Treat the polite request as an instruction: place the reservation stand on the assigned calibrated tray scale beside the service station, confirm the displayed weight is below 18 kg, then return the reservation stand to the host desk beside the pass counter."",""clarification_question"":null,""rejection_explanation"":null,""success_condition"":""The reservation stand has been weighed on the assigned tray scale (display below 18 kg) and returned to the host desk beside the pass counter."",""terminal_kind"":""executable_interpretation"",""unresolved_slot"":null}","{""action_plan"":[""Carry the reservation stand to the assigned calibrated tray scale beside the service station."",""Place the reservation stand on the tray scale and read the displayed weight (12 kg)."",""Confirm 12 kg is below the 18 kg limit permitted by the robot's handling certificate."",""Lift the reservation stand from the tray scale."",""Move the reservation stand to the host desk beside the pass counter and place it there.""],""blocking_constraint"":null,""canonical_interpretation"":""Place the reservation stand on the assigned calibrated tray scale beside the service station; confirm the displayed weight of 12 kg is below the 18 kg handling limit; then move the reservation stand to the host desk beside the pass counter."",""clarification_question"":null,""rejection_explanation"":null,""success_condition"":""The reservation stand has been weighed at 12 kg on the assigned calibrated tray scale and is placed at the host desk beside the pass counter."",""terminal_kind"":""executable_interpretation"",""unresolved_slot"":null}",DISAGREE,JSON canonical sort_keys; no semantic normalization,YES
CA-0200,compound_ambiguity_count,5,4,DISAGREE,JSON canonical sort_keys; no semantic normalization,YES
CA-0200,confidence,0.86,0.91,DISAGREE,JSON canonical sort_keys; no semantic normalization,YES
CA-0200,evidence,"[{""evidence_text"":""Could you place the reservation stand on the tray scale beside the service station, then handle it by returning it to the host desk?"",""field"":""command"",""supports"":""Polite interrogative surface form with handle-it and host-desk slots that initially admit multiple readings.""},{""evidence_text"":""Treat this as an instruction, and use 'handle it' to mean move the reservation stand after weighing it."",""field"":""dialogue_history"",""supports"":""Resolves pragmatic force to an instruction and lexical/pronoun sense of handle it to moving the reservation stand after weighing.""},{""evidence_text"":""Two tray scales are present. The unit assigned to this work order is calibrated; the other is reserved for a different load."",""field"":""scene_context"",""supports"":""Initially two tray-scale instruments match; work-order assignment selects the calibrated unit.""},{""evidence_text"":""Two locations are labelled host desk; the work order names the one beside the pass counter."",""field"":""scene_context"",""supports"":""Initially two host-desk destinations match; work order binds the pass-counter desk.""},{""evidence_text"":""It displays 12 kilograms. The robot's handling certificate permits this target below the stated 18-kilogram limit."",""field"":""scene_context"",""supports"":""Weight check and certificate make the resolved handling feasible and permitted.""},{""evidence_text"":""move approved furniture accessories outside occupied paths"",""field"":""capability_context"",""supports"":""Robot is capable of moving the reservation stand as an approved furniture accessory.""}]","[{""evidence_text"":""Could you place the reservation stand on the tray scale beside the service station"",""field"":""command"",""supports"":""pragmatic: surface form is a question; resolved as a directive by dialogue history. Also introduces object_reference: 'the tray scale' initially matches two tray scales.""},{""evidence_text"":""Treat this as an instruction, and use 'handle it' to mean move the reservation stand after weighing it."",""field"":""dialogue_history"",""supports"":""pragmatic resolution (explicit re-framing as instruction) and lexical resolution ('handle it' = move after weighing).""},{""evidence_text"":""Two tray scales are present. The unit assigned to this work order is calibrated; the other is reserved for a different load."",""field"":""scene_context"",""supports"":""object_reference resolution: two scales initially match; work-order assignment selects the calibrated unit.""},{""evidence_text"":""Two locations are labelled host desk; the work order names the one beside the pass counter."",""field"":""scene_context"",""supports"":""destination_reference resolution: two host desks initially match; work order selects the one beside the pass counter.""},{""evidence_text"":""It displays 12 kilograms. The robot's handling certificate permits this target below the stated 18-kilogram limit."",""field"":""scene_context"",""supports"":""Capability and safety checks pass: weight is within limit and certificate authorises the move.""}]",DISAGREE,JSON canonical sort_keys; no semantic normalization,YES
CA-0200,intent,"""Place the reservation stand on the work-order-assigned tray scale beside the service station to weigh it, then return the reservation stand to the host desk beside the pass counter.""","""Weigh the reservation stand on the assigned tray scale and then return it to the correct host desk.""",DISAGREE,JSON canonical sort_keys; no semantic normalization,YES
CA-0200,resolved_slots,"{""destination"":""host desk beside the pass counter"",""force"":""instruction"",""handle_sense"":""move the reservation stand after weighing it"",""instrument"":""work-order-assigned calibrated tray scale"",""object"":""reservation stand"",""pronoun_it"":""reservation stand"",""verified_weight_kg"":12,""weigh_location"":""tray scale beside the service station"",""weight_limit_kg"":18}","{""action_meaning_of_handle_it"":""move the reservation stand after weighing it"",""destination"":""host desk beside the pass counter"",""instrument"":""assigned calibrated tray scale beside the service station"",""weight_limit_kg"":18,""weight_verified_kg"":12}",DISAGREE,JSON canonical sort_keys; no semantic normalization,YES
CA-0203,canonical_outcome,"{""action_plan"":[""Identify the black stationery tray with the yellow PENDING tag beside the meeting-room shelf as the selected active tray for WO-663."",""Compute stock quantity as eight standard uses times three packs per use plus the two-pack reserve (26 packs)."",""Apply the courier-intake setup mapped to WO-663."",""Place 26 standard packs into that tray.""],""blocking_constraint"":null,""canonical_interpretation"":""Stock the black PENDING stationery tray beside the meeting-room shelf (WO-663) with 26 standard packs computed from the shift plan and stock table, using the courier-intake setup."",""clarification_question"":null,""rejection_explanation"":null,""success_condition"":""The black PENDING stationery tray for WO-663 holds 26 standard packs stocked under the courier-intake setup."",""terminal_kind"":""executable_interpretation"",""unresolved_slot"":null}","{""action_plan"":[""Locate the black stationery tray beside the meeting-room shelf bearing the PENDING tag (WO-663)."",""Retrieve 26 standard packs from the stock supply (8 uses x 3 packs per use + 2-pack reserve per stock table)."",""Apply the courier intake setup procedure as mapped by the setup table for WO-663."",""Load all 26 packs into the black PENDING tray.""],""blocking_constraint"":null,""canonical_interpretation"":""Stock the black PENDING tray (WO-663) with 26 standard packs (8 uses x 3 packs + 2-pack reserve) following the courier intake procedure."",""clarification_question"":null,""rejection_explanation"":null,""success_condition"":""Black PENDING tray (WO-663) contains 26 standard packs arranged per the courier intake setup procedure."",""terminal_kind"":""executable_interpretation"",""unresolved_slot"":null}",DISAGREE,JSON canonical sort_keys; no semantic normalization,NO
CA-0203,confidence,0.86,0.88,DISAGREE,JSON canonical sort_keys; no semantic normalization,NO
CA-0203,evidence,"[{""evidence_text"":""Stock the selected stationery tray with enough for one shift using the usual setup."",""field"":""command"",""supports"":""Names the tray, vague shift quantity, and usual setup as the slots to ground.""},{""evidence_text"":""the black one beside the meeting-room shelf has a yellow PENDING tag, while the amber one near the copy station has a blue COMPLETE tag"",""field"":""scene_context"",""supports"":""Two trays initially match object_reference; COMPLETE is closed so PENDING is the selected active tray.""},{""evidence_text"":""The shift plan contains eight standard uses. The stock table assigns three standard packs per use and a two-pack reserve."",""field"":""scene_context"",""supports"":""Deterministic local rule grounds fuzzy_quantity to 26 packs.""},{""evidence_text"":""The setup table states that the audit preparation applies to a different work-order prefix, while Work order WO-663 maps to the courier intake."",""field"":""scene_context"",""supports"":""Binds routine_reference for the PENDING WO-663 tray to courier intake rather than audit preparation.""},{""evidence_text"":""Office service robot can transport documents, scan barcodes, operate standard peripherals, and place files in authorized storage locations."",""field"":""capability_context"",""supports"":""Stocking an authorized office tray is feasible after quantity grounding.""}]","[{""evidence_text"":""selected stationery tray"",""field"":""command"",""supports"":""object_reference: two trays present; resolved to PENDING tray via shift board definition of PENDING as unfinished work""},{""evidence_text"":""enough for one shift"",""field"":""command"",""supports"":""fuzzy_quantity: vague amount deterministically resolved to 26 packs via stock table (8 uses x 3 packs + 2-pack reserve)""},{""evidence_text"":""usual setup"",""field"":""command"",""supports"":""routine_reference: two setups in setup table; resolved to courier intake via WO-663 mapping""},{""evidence_text"":""the black one beside the meeting-room shelf has a yellow PENDING tag"",""field"":""scene_context"",""supports"":""object_reference resolved: black tray is PENDING (unfinished work), amber tray is COMPLETE (closed work)""},{""evidence_text"":""eight standard uses"",""field"":""scene_context"",""supports"":""fuzzy_quantity grounding: shift plan defines 8 uses as the per-shift count""},{""evidence_text"":""three standard packs per use and a two-pack reserve"",""field"":""scene_context"",""supports"":""fuzzy_quantity grounding: 26 packs = (8 x 3) + 2""},{""evidence_text"":""Work order WO-663 maps to the courier intake"",""field"":""scene_context"",""supports"":""routine_reference resolved: PENDING tray WO-663 maps to courier intake, not audit preparation""}]",DISAGREE,JSON canonical sort_keys; no semantic normalization,NO
CA-0203,intent,"""Stock the active PENDING stationery tray for WO-663 with the shift-plan pack quantity using the courier-intake setup.""","""Stock the PENDING stationery tray (black tray, WO-663) with 26 standard packs using the courier intake setup.""",DISAGREE,JSON canonical sort_keys; no semantic normalization,NO
CA-0203,recommended_strategy,"""silently_resolve""","""multi_step""",DISAGREE,JSON canonical sort_keys; no semantic normalization,NO
CA-0203,resolved_slots,"{""quantity_packs"":26,""setup_procedure"":""courier intake"",""target_tray"":""black stationery tray beside the meeting-room shelf (PENDING, WO-663)"",""work_order"":""WO-663""}","{""quantity_packs"":26,""setup_procedure"":""courier intake"",""target_tray"":""black tray beside the meeting-room shelf (PENDING, WO-663)""}",DISAGREE,JSON canonical sort_keys; no semantic normalization,NO
CA-0203,strategy_sequence,"[""silently_resolve"",""execute""]","[""resolve_reference"",""silently_resolve"",""execute""]",DISAGREE,JSON canonical sort_keys; no semantic normalization,NO
CA-0211,ambiguity_types,"[""pronoun_reference"",""destination_reference""]","[""destination_reference"",""pronoun_reference""]",DISAGREE,JSON canonical sort_keys; no semantic normalization,NO
CA-0211,canonical_outcome,"{""action_plan"":[],""blocking_constraint"":{""factor"":""capability_constraint"",""reason"":""The medicine refrigerator is bolted and connected to live services, and the robot cannot disconnect or relocate fixed equipment connected to live services.""},""canonical_interpretation"":""After binding the service bay to the linen-rack bay and binding 'it' to the medicine refrigerator via the tagged return point, the requested relocation of the bolted, live-connected medicine refrigerator is blocked."",""clarification_question"":null,""rejection_explanation"":""I can't move the medicine refrigerator because it is fixed equipment connected to live services, which I am not able to disconnect or relocate. I can help with portable sealed supplies such as the specimen bag once that part is requested on its own."",""success_condition"":null,""terminal_kind"":""rejection"",""unresolved_slot"":null}","{""action_plan"":[],""blocking_constraint"":{""factor"":""capability_constraint"",""reason"":""The medicine refrigerator is bolted to the floor and connected to live services; the robot cannot disconnect or relocate fixed equipment connected to live services.""},""canonical_interpretation"":""Move the medicine refrigerator and the specimen bag to the service bay beside the linen rack, then return the medicine refrigerator to its current mounting point. The medicine refrigerator is bolted to the floor and connected to live services and therefore cannot be relocated by the robot."",""clarification_question"":null,""rejection_explanation"":""The medicine refrigerator is fixed equipment bolted to the floor and connected to live services. Relocating it is outside the robot's capability. The command as stated cannot be executed; a human technician or facilities team would need to handle the refrigerator."",""success_condition"":null,""terminal_kind"":""rejection"",""unresolved_slot"":null}",DISAGREE,JSON canonical sort_keys; no semantic normalization,NO
CA-0211,confidence,0.86,0.88,DISAGREE,JSON canonical sort_keys; no semantic normalization,NO
CA-0211,evidence,"[{""evidence_text"":""Move the medicine refrigerator and the specimen bag to the service bay, then return it to the tagged return point."",""field"":""command"",""supports"":""Names both items for relocation and leaves 'it' as a pronoun with two antecedents before return-point binding.""},{""evidence_text"":""Two areas are labelled service bay. The work order points to the one beside the linen rack"",""field"":""scene_context"",""supports"":""Initially two service-bay destinations match; work-order evidence selects the linen-rack bay.""},{""evidence_text"":""The work-order return field contains the medicine refrigerator's asset tag and names its current mounting point as the tagged return point."",""field"":""scene_context"",""supports"":""Binds the tagged return point, and thereby 'it', to the medicine refrigerator.""},{""evidence_text"":""the medicine refrigerator is bolted to the floor and connected to live services"",""field"":""scene_context"",""supports"":""Identifies the refrigerator as fixed live-connected equipment that must not be relocated.""},{""evidence_text"":""It cannot disconnect or relocate fixed equipment connected to live services."",""field"":""capability_context"",""supports"":""Explicit capability block on the resolved refrigerator-relocation request.""}]","[{""evidence_text"":""Move the medicine refrigerator and the specimen bag to the service bay"",""field"":""command"",""supports"":""Identifies the medicine refrigerator as a target of the move operation, triggering the capability constraint""},{""evidence_text"":""the medicine refrigerator is bolted to the floor and connected to live services"",""field"":""scene_context"",""supports"":""Establishes that the medicine refrigerator is fixed equipment that cannot be relocated, supporting capability constraint and rejection""},{""evidence_text"":""It cannot disconnect or relocate fixed equipment connected to live services"",""field"":""capability_context"",""supports"":""Explicit capability constraint that blocks execution of the move of the medicine refrigerator""},{""evidence_text"":""The work order points to the one beside the linen rack"",""field"":""scene_context"",""supports"":""Resolves destination_reference: of the two labelled service bays, the applicable one is beside the linen rack""},{""evidence_text"":""The work-order return field contains the medicine refrigerator's asset tag and names its current mounting point as the tagged return point"",""field"":""scene_context"",""supports"":""Resolves pronoun_reference: 'it' in 'return it' refers to the medicine refrigerator, not the specimen bag""}]",DISAGREE,JSON canonical sort_keys; no semantic normalization,NO
CA-0211,intent,"""Move the medicine refrigerator and the specimen bag to the work-order service bay, then return the medicine refrigerator to its tagged mounting point.""","""Move the medicine refrigerator and the specimen bag to the designated service bay, then return the medicine refrigerator to its current mounting point (the tagged return point).""",DISAGREE,JSON canonical sort_keys; no semantic normalization,NO
CA-0211,primary_ambiguity_type,"""pronoun_reference""","""destination_reference""",DISAGREE,JSON canonical sort_keys; no semantic normalization,NO
CA-0211,resolved_slots,"{""destination"":""service bay beside the linen rack"",""items"":""medicine refrigerator and specimen bag"",""return_object"":""medicine refrigerator"",""return_point"":""medicine refrigerator current mounting point""}","{""destination_service_bay"":""service bay beside the linen rack"",""pronoun_it_referent"":""medicine refrigerator"",""tagged_return_point"":""medicine refrigerator's current mounting point""}",DISAGREE,JSON canonical sort_keys; no semantic normalization,NO
CA-0211,risk_factors,"[""capability_constraint"",""hazard_constraint""]","[""capability_constraint""]",DISAGREE,JSON canonical sort_keys; no semantic normalization,NO
CA-0215,ambiguity_types,"[""destination_reference"",""routine_reference"",""temporal_reference""]","[""object_reference"",""routine_reference""]",DISAGREE,JSON canonical sort_keys; no semantic normalization,YES
CA-0215,canonical_outcome,"{""action_plan"":[],""blocking_constraint"":null,""canonical_interpretation"":""File the guest request card after the linked 08:00 check using WO-513 guest-delivery usual setup, but ask whether to file physically at the service alcove or digitally in the records system."",""clarification_question"":""Should I file the guest request card physically at the service alcove or digitally in the records system?"",""rejection_explanation"":null,""success_condition"":null,""terminal_kind"":""clarification"",""unresolved_slot"":{""candidate_values"":[""physical filing at the service alcove"",""digital filing in the records system""],""reason_unresolved"":""A physical folder and a digital record for the same guest request card both require filing, both media are authorized, and the task card does not choose a medium."",""slot_name"":""filing_destination""}}","{""action_plan"":[],""blocking_constraint"":null,""canonical_interpretation"":""File the guest request card (WO-513) after the 08:00 check; 'the usual setup' is intended to specify the filing method but the task card does not choose between the physical and digital options"",""clarification_question"":""Should I file the guest request card physically at the service alcove or digitally in the records system?"",""rejection_explanation"":null,""success_condition"":null,""terminal_kind"":""clarification"",""unresolved_slot"":{""candidate_values"":[""physical filing at the service alcove"",""digital filing in the records system""],""reason_unresolved"":""The setup table maps WO-513 to the guest delivery routine but does not specify a filing medium; the task card explicitly does not choose between the two authorized options"",""slot_name"":""filing_method""}}",DISAGREE,JSON canonical sort_keys; no semantic normalization,YES
CA-0215,compound_ambiguity_count,3,2,DISAGREE,JSON canonical sort_keys; no semantic normalization,YES
CA-0215,confidence,0.86,0.82,DISAGREE,JSON canonical sort_keys; no semantic normalization,YES
CA-0215,evidence,"[{""evidence_text"":""File the guest request card after the check using the usual setup."",""field"":""command"",""supports"":""Directive requires filing after a check with a usual-setup procedure, leaving medium and referents to recover.""},{""evidence_text"":""Both physical filing at the service alcove and digital filing in the records system are authorized; the task card does not choose a medium."",""field"":""scene_context"",""supports"":""Two authorized filing destinations remain; medium is the single unresolved critical slot.""},{""evidence_text"":""The setup table states that Work order WO-513 maps to the guest delivery, while the fire-door check applies to a different work-order prefix."",""field"":""scene_context"",""supports"":""Usual setup initially competes across procedures but binds to guest delivery for WO-513.""},{""evidence_text"":""The check at 08:00 is the one linked to this job."",""field"":""scene_context"",""supports"":""Temporal reference to the check is resolved to the job-linked 08:00 occurrence.""}]","[{""evidence_text"":""using the usual setup"",""field"":""command"",""supports"":""routine_reference ambiguity: the usual setup phrase is intended to specify the filing method but maps to two candidate procedures (physical vs. digital)""},{""evidence_text"":""The check at 08:00 is the one linked to this job"",""field"":""scene_context"",""supports"":""object_reference resolved: 'the check' is bound to the 08:00 check, not the fire-door check""},{""evidence_text"":""Both physical filing at the service alcove and digital filing in the records system are authorized; the task card does not choose a medium"",""field"":""scene_context"",""supports"":""routine_reference unresolved: two filing procedures are authorized and the task card does not select one, leaving filing_method as the single unresolved slot""},{""evidence_text"":""The setup table states that Work order WO-513 maps to the guest delivery, while the fire-door check applies to a different work-order prefix"",""field"":""scene_context"",""supports"":""object_reference resolution: 'the check' is the 08:00 guest-linked check (WO-513), not the fire-door check; routine partially resolved to guest delivery work order but filing medium remains open""}]",DISAGREE,JSON canonical sort_keys; no semantic normalization,YES
CA-0215,intent,"""After the job-linked 08:00 check, file the guest request card under Work order WO-513's guest-delivery usual setup once the filing medium is chosen.""","""File the guest request card for WO-513 after the 08:00 check, using the procedure specified by the usual setup for that work order""",DISAGREE,JSON canonical sort_keys; no semantic normalization,YES
CA-0215,primary_ambiguity_type,"""destination_reference""","""routine_reference""",DISAGREE,JSON canonical sort_keys; no semantic normalization,YES
CA-0215,recommended_strategy,"""clarify""","""multi_step""",DISAGREE,JSON canonical sort_keys; no semantic normalization,YES
CA-0215,resolved_slots,"{""check"":""08:00 check linked to this job"",""item"":""guest request card"",""sequence"":""file after the check"",""usual_setup"":""guest delivery"",""work_order"":""WO-513""}","{""card"":""guest request card"",""check"":""08:00 check linked to WO-513"",""work_order"":""WO-513""}",DISAGREE,JSON canonical sort_keys; no semantic normalization,YES
CA-0215,strategy_sequence,"[""clarify""]","[""resolve_reference"",""clarify""]",DISAGREE,JSON canonical sort_keys; no semantic normalization,YES
CA-0218,canonical_outcome,"{""action_plan"":[""Go to the information desk beside the ticket gate named by the work order"",""Locate the queue barrier near that desk"",""Deploy the handheld inspection camera authorized and calibrated for this item class"",""Perform a complete surface scan with no uninspected patch larger than two square centimetres""],""blocking_constraint"":null,""canonical_interpretation"":""Navigate to the queue barrier near the work-order information desk beside the ticket gate, deploy the authorized calibrated handheld inspection camera, and perform a complete surface scan meeting the routine-release patch limit."",""clarification_question"":null,""rejection_explanation"":null,""success_condition"":""The queue barrier near the ticket-gate information desk has a complete handheld-camera surface scan with no uninspected patch larger than two square centimetres."",""terminal_kind"":""executable_interpretation"",""unresolved_slot"":null}","{""action_plan"":[""Navigate to the information desk beside the ticket gate."",""Locate the queue barrier adjacent to that information desk."",""Retrieve and deploy the handheld inspection camera (calibrated for this item class and authorized for this work order)."",""Perform a complete surface scan of the queue barrier, ensuring no uninspected patch exceeds two square centimetres."",""Confirm the inspection meets the routine-release standard and log completion.""],""blocking_constraint"":null,""canonical_interpretation"":""Navigate to the queue barrier at the information desk beside the ticket gate and inspect it using the handheld inspection camera, performing a complete surface scan with no uninspected patch larger than two square centimetres, then confirm the barrier is clear for routine release."",""clarification_question"":null,""rejection_explanation"":null,""success_condition"":""Queue barrier at the information desk beside the ticket gate has been fully scanned with no uninspected patch larger than two square centimetres, satisfying the routine-release standard."",""terminal_kind"":""executable_interpretation"",""unresolved_slot"":null}",DISAGREE,JSON canonical sort_keys; no semantic normalization,NO
CA-0218,capability_status,"""conditionally_capable""","""capable""",DISAGREE,JSON canonical sort_keys; no semantic normalization,NO
CA-0218,confidence,0.86,0.88,DISAGREE,JSON canonical sort_keys; no semantic normalization,NO
CA-0218,evidence,"[{""evidence_text"":""Inspect the queue barrier near the information desk with the inspection camera carefully enough for routine release."",""field"":""command"",""supports"":""Names the barrier, desk landmark, camera, and vague routine-release care/completion standard.""},{""evidence_text"":""Two locations are labelled information desk. The work order names the one beside the ticket gate."",""field"":""scene_context"",""supports"":""Resolves spatial_reference to the ticket-gate information desk.""},{""evidence_text"":""The handheld inspection camera is calibrated for this item class. A fixed inspection camera at the other information desk is outside calibration."",""field"":""scene_context"",""supports"":""Resolves instrument_reference to the calibrated handheld camera.""},{""evidence_text"":""Routine release requires a complete surface scan with no uninspected patch larger than two square centimetres."",""field"":""scene_context"",""supports"":""Deterministically grounds endpoint_vagueness for silent resolution.""},{""evidence_text"":""The handheld inspection camera is authorized for this work order."",""field"":""scene_context"",""supports"":""Confirms authorized instrument for executable inspection.""}]","[{""evidence_text"":""near the information desk"",""field"":""command"",""supports"":""spatial_reference: the phrase initially matches two labelled information desk locations.""},{""evidence_text"":""Two locations are labelled information desk. The work order names the one beside the ticket gate."",""field"":""scene_context"",""supports"":""spatial_reference resolved: work order binds the target location to the information desk beside the ticket gate.""},{""evidence_text"":""with the inspection camera"",""field"":""command"",""supports"":""instrument_reference: the phrase initially matches both the handheld inspection camera and the fixed inspection camera at the other information desk.""},{""evidence_text"":""The handheld inspection camera is calibrated for this item class. A fixed inspection camera at the other information desk is outside calibration. The handheld inspection camera is authorized for this work order."",""field"":""scene_context"",""supports"":""instrument_reference resolved: only the handheld inspection camera is calibrated and authorized; the fixed camera is outside calibration.""},{""evidence_text"":""carefully enough for routine release"",""field"":""command"",""supports"":""endpoint_vagueness: the degree of thoroughness required for routine release is not specified in the command.""},{""evidence_text"":""Routine release requires a complete surface scan with no uninspected patch larger than two square centimetres."",""field"":""scene_context"",""supports"":""endpoint_vagueness resolved: scene context supplies the deterministic completion standard for routine release.""}]",DISAGREE,JSON canonical sort_keys; no semantic normalization,NO
CA-0218,intent,"""Inspect the queue barrier at the information desk beside the ticket gate with the handheld inspection camera to the routine-release completeness standard.""","""Inspect the queue barrier near the information desk beside the ticket gate using the handheld inspection camera, performing a surface scan thorough enough to meet the routine-release standard.""",DISAGREE,JSON canonical sort_keys; no semantic normalization,NO
CA-0218,primary_ambiguity_type,"""endpoint_vagueness""","""instrument_reference""",DISAGREE,JSON canonical sort_keys; no semantic normalization,NO
CA-0218,recommended_strategy,"""silently_resolve""","""multi_step""",DISAGREE,JSON canonical sort_keys; no semantic normalization,NO
CA-0218,resolved_slots,"{""completion_criterion"":""complete surface scan with no uninspected patch larger than two square centimetres"",""instrument"":""handheld inspection camera"",""object"":""queue barrier near the information desk beside the ticket gate"",""spatial_landmark"":""information desk beside the ticket gate""}","{""completion_standard"":""complete surface scan with no uninspected patch larger than two square centimetres"",""instrument"":""handheld inspection camera"",""location"":""information desk beside the ticket gate"",""target_object"":""queue barrier""}",DISAGREE,JSON canonical sort_keys; no semantic normalization,NO
CA-0218,risk_factors,[],"[""capability_constraint"",""authorization_constraint""]",DISAGREE,JSON canonical sort_keys; no semantic normalization,NO
CA-0218,risk_level,"""low""","""medium""",DISAGREE,JSON canonical sort_keys; no semantic normalization,NO
CA-0218,strategy_sequence,"[""silently_resolve"",""execute""]","[""resolve_reference"",""resolve_context"",""execute""]",DISAGREE,JSON canonical sort_keys; no semantic normalization,NO
CA-0225,ambiguity_types,"[""routine_reference"",""temporal_reference"",""object_reference""]","[""routine_reference"",""object_reference""]",DISAGREE,JSON canonical sort_keys; no semantic normalization,YES
CA-0225,canonical_outcome,"{""action_plan"":[],""blocking_constraint"":null,""canonical_interpretation"":""Context binds usual setup to the guest-arrival setup via WO-983 and binds the check to the 14:00 job-linked check; ask whether to file the delivery note via the physical folder at the patio door or the digital record in the records system."",""clarification_question"":""Should I file the delivery note in the physical folder at the patio door or in the digital records system?"",""rejection_explanation"":null,""success_condition"":null,""terminal_kind"":""clarification"",""unresolved_slot"":{""candidate_values"":[""physical folder at patio door"",""digital record in records system""],""reason_unresolved"":""A physical folder and a digital record for the same delivery note both require filing, both destinations are authorized, and the task card does not choose a medium."",""slot_name"":""filing_medium""}}","{""action_plan"":[],""blocking_constraint"":null,""canonical_interpretation"":""File the delivery note after the 14:00 check; routine resolved to guest-arrival setup for WO-983; filing medium (physical folder at patio door vs. digital record in records system) is unresolved"",""clarification_question"":""Should I file the delivery note physically in the folder at the patio door, or record it digitally in the records system?"",""rejection_explanation"":null,""success_condition"":null,""terminal_kind"":""clarification"",""unresolved_slot"":{""candidate_values"":[""physical folder at patio door"",""digital record in records system""],""reason_unresolved"":""Both a physical folder and a digital record for the same delivery note are open and require filing; the task card does not choose a medium, and no deterministic rule selects one over the other"",""slot_name"":""filing_medium_and_target""}}",DISAGREE,JSON canonical sort_keys; no semantic normalization,YES
CA-0225,compound_ambiguity_count,3,2,DISAGREE,JSON canonical sort_keys; no semantic normalization,YES
CA-0225,confidence,0.84,0.85,DISAGREE,JSON canonical sort_keys; no semantic normalization,YES
CA-0225,evidence,"[{""evidence_text"":""File the delivery note after the check using the usual setup."",""field"":""command"",""supports"":""Surface request leaves usual setup, which check, and how/where to file underspecified.""},{""evidence_text"":""A physical folder and a digital record for the same delivery note are both open and both require filing."",""field"":""scene_context"",""supports"":""Two initially matching filing objects remain for the delivery note.""},{""evidence_text"":""Work order WO-983 maps to the guest-arrival setup."",""field"":""scene_context"",""supports"":""Resolves usual setup to the guest-arrival routine for the active work order.""},{""evidence_text"":""The check at 14:00 is the one linked to this job."",""field"":""scene_context"",""supports"":""Resolves which check occurrence the after-check ordering refers to.""},{""evidence_text"":""the task card does not choose a medium."",""field"":""scene_context"",""supports"":""Leaves physical versus digital filing as the single unresolved critical slot.""}]","[{""evidence_text"":""using the usual setup"",""field"":""command"",""supports"":""routine_reference: 'usual setup' initially matches both the delivery handoff setup and the guest-arrival setup; resolved to guest-arrival setup by WO-983 mapping in scene_context""},{""evidence_text"":""Work order WO-983 maps to the guest-arrival setup"",""field"":""scene_context"",""supports"":""routine_reference resolved: WO-983 uniquely binds 'usual setup' to guest-arrival setup, not delivery handoff""},{""evidence_text"":""File the delivery note"",""field"":""command"",""supports"":""object_reference: 'the delivery note' initially matches both the physical folder and the digital record, both open and requiring filing""},{""evidence_text"":""A physical folder and a digital record for the same delivery note are both open and both require filing"",""field"":""scene_context"",""supports"":""object_reference unresolved: two distinct objects match 'the delivery note'; no medium is prescribed""},{""evidence_text"":""the task card does not choose a medium"",""field"":""scene_context"",""supports"":""object_reference remains unresolved: no authoritative contextual evidence selects physical or digital filing""}]",DISAGREE,JSON canonical sort_keys; no semantic normalization,YES
CA-0225,intent,"""After the job-linked 14:00 check, file the delivery note using the guest-arrival setup for WO-983, once the filing medium is chosen.""","""File the delivery note after the 14:00 check using the applicable routine for work order WO-983""",DISAGREE,JSON canonical sort_keys; no semantic normalization,YES
CA-0225,recommended_strategy,"""clarify""","""multi_step""",DISAGREE,JSON canonical sort_keys; no semantic normalization,YES
CA-0225,resolved_slots,"{""action_order"":""file after the check"",""check"":""14:00"",""item"":""delivery note"",""setup"":""guest-arrival setup"",""work_order"":""WO-983""}","{""routine"":""guest-arrival setup (WO-983)"",""timing"":""after the check at 14:00""}",DISAGREE,JSON canonical sort_keys; no semantic normalization,YES
CA-0225,strategy_sequence,"[""clarify""]","[""resolve_reference"",""clarify""]",DISAGREE,JSON canonical sort_keys; no semantic normalization,YES
CA-0226,canonical_outcome,"{""action_plan"":[""Select the handheld dosing bottle calibrated for disinfectant"",""Locate the disinfectant bottle beside the medicine refrigerator"",""Top up the disinfectant bottle to 800 millilitres using the dosing bottle"",""Return the disinfectant bottle to the secure hatch""],""blocking_constraint"":null,""canonical_interpretation"":""Top up the portable disinfectant bottle beside the medicine refrigerator to 800 millilitres using the handheld dosing bottle calibrated for disinfectant, then return the disinfectant bottle to the secure hatch."",""clarification_question"":null,""rejection_explanation"":null,""success_condition"":""The disinfectant bottle beside the medicine refrigerator holds 800 millilitres and is returned to the secure hatch."",""terminal_kind"":""executable_interpretation"",""unresolved_slot"":null}","{""action_plan"":[""Retrieve the handheld dosing bottle calibrated for disinfectant."",""Locate the disinfectant bottle beside the medicine refrigerator (built into the pharmacy counter)."",""Top up the disinfectant bottle to 800 mL (6 uses × 125 mL + 50 mL reserve, per replenishment table)."",""Return the disinfectant bottle to its designated return position at the secure hatch."",""Return the handheld dosing bottle to its calibration rack.""],""blocking_constraint"":null,""canonical_interpretation"":""Use the handheld dosing bottle (calibrated for disinfectant) to fill the disinfectant bottle beside the medicine refrigerator to 800 mL, then return the disinfectant bottle to the secure hatch; return the handheld dosing bottle to its calibration rack."",""clarification_question"":null,""rejection_explanation"":null,""success_condition"":""Disinfectant bottle contains 800 mL and is secured at the secure hatch; handheld dosing bottle is returned to its calibration rack."",""terminal_kind"":""executable_interpretation"",""unresolved_slot"":null}",DISAGREE,JSON canonical sort_keys; no semantic normalization,NO
CA-0226,confidence,0.86,0.88,DISAGREE,JSON canonical sort_keys; no semantic normalization,NO
CA-0226,evidence,"[{""evidence_text"":""Use the dosing bottle to top up the disinfectant bottle beside the medicine refrigerator, then return it with enough for the afternoon round."",""field"":""command"",""supports"":""Names the dosing instrument, target bottle, pronoun return target, and vague volume enough for the afternoon round.""},{""evidence_text"":""The handheld dosing bottle is calibrated for disinfectant. A second dosing bottle on the secure hatch is reserved for another material."",""field"":""scene_context"",""supports"":""Two dosing bottles initially match; context binds the instrument to the handheld bottle calibrated for disinfectant.""},{""evidence_text"":""The work-order return field contains the disinfectant bottle's asset tag"",""field"":""scene_context"",""supports"":""Binds return pronoun it to the disinfectant bottle rather than the dosing bottle.""},{""evidence_text"":""The afternoon plan contains six standard uses. The replenishment table specifies 125 millilitres per use plus a 50-millilitre reserve."",""field"":""scene_context"",""supports"":""Deterministically grounds enough for the afternoon round as 800 millilitres.""},{""evidence_text"":""The disinfectant bottle's return position is the secure hatch."",""field"":""scene_context"",""supports"":""Fixes the return destination once the returned object is the disinfectant bottle.""},{""evidence_text"":""The named liquid, container, and refill operation are approved for this robot, and the table-derived volume is within the assigned tool's certified range."",""field"":""scene_context"",""supports"":""Confirms the resolved refill and volume are authorized and feasible.""},{""evidence_text"":""Hospital delivery robot can move sealed supplies, scan identifiers, and operate approved carts outside direct clinical treatment."",""field"":""capability_context"",""supports"":""Supports delivery and return of the topped-up sealed disinfectant bottle after refill.""}]","[{""evidence_text"":""Use the dosing bottle"",""field"":""command"",""supports"":""instrument_reference: 'the dosing bottle' initially matches both the handheld dosing bottle and the second dosing bottle on the secure hatch.""},{""evidence_text"":""The handheld dosing bottle is calibrated for disinfectant. A second dosing bottle on the secure hatch is reserved for another material."",""field"":""scene_context"",""supports"":""instrument_reference resolved: only the handheld dosing bottle is calibrated for disinfectant; the second is reserved for another material, eliminating it.""},{""evidence_text"":""then return it with enough for the afternoon round"",""field"":""command"",""supports"":""pronoun_reference: 'it' initially admits the dosing bottle or the disinfectant bottle as antecedent; fuzzy_quantity: 'enough for the afternoon round' is an underdetermined volume.""},{""evidence_text"":""The work-order return field contains the disinfectant bottle's asset tag; the assigned dosing bottle's return point is its calibration rack. The disinfectant bottle's return position is the secure hatch."",""field"":""scene_context"",""supports"":""pronoun_reference resolved: 'it' = disinfectant bottle; the work-order return field and explicit return position confirm destination is the secure hatch.""},{""evidence_text"":""The afternoon plan contains six standard uses. The replenishment table specifies 125 millilitres per use plus a 50-millilitre reserve."",""field"":""scene_context"",""supports"":""fuzzy_quantity resolved deterministically: 6 × 125 + 50 = 800 mL; silently_resolve applies.""},{""evidence_text"":""The named liquid, container, and refill operation are approved for this robot, and the table-derived volume is within the assigned tool's certified range."",""field"":""scene_context"",""supports"":""No authorization or capability block; execution is feasible after silent resolution of the volume.""}]",DISAGREE,JSON canonical sort_keys; no semantic normalization,NO
CA-0226,intent,"""Use the handheld dosing bottle calibrated for disinfectant to top up the disinfectant bottle beside the medicine refrigerator to the table-derived afternoon-round volume, then return that disinfectant bottle to the secure hatch.""","""Top up the disinfectant bottle beside the medicine refrigerator using the handheld dosing bottle, then return the disinfectant bottle to the secure hatch with 800 mL (six uses at 125 mL each plus a 50 mL reserve).""",DISAGREE,JSON canonical sort_keys; no semantic normalization,NO
CA-0226,primary_ambiguity_type,"""fuzzy_quantity""","""pronoun_reference""",DISAGREE,JSON canonical sort_keys; no semantic normalization,NO
CA-0226,recommended_strategy,"""silently_resolve""","""multi_step""",DISAGREE,JSON canonical sort_keys; no semantic normalization,NO
CA-0226,resolved_slots,"{""afternoon_uses"":6,""instrument"":""handheld dosing bottle calibrated for disinfectant"",""return_destination"":""secure hatch"",""return_object"":""disinfectant bottle"",""target_container"":""disinfectant bottle beside the medicine refrigerator"",""top_up_volume_ml"":800}","{""instrument"":""handheld dosing bottle (calibrated for disinfectant)"",""object"":""disinfectant bottle beside the medicine refrigerator"",""return_destination"":""secure hatch"",""return_object"":""disinfectant bottle"",""top_up_volume_ml"":800}",DISAGREE,JSON canonical sort_keys; no semantic normalization,NO
CA-0226,risk_level,"""medium""","""low""",DISAGREE,JSON canonical sort_keys; no semantic normalization,NO
CA-0226,strategy_sequence,"[""silently_resolve"",""execute""]","[""resolve_reference"",""silently_resolve"",""execute""]",DISAGREE,JSON canonical sort_keys; no semantic normalization,NO
CA-0239,canonical_outcome,"{""action_plan"":[""Wait until after the work-order last train at 15:00"",""Locate the amber cleaning cart with the orange PENDING tag beside the information desk"",""Move that marked cleaning cart"",""Leave the grey COMPLETE-tagged cart and the information stand unmoved""],""blocking_constraint"":null,""canonical_interpretation"":""After 15:00 (work-order last train), move only the amber PENDING marked cleaning cart beside the information desk; do not move the grey COMPLETE cart or the information stand."",""clarification_question"":null,""rejection_explanation"":null,""success_condition"":""After the 15:00 last train, the amber PENDING marked cleaning cart has been moved and the COMPLETE cart plus information stand remain unmoved."",""terminal_kind"":""executable_interpretation"",""unresolved_slot"":null}","{""action_plan"":[""Check work-order note: last train is at 15:00; wait until after 15:00."",""Proceed to the amber cleaning cart (PENDING tag) beside the information desk."",""Move the amber cleaning cart to the designated service area.""],""blocking_constraint"":null,""canonical_interpretation"":""After 15:00, move the amber cleaning cart (PENDING tag) from beside the information desk to the designated service area; do not move the grey (COMPLETE) cart or the information stand."",""clarification_question"":null,""rejection_explanation"":null,""success_condition"":""Amber cleaning cart (PENDING tag) has been repositioned after 15:00; grey (COMPLETE) cart and information stand remain undisturbed."",""terminal_kind"":""executable_interpretation"",""unresolved_slot"":null}",DISAGREE,JSON canonical sort_keys; no semantic normalization,NO
CA-0239,confidence,0.86,0.88,DISAGREE,JSON canonical sort_keys; no semantic normalization,NO
CA-0239,evidence,"[{""evidence_text"":""Move only the marked cleaning cart after the last train."",""field"":""command"",""supports"":""Surface request introduces scope of only, marked-cart object choice, and last-train timing.""},{""evidence_text"":""The information stand is excluded from the work order; the word only applies to the marked cleaning cart."",""field"":""dialogue_history"",""supports"":""Resolves scope of only to the marked cleaning cart and excludes the information stand.""},{""evidence_text"":""Two cleaning carts carry work-order marks: the grey one near the ticket gate has a yellow COMPLETE tag, while the amber one beside the information desk has an orange PENDING tag."",""field"":""scene_context"",""supports"":""Initially two marked carts; PENDING vs COMPLETE selects the amber unfinished cart.""},{""evidence_text"":""The work-order note names the last train at 15:00, not the later occurrence at 19:00."",""field"":""scene_context"",""supports"":""Resolves temporal_reference for last train to the 15:00 work-order occurrence.""},{""evidence_text"":""Station service robot can move signs and light barriers, scan tags, and deliver sealed items in public and staff zones."",""field"":""capability_context"",""supports"":""Station service relocation and tag scanning are in capability; no blocking constraint for the resolved move.""}]","[{""evidence_text"":""only the marked cleaning cart"",""field"":""command"",""supports"":""scope ambiguity: 'only' could restrict different sentential elements; dialogue resolves it to the cleaning cart as the sole target, excluding the information stand""},{""evidence_text"":""The information stand is excluded from the work order; the word only applies to the marked cleaning cart."",""field"":""dialogue_history"",""supports"":""resolves scope ambiguity: confirms the marked cleaning cart is the sole move target and the information stand is out of scope""},{""evidence_text"":""Two cleaning carts carry work-order marks: the grey one near the ticket gate has a yellow COMPLETE tag, while the amber one beside the information desk has an orange PENDING tag. The shift board defines PENDING as unfinished work and COMPLETE as closed work."",""field"":""scene_context"",""supports"":""object_reference ambiguity: two marked carts exist initially; PENDING (unfinished/active) status on the amber cart resolves it as the move target, not the grey COMPLETE (closed) cart""},{""evidence_text"":""The work-order note names the last train at 15:00, not the later occurrence at 19:00."",""field"":""scene_context"",""supports"":""temporal_reference ambiguity: two train occurrences exist; the work-order note explicitly names 15:00 as the last train, resolving the timing to after 15:00""},{""evidence_text"":""after the last train"",""field"":""command"",""supports"":""temporal_reference ambiguity: 'last train' initially maps to two candidate occurrences (15:00 and 19:00)""}]",DISAGREE,JSON canonical sort_keys; no semantic normalization,NO
CA-0239,intent,"""After the work-order last train at 15:00, move the amber PENDING marked cleaning cart beside the information desk; leave the COMPLETE cart and the information stand unmoved.""","""Move the amber cleaning cart (PENDING tag, beside information desk) to a designated location after the last train at 15:00.""",DISAGREE,JSON canonical sort_keys; no semantic normalization,NO
CA-0239,primary_ambiguity_type,"""object_reference""","""scope""",DISAGREE,JSON canonical sort_keys; no semantic normalization,NO
CA-0239,resolved_slots,"{""action"":""move"",""object"":""amber cleaning cart with orange PENDING tag beside the information desk"",""only_scope"":""marked cleaning cart (information stand excluded)"",""temporal_anchor"":""last train at 15:00""}","{""object"":""amber cleaning cart with PENDING tag beside information desk"",""scope_target"":""marked cleaning cart only (information stand excluded per dialogue)"",""timing"":""after 15:00 (last train per work-order note)""}",DISAGREE,JSON canonical sort_keys; no semantic normalization,NO
CA-0239,strategy_sequence,"[""execute""]","[""resolve_scope"",""resolve_reference"",""execute""]",DISAGREE,JSON canonical sort_keys; no semantic normalization,NO
CA-0245,ambiguity_types,"[""spatial_reference"",""temporal_reference""]","[""spatial_reference"",""pronoun_reference""]",DISAGREE,JSON canonical sort_keys; no semantic normalization,YES
CA-0245,canonical_outcome,"{""action_plan"":[],""blocking_constraint"":{""factor"":""authorization_constraint"",""reason"":""The pouch has a tamper-evident seal, the work order lacks an authorized opening code, and the robot is not authorized to break tamper-evident seals.""},""canonical_interpretation"":""After binding the pouch to the lift-side service door and the return to after the 13:00 check, refuse to open the tamper-evident security pouch because seal-breaking is unauthorized."",""clarification_question"":null,""rejection_explanation"":""I can identify the security pouch by the lift-side service door and the post-check return to the security desk, but I am not authorized to break its tamper-evident seal, so I cannot open it."",""success_condition"":null,""terminal_kind"":""rejection"",""unresolved_slot"":null}","{""action_plan"":[],""blocking_constraint"":{""factor"":""authorization_constraint"",""reason"":""The security pouch carries a tamper-evident seal and the work order does not include an authorized opening code; the robot is not authorized to break tamper-evident seals.""},""canonical_interpretation"":""The robot is directed to open the security pouch (identified by work-order asset tag) located beside the transfer trolley at the door beside the lift, then return the pouch to the security desk after the 13:00 check. Opening the pouch requires breaking its tamper-evident seal, which the robot is not authorized to do, and no opening code is provided in the work order."",""clarification_question"":null,""rejection_explanation"":""I am unable to open the security pouch: it carries a tamper-evident seal and I am not authorized to break tamper-evident seals. The work order does not include an authorized opening code. Please arrange for an authorized person to perform the opening; I can transport or return the pouch sealed if that would help."",""success_condition"":null,""terminal_kind"":""rejection"",""unresolved_slot"":null}",DISAGREE,JSON canonical sort_keys; no semantic normalization,YES
CA-0245,evidence,"[{""evidence_text"":""Open the security pouch beside the transfer trolley near the service door, then return it to the security desk after the check."",""field"":""command"",""supports"":""Direct request to open a specific pouch and return it after a named check event.""},{""evidence_text"":""Two doors carry service labels. The work order names the door beside the lift; the other is emergency-only."",""field"":""scene_context"",""supports"":""spatial_reference: two service-labeled doors initially match; work order selects the lift-side door.""},{""evidence_text"":""The return location is the security desk, and the check at 13:00 is linked to the job."",""field"":""scene_context"",""supports"":""temporal_reference: 'the check' is grounded to the job-linked 13:00 occurrence; return destination is fixed.""},{""evidence_text"":""The security pouch carries a tamper-evident seal and the work order does not include an authorized opening code."",""field"":""scene_context"",""supports"":""Opening is blocked: seal present and no authorized opening code on the work order.""},{""evidence_text"":""It may transport sealed sensitive items but is not authorized to break tamper-evident seals."",""field"":""capability_context"",""supports"":""Authorization constraint forbids seal-breaking; transport alone does not permit opening.""}]","[{""evidence_text"":""Open the security pouch beside the transfer trolley near the service door"",""field"":""command"",""supports"":""Identifies the commanded action (open the pouch) and its spatial location reference, triggering spatial_reference and pronoun_reference ambiguities.""},{""evidence_text"":""Two doors carry service labels. The work order names the door beside the lift; the other is emergency-only."",""field"":""scene_context"",""supports"":""Resolves spatial_reference: 'the service door' initially matches two labeled doors; the work order restricts the candidate to the door beside the lift.""},{""evidence_text"":""The work-order return field contains the security pouch's asset tag; the trolley belongs to a separate task. The return location is the security desk."",""field"":""scene_context"",""supports"":""Resolves pronoun_reference: 'it' in 'return it' initially has two singular antecedents (pouch and trolley); the work-order return field and asset tag confirm the referent is the security pouch.""},{""evidence_text"":""The security pouch carries a tamper-evident seal and the work order does not include an authorized opening code."",""field"":""scene_context"",""supports"":""Establishes the authorization_constraint: opening the pouch requires breaking the tamper-evident seal; no code is available to authorize the action.""},{""evidence_text"":""It may transport sealed sensitive items but is not authorized to break tamper-evident seals."",""field"":""capability_context"",""supports"":""Confirms the authorization_constraint: the robot explicitly lacks authorization to perform the commanded opening, making face_preserving_rejection the only viable terminal outcome.""}]",DISAGREE,JSON canonical sort_keys; no semantic normalization,YES
CA-0245,intent,"""Open the work-order security pouch located beside the transfer trolley at the lift-side service door, then return that pouch to the security desk after the job-linked 13:00 check.""","""Open the security pouch located beside the transfer trolley at the service door beside the lift, then return the pouch to the security desk after the 13:00 check.""",DISAGREE,JSON canonical sort_keys; no semantic normalization,YES
CA-0245,resolved_slots,"{""check_event"":""13:00 job-linked check"",""landmark"":""transfer trolley beside the named door"",""object"":""security pouch (work-order return-field asset tag)"",""requested_action"":""open pouch then return after check"",""return_destination"":""security desk"",""spatial_anchor"":""service door beside the lift""}","{""check_time"":""13:00"",""return_destination"":""security desk"",""return_object"":""security pouch"",""service_door"":""the door beside the lift""}",DISAGREE,JSON canonical sort_keys; no semantic normalization,YES
CA-0245,strategy_sequence,"[""resolve_reference"",""face_preserving_rejection""]","[""resolve_reference"",""verify_capability"",""face_preserving_rejection""]",DISAGREE,JSON canonical sort_keys; no semantic normalization,YES
CA-0253,canonical_outcome,"{""action_plan"":[],""blocking_constraint"":{""factor"":""authorization_constraint"",""reason"":""Access credentials cover only zones Z1-Z3 and explicitly prohibit entering or transferring items into zone Z4, which contains the prep trolley.""},""canonical_interpretation"":""The requested transfer is the WO-534 allergen-sample delivery to the prep trolley after the 09:00 closing inspection with that order's usual closing setup, but the robot's credentials forbid entering or transferring into zone Z4 where the prep trolley is located."",""clarification_question"":null,""rejection_explanation"":""I can't take the allergen sample to the prep trolley because that location is in access zone Z4, and my credentials only cover zones Z1-Z3."",""success_condition"":null,""terminal_kind"":""rejection"",""unresolved_slot"":null}","{""action_plan"":[],""blocking_constraint"":{""factor"":""authorization_constraint"",""reason"":""Prep trolley is located inside access zone Z4; robot's access credential covers zones Z1-Z3 only and it cannot enter or transfer items into zone Z4.""},""canonical_interpretation"":""Deliver allergen sample (WO-534) to prep trolley after the 09:00 closing inspection using the closing inspection setup; prep trolley is inside access zone Z4, which the robot's credential does not cover."",""clarification_question"":null,""rejection_explanation"":""The destination (prep trolley) is in access zone Z4, which is outside the robot's credentialed access zones (Z1-Z3). The transfer cannot be completed without authorization to enter Z4, regardless of the resolved timing and setup procedure."",""success_condition"":null,""terminal_kind"":""rejection"",""unresolved_slot"":null}",DISAGREE,JSON canonical sort_keys; no semantic normalization,YES
CA-0253,confidence,0.88,0.91,DISAGREE,JSON canonical sort_keys; no semantic normalization,YES
CA-0253,evidence,"[{""evidence_text"":""Take the allergen sample to the prep trolley after a scheduled closing inspection using the usual setup."",""field"":""command"",""supports"":""Direct transfer request after a closing inspection with a usual-setup routine; surface leaves inspection occurrence and setup binding underspecified.""},{""evidence_text"":""The closing inspection is scheduled at 09:00 and again at 13:00."",""field"":""scene_context"",""supports"":""Two scheduled closing-inspection occurrences initially support temporal_reference.""},{""evidence_text"":""Work order WO-534 links this transfer to the 09:00 occurrence."",""field"":""scene_context"",""supports"":""Work-order evidence selects the 09:00 closing inspection for this transfer.""},{""evidence_text"":""The setup table states that the opening prep applies to a different work-order prefix, while Work order WO-534 maps to the closing inspection."",""field"":""scene_context"",""supports"":""Usual setup initially competes between opening prep and closing inspection; context binds WO-534 to the closing routine.""},{""evidence_text"":""That location is inside access zone Z4."",""field"":""scene_context"",""supports"":""Prep trolley destination is in Z4, establishing the blocked transfer zone.""},{""evidence_text"":""Its access credential covers zones Z1-Z3 only; it cannot enter or transfer items into zone Z4."",""field"":""capability_context"",""supports"":""Explicit authorization constraint blocks the identified delivery into Z4.""}]","[{""evidence_text"":""Take the allergen sample to the prep trolley after a scheduled closing inspection using the usual setup."",""field"":""command"",""supports"":""Establishes the delivery task with destination (prep trolley), temporal anchor (closing inspection), and routine reference (usual setup).""},{""evidence_text"":""The closing inspection is scheduled at 09:00 and again at 13:00. Work order WO-534 links this transfer to the 09:00 occurrence."",""field"":""scene_context"",""supports"":""Confirms temporal_reference ambiguity: two closing inspection occurrences exist; WO-534 resolves to the 09:00 occurrence.""},{""evidence_text"":""The setup table states that the opening prep applies to a different work-order prefix, while Work order WO-534 maps to the closing inspection."",""field"":""scene_context"",""supports"":""Confirms routine_reference ambiguity: 'usual setup' initially could denote opening prep or closing inspection setup; setup table and WO-534 resolve it to the closing inspection routine.""},{""evidence_text"":""That location is inside access zone Z4."",""field"":""scene_context"",""supports"":""Establishes that the prep trolley destination falls within zone Z4, triggering the authorization constraint.""},{""evidence_text"":""Its access credential covers zones Z1-Z3 only; it cannot enter or transfer items into zone Z4."",""field"":""capability_context"",""supports"":""Explicit authorization constraint blocking execution: robot has no credential for Z4, making delivery to prep trolley infeasible.""}]",DISAGREE,JSON canonical sort_keys; no semantic normalization,YES
CA-0253,intent,"""After the WO-534-linked 09:00 closing inspection, transfer the allergen sample to the prep trolley using the closing-inspection usual setup.""","""Deliver allergen sample to prep trolley after the 09:00 closing inspection using the closing inspection setup procedure (WO-534).""",DISAGREE,JSON canonical sort_keys; no semantic normalization,YES
CA-0253,recommended_strategy,"""face_preserving_rejection""","""multi_step""",DISAGREE,JSON canonical sort_keys; no semantic normalization,YES
CA-0253,resolved_slots,"{""destination"":""prep trolley (zone Z4)"",""object"":""allergen sample (WO-534)"",""routine"":""closing inspection usual setup (WO-534)"",""temporal_anchor"":""after 09:00 closing inspection (WO-534)""}","{""destination"":""prep trolley"",""object"":""allergen sample (WO-534)"",""routine"":""closing inspection setup (WO-534)"",""temporal_occurrence"":""09:00 closing inspection""}",DISAGREE,JSON canonical sort_keys; no semantic normalization,YES
CA-0253,strategy_sequence,"[""face_preserving_rejection""]","[""resolve_reference"",""verify_capability"",""face_preserving_rejection""]",DISAGREE,JSON canonical sort_keys; no semantic normalization,YES
CA-0259,ambiguity_types,"[""destination_reference"",""routine_reference"",""action_order""]","[""routine_reference"",""destination_reference"",""action_order""]",DISAGREE,JSON canonical sort_keys; no semantic normalization,NO
CA-0259,canonical_outcome,"{""action_plan"":[""Confirm the specimen bag is a sealed supply eligible for hospital delivery handling"",""Perform the meal-service check required before movement"",""Move the specimen bag to the WO-102 collection point beside the handover board"",""Inspect the specimen bag at that collection point""],""blocking_constraint"":null,""canonical_interpretation"":""Using the meal-service usual setup bound to WO-102, complete the check, move the specimen bag to the collection point beside the handover board, then inspect it."",""clarification_question"":null,""rejection_explanation"":null,""success_condition"":""The check is complete, the specimen bag is at the WO-102 collection point beside the handover board, and inspection under the meal-service setup is finished."",""terminal_kind"":""executable_interpretation"",""unresolved_slot"":null}","{""action_plan"":[""Identify the active work order as WO-102 (meal service) from the setup table."",""Perform the required check on the specimen bag."",""Move the specimen bag to the collection point beside the handover board."",""Inspect the specimen bag at that collection point.""],""blocking_constraint"":null,""canonical_interpretation"":""Following the meal service routine (WO-102): perform the check on the specimen bag, move it to the collection point beside the handover board, then inspect it."",""clarification_question"":null,""rejection_explanation"":null,""success_condition"":""Specimen bag has been checked, moved to the collection point beside the handover board, and inspected, completing all steps of the meal service (WO-102) procedure."",""terminal_kind"":""executable_interpretation"",""unresolved_slot"":null}",DISAGREE,JSON canonical sort_keys; no semantic normalization,NO
CA-0259,confidence,0.86,0.87,DISAGREE,JSON canonical sort_keys; no semantic normalization,NO
CA-0259,evidence,"[{""evidence_text"":""Carry out both the movement and inspection of the specimen bag by the collection point after the check using the usual setup."",""field"":""command"",""supports"":""Command leaves collection-point destination, usual-setup routine, and movement-versus-inspection order underspecified while requiring movement and inspection after the check.""},{""evidence_text"":""Two locations are labelled collection point. Work order WO-102 points to the one beside the handover board."",""field"":""scene_context"",""supports"":""Resolves destination_reference by binding the collection point to the WO-102 location beside the handover board.""},{""evidence_text"":""The setup table states that Work order WO-102 maps to the meal service, while the ward restock applies to a different work-order prefix."",""field"":""scene_context"",""supports"":""Resolves routine_reference by selecting meal service as the usual setup for WO-102 over ward restock.""},{""evidence_text"":""The meal service requires the check, then movement to the designated collection point, followed by inspection."",""field"":""scene_context"",""supports"":""Resolves action_order by fixing check, then movement, then inspection.""},{""evidence_text"":""Hospital delivery robot can move sealed supplies, scan identifiers, and operate approved carts outside direct clinical treatment."",""field"":""capability_context"",""supports"":""Resolved sealed-supply movement and inspection workflow is within robot capability.""}]","[{""evidence_text"":""the usual setup"",""field"":""command"",""supports"":""routine_reference ambiguity: 'usual setup' initially matches both the meal service and ward restock procedures listed in the setup table.""},{""evidence_text"":""Work order WO-102 maps to the meal service"",""field"":""scene_context"",""supports"":""Resolves routine_reference: the setup table binds the active WO-102 to the meal service procedure.""},{""evidence_text"":""by the collection point"",""field"":""command"",""supports"":""destination_reference ambiguity: 'the collection point' initially matches two labelled locations in the supply room.""},{""evidence_text"":""Two locations are labelled collection point. Work order WO-102 points to the one beside the handover board."",""field"":""scene_context"",""supports"":""Resolves destination_reference: the meal service (WO-102) designates the collection point beside the handover board.""},{""evidence_text"":""both the movement and inspection of the specimen bag"",""field"":""command"",""supports"":""action_order ambiguity: 'both the movement and inspection' lists two operations without fixing their relative sequence.""},{""evidence_text"":""The meal service requires the check, then movement to the designated collection point, followed by inspection."",""field"":""scene_context"",""supports"":""Resolves action_order: the meal service procedure fixes the sequence as check then movement then inspection.""}]",DISAGREE,JSON canonical sort_keys; no semantic normalization,NO
CA-0259,intent,"""After the check, move the specimen bag to the WO-102 collection point beside the handover board and inspect it, following the meal-service usual setup.""","""Carry out the meal service procedure for WO-102: perform the check on the specimen bag, move it to the collection point beside the handover board, then inspect it.""",DISAGREE,JSON canonical sort_keys; no semantic normalization,NO
CA-0259,primary_ambiguity_type,"""destination_reference""","""routine_reference""",DISAGREE,JSON canonical sort_keys; no semantic normalization,NO
CA-0259,resolved_slots,"{""action_order"":""check, then movement, then inspection"",""destination"":""collection point beside the handover board (WO-102)"",""object"":""specimen bag"",""routine"":""meal service""}","{""destination"":""collection point beside the handover board"",""routine"":""meal service (WO-102)"",""step_order"":""check then movement then inspection""}",DISAGREE,JSON canonical sort_keys; no semantic normalization,NO
CA-0259,strategy_sequence,"[""execute""]","[""resolve_reference"",""resolve_context"",""execute""]",DISAGREE,JSON canonical sort_keys; no semantic normalization,NO
CA-0262,canonical_outcome,"{""action_plan"":[""Select the handheld measuring cup calibrated for rinse water, not the reserved cup on the charging cabinet."",""Top up the paint-water bottle beside the charging cabinet to 800 ml using that measuring cup."",""Return the paint-water bottle to the charging cabinet.""],""blocking_constraint"":null,""canonical_interpretation"":""Use the handheld measuring cup calibrated for rinse water to top up the paint-water bottle beside the charging cabinet to 800 ml (six standard afternoon uses at 125 ml each plus a 50 ml reserve), then return that bottle to the charging cabinet."",""clarification_question"":null,""rejection_explanation"":null,""success_condition"":""The paint-water bottle holds 800 ml and is back at the charging cabinet after refill with the handheld measuring cup."",""terminal_kind"":""executable_interpretation"",""unresolved_slot"":null}","{""action_plan"":[""Retrieve the handheld measuring cup from its calibration rack."",""Measure and add water to the paint-water bottle beside the charging cabinet until it contains 800 ml (6 standard uses × 125 ml per use plus 50 ml reserve)."",""Return the filled paint-water bottle to its position at the charging cabinet."",""Return the handheld measuring cup to its calibration rack.""],""blocking_constraint"":null,""canonical_interpretation"":""Use the handheld measuring cup (calibrated for rinse water; the second measuring cup is reserved for another material) to fill the paint-water bottle to 800 ml (6 standard uses × 125 ml per use plus the 50 ml reserve), then return the filled paint-water bottle to its position at the charging cabinet."",""clarification_question"":null,""rejection_explanation"":null,""success_condition"":""Paint-water bottle filled to 800 ml and positioned at the charging cabinet; handheld measuring cup returned to its calibration rack."",""terminal_kind"":""executable_interpretation"",""unresolved_slot"":null}",DISAGREE,JSON canonical sort_keys; no semantic normalization,NO
CA-0262,confidence,0.86,0.87,DISAGREE,JSON canonical sort_keys; no semantic normalization,NO
CA-0262,evidence,"[{""evidence_text"":""Use the measuring cup to top up the paint-water bottle beside the charging cabinet, then return it with enough for the afternoon round."",""field"":""command"",""supports"":""Names the measuring cup and bottle, leaves 'it' and 'enough' underspecified before context.""},{""evidence_text"":""A second measuring cup on the charging cabinet is reserved for another material. The handheld measuring cup is calibrated for rinse water."",""field"":""scene_context"",""supports"":""Two measuring cups initially match; context selects the handheld rinse-water cup.""},{""evidence_text"":""The work-order return field contains the paint-water bottle's asset tag; the assigned measuring cup's return point is its calibration rack. The paint-water bottle's return position is the charging cabinet."",""field"":""scene_context"",""supports"":""Resolves 'return it' to the paint-water bottle rather than the measuring cup.""},{""evidence_text"":""The afternoon plan contains six standard uses. The replenishment table specifies 125 millilitres per use plus a 50-millilitre reserve."",""field"":""scene_context"",""supports"":""Deterministically grounds 'enough for the afternoon round' as 800 ml.""},{""evidence_text"":""Classroom service robot can carry learning materials, scan inventory, clean approved items, and operate standard charging equipment."",""field"":""capability_context"",""supports"":""Refill and return of approved classroom materials is within capability.""}]","[{""evidence_text"":""Use the measuring cup"",""field"":""command"",""supports"":""instrument_reference: command specifies 'the measuring cup' without disambiguation; scene contains two measuring cups, creating an initial instrument reference ambiguity.""},{""evidence_text"":""A second measuring cup on the charging cabinet is reserved for another material. The handheld measuring cup is calibrated for rinse water."",""field"":""scene_context"",""supports"":""instrument_reference resolution: the second measuring cup is reserved for another material, leaving the handheld measuring cup as the assigned instrument.""},{""evidence_text"":""return it with enough for the afternoon round"",""field"":""command"",""supports"":""pronoun_reference: 'it' initially admits the measuring cup or the paint-water bottle as antecedent; 'with enough for the afternoon round' semantically binds 'it' to the paint-water bottle. Also grounds fuzzy_quantity: 'enough' is vague without the replenishment table.""},{""evidence_text"":""The afternoon plan contains six standard uses. The replenishment table specifies 125 millilitres per use plus a 50-millilitre reserve."",""field"":""scene_context"",""supports"":""fuzzy_quantity silent resolution: deterministic computation yields 6 × 125 + 50 = 800 ml, confirmed within the assigned tool's certified range.""}]",DISAGREE,JSON canonical sort_keys; no semantic normalization,NO
CA-0262,intent,"""Top up the paint-water bottle with the afternoon-round volume using the handheld measuring cup, then return the bottle to the charging cabinet.""","""Top up the paint-water bottle to a table-derived volume sufficient for the afternoon round using the assigned handheld measuring cup, then return the bottle to its position at the charging cabinet.""",DISAGREE,JSON canonical sort_keys; no semantic normalization,NO
CA-0262,resolved_slots,"{""container"":""paint-water bottle beside the charging cabinet"",""fill_volume_ml"":800,""instrument"":""handheld measuring cup calibrated for rinse water"",""return_destination"":""charging cabinet"",""return_target"":""paint-water bottle""}","{""bottle_return_position"":""charging cabinet"",""instrument"":""handheld measuring cup"",""pronoun_it_referent"":""paint-water bottle"",""top_up_volume_ml"":800}",DISAGREE,JSON canonical sort_keys; no semantic normalization,NO
CA-0271,canonical_outcome,"{""action_plan"":[""Wait until after the 08:00 platform change linked to WO-739"",""Apply the public-opening usual setup to the brochure rack"",""Scan the brochure rack label"",""Place the brochure rack at the screen barrier reserved for this work order"",""Confirm work-order status reads READY""],""blocking_constraint"":null,""canonical_interpretation"":""After the WO-739-linked 08:00 platform change, prepare the brochure rack with the public-opening usual setup, grounding completion as label scanned, placement at the screen barrier, and work-order status READY."",""clarification_question"":null,""rejection_explanation"":null,""success_condition"":""Brochure rack is prepared under the public-opening setup with its label scanned, it is at the screen barrier, and the work-order status reads READY."",""terminal_kind"":""executable_interpretation"",""unresolved_slot"":null}","{""action_plan"":[""Retrieve the brochure rack designated for WO-739."",""Apply the public opening setup procedure as mapped by WO-739."",""Navigate to the screen barrier placement point reserved for WO-739 (approach path confirmed clear)."",""Place the brochure rack at the screen barrier placement point."",""Scan the rack label."",""Confirm WO-739 work-order status reads READY.""],""blocking_constraint"":null,""canonical_interpretation"":""Prepare the brochure rack for the 08:00 platform change occurrence under WO-739 using the public opening setup; task is complete when the rack label is scanned, the rack is placed at the screen barrier, and WO-739 status reads READY."",""clarification_question"":null,""rejection_explanation"":null,""success_condition"":""Brochure rack label is scanned, rack is positioned at the screen barrier reserved for WO-739, and WO-739 status reads READY."",""terminal_kind"":""executable_interpretation"",""unresolved_slot"":null}",DISAGREE,JSON canonical sort_keys; no semantic normalization,NO
CA-0271,capability_status,"""conditionally_capable""","""capable""",DISAGREE,JSON canonical sort_keys; no semantic normalization,NO
CA-0271,confidence,0.86,0.91,DISAGREE,JSON canonical sort_keys; no semantic normalization,NO
CA-0271,evidence,"[{""evidence_text"":""after a scheduled platform change until the setup is complete using the usual setup"",""field"":""command"",""supports"":""Surface form leaves temporal occurrence, completion endpoint, and usual-setup routine initially underspecified.""},{""evidence_text"":""The platform change is scheduled at 08:00 and again at 12:00. Work order WO-739 links this preparation task to the 08:00 occurrence."",""field"":""scene_context"",""supports"":""Resolves temporal_reference to the 08:00 platform-change occurrence.""},{""evidence_text"":""the crowd setup applies to a different work-order prefix, while Work order WO-739 maps to the public opening"",""field"":""scene_context"",""supports"":""Resolves routine_reference from competing usual-setup procedures to public opening.""},{""evidence_text"":""setup is complete when its label is scanned, it is placed at the screen barrier, and the work-order status reads READY"",""field"":""scene_context"",""supports"":""Deterministically grounds endpoint_vagueness for silent resolution.""},{""evidence_text"":""Station service robot can move signs and light barriers, scan tags, and deliver sealed items in public and staff zones."",""field"":""capability_context"",""supports"":""Resolved preparation and placement actions are within robot capability.""}]","[{""evidence_text"":""a scheduled platform change"",""field"":""command"",""supports"":""temporal_reference ambiguity: the phrase initially matches two occurrences (08:00 and 12:00) before contextual resolution.""},{""evidence_text"":""Work order WO-739 links this preparation task to the 08:00 occurrence"",""field"":""scene_context"",""supports"":""Resolves temporal_reference: WO-739 binds this task to the 08:00 platform change, not the 12:00 one.""},{""evidence_text"":""the usual setup"",""field"":""command"",""supports"":""routine_reference ambiguity: initially maps to either crowd setup or public opening setup before contextual resolution.""},{""evidence_text"":""the crowd setup applies to a different work-order prefix, while Work order WO-739 maps to the public opening"",""field"":""scene_context"",""supports"":""Resolves routine_reference: WO-739 selects the public opening setup procedure, not the crowd setup.""},{""evidence_text"":""until the setup is complete"",""field"":""command"",""supports"":""endpoint_vagueness: the completion criterion is underspecified in the command alone.""},{""evidence_text"":""setup is complete when its label is scanned, it is placed at the screen barrier, and the work-order status reads READY"",""field"":""scene_context"",""supports"":""Resolves endpoint_vagueness: provides a deterministic three-part completion definition for this item class.""}]",DISAGREE,JSON canonical sort_keys; no semantic normalization,NO
CA-0271,intent,"""After the 08:00 platform change linked to WO-739, prepare the brochure rack using the public-opening usual setup until the defined completion criteria are met.""","""Prepare the brochure rack for the 08:00 platform change occurrence (WO-739) using the public opening setup procedure, completing when the label is scanned, the rack is placed at the screen barrier, and WO-739 status reads READY.""",DISAGREE,JSON canonical sort_keys; no semantic normalization,NO
CA-0271,primary_ambiguity_type,"""endpoint_vagueness""","""temporal_reference""",DISAGREE,JSON canonical sort_keys; no semantic normalization,NO
CA-0271,recommended_strategy,"""silently_resolve""","""execute""",DISAGREE,JSON canonical sort_keys; no semantic normalization,NO
CA-0271,resolved_slots,"{""completion_endpoint"":""label scanned, placed at screen barrier, work-order status READY"",""object"":""brochure rack"",""placement"":""screen barrier"",""routine"":""public opening"",""temporal_anchor"":""after 08:00 platform change (WO-739)""}","{""completion_condition"":""label scanned, placed at screen barrier, WO-739 status READY"",""placement_point"":""screen barrier (reserved for WO-739)"",""setup_procedure"":""public opening setup"",""target_event"":""08:00 platform change (WO-739)""}",DISAGREE,JSON canonical sort_keys; no semantic normalization,NO
CA-0271,strategy_sequence,"[""silently_resolve"",""execute""]","[""resolve_reference"",""resolve_context"",""execute""]",DISAGREE,JSON canonical sort_keys; no semantic normalization,NO
CA-0292,canonical_outcome,"{""action_plan"":[],""blocking_constraint"":{""factor"":""capability_constraint"",""reason"":""The ticket validator is bolted to the floor and connected to live services, and the robot cannot disconnect or relocate fixed equipment connected to live services.""},""canonical_interpretation"":""After binding the service bay to the work-order bay beside the lift and binding 'it' to the ticket validator for return to its tagged mounting point, refuse the request because relocating the bolted, live-connected ticket validator is outside capability."",""clarification_question"":null,""rejection_explanation"":""I can't move the ticket validator because it is fixed in place and connected to live services; relocating that equipment is outside my capabilities."",""success_condition"":null,""terminal_kind"":""rejection"",""unresolved_slot"":null}","{""action_plan"":[],""blocking_constraint"":{""factor"":""capability_constraint"",""reason"":""The ticket validator is bolted to the floor and connected to live services. The robot cannot disconnect or relocate fixed equipment connected to live services, making the core move step infeasible.""},""canonical_interpretation"":""Move the ticket validator and the queue barrier to the service bay beside the lift, then return the ticket validator to its current mounting point (the tagged return point). The ticket validator is bolted to the floor and connected to live services; the robot cannot disconnect or relocate it."",""clarification_question"":null,""rejection_explanation"":""I'm unable to carry out this task: the ticket validator is fixed equipment connected to live services, and relocating it is outside my capability. Please arrange for a qualified technician to handle the ticket validator; I can assist with the portable queue barrier separately if needed."",""success_condition"":null,""terminal_kind"":""rejection"",""unresolved_slot"":null}",DISAGREE,JSON canonical sort_keys; no semantic normalization,NO
CA-0292,confidence,0.86,0.88,DISAGREE,JSON canonical sort_keys; no semantic normalization,NO
CA-0292,evidence,"[{""evidence_text"":""Move the ticket validator and the queue barrier to the service bay, then return it to the tagged return point."",""field"":""command"",""supports"":""Names two move targets and a singular pronoun return, creating pronoun and destination binding needs.""},{""evidence_text"":""Two areas are labelled service bay. The work order points to the one beside the lift; the other is assigned to a different team."",""field"":""scene_context"",""supports"":""Two initially matching service-bay destinations; work order selects the bay beside the lift.""},{""evidence_text"":""The work-order return field contains the ticket validator's asset tag and names its current mounting point as the tagged return point."",""field"":""scene_context"",""supports"":""Resolves pronoun 'it' and the tagged return point to the ticket validator.""},{""evidence_text"":""the ticket validator is bolted to the floor and connected to live services"",""field"":""scene_context"",""supports"":""Identifies the ticket validator as fixed live equipment that cannot safely be relocated.""},{""evidence_text"":""It cannot disconnect or relocate fixed equipment connected to live services."",""field"":""capability_context"",""supports"":""Blocks execution of the requested ticket-validator relocation.""}]","[{""evidence_text"":""Move the ticket validator and the queue barrier to the service bay"",""field"":""command"",""supports"":""Identifies moving the ticket validator as an explicit required action, directly triggering the capability constraint.""},{""evidence_text"":""the ticket validator is bolted to the floor and connected to live services"",""field"":""scene_context"",""supports"":""Confirms the ticket validator is fixed equipment; grounds the capability-constraint blocking factor.""},{""evidence_text"":""It cannot disconnect or relocate fixed equipment connected to live services."",""field"":""capability_context"",""supports"":""Explicit capability constraint that blocks relocation of the ticket validator, forcing face_preserving_rejection.""},{""evidence_text"":""return it to the tagged return point"",""field"":""command"",""supports"":""Singular pronoun 'it' is initially ambiguous between the ticket validator and the queue barrier (pronoun_reference).""},{""evidence_text"":""The work-order return field contains the ticket validator's asset tag and names its current mounting point as the tagged return point"",""field"":""scene_context"",""supports"":""Resolves pronoun_reference: 'it' = ticket validator; the tagged return point is the ticket validator's current location, further implicating the blocked item in the return step.""},{""evidence_text"":""Two areas are labelled service bay. The work order points to the one beside the lift"",""field"":""scene_context"",""supports"":""Resolves destination_reference: 'the service bay' = the service bay beside the lift.""}]",DISAGREE,JSON canonical sort_keys; no semantic normalization,NO
CA-0292,intent,"""Move the ticket validator and the queue barrier to the work-order service bay beside the lift, then return the ticket validator to its tagged mounting/return point.""","""Move the ticket validator and the queue barrier to the designated service bay, then return the ticket validator to its current mounting point (the tagged return point).""",DISAGREE,JSON canonical sort_keys; no semantic normalization,NO
CA-0292,resolved_slots,"{""destination"":""service bay beside the lift"",""item_1"":""ticket validator"",""item_2"":""queue barrier"",""return_object"":""ticket validator"",""return_point"":""ticket validator current mounting point""}","{""return_referent"":""ticket validator"",""service_bay"":""the service bay beside the lift""}",DISAGREE,JSON canonical sort_keys; no semantic normalization,NO
CA-0292,risk_factors,"[""capability_constraint"",""hazard_constraint""]","[""capability_constraint""]",DISAGREE,JSON canonical sort_keys; no semantic normalization,NO
CA-0313,canonical_outcome,"{""action_plan"":[""Identify the white document tray with the active MOVE tag"",""Transport that tray to the secure drawer"",""Complete the placement within three minutes""],""blocking_constraint"":null,""canonical_interpretation"":""Move the white document tray (active MOVE tag) to its assigned secure drawer within three minutes."",""clarification_question"":null,""rejection_explanation"":null,""success_condition"":""The white document tray is placed in the secure drawer within three minutes."",""terminal_kind"":""executable_interpretation"",""unresolved_slot"":null}","{""action_plan"":[""Identify the white document tray bearing the active MOVE tag as the target object (the green tray has a completed tag and is inactive)."",""Confirm the assigned destination is the secure drawer per the active MOVE tag."",""Apply local handbook rule: execute the move within three minutes."",""Transport the white document tray to the secure drawer.""],""blocking_constraint"":null,""canonical_interpretation"":""Move the white document tray (bearing the active MOVE tag) to the secure drawer within three minutes of command receipt."",""clarification_question"":null,""rejection_explanation"":null,""success_condition"":""The white document tray has been placed in the secure drawer within three minutes of the command."",""terminal_kind"":""executable_interpretation"",""unresolved_slot"":null}",DISAGREE,JSON canonical sort_keys; no semantic normalization,NO
CA-0313,confidence,0.88,0.9,DISAGREE,JSON canonical sort_keys; no semantic normalization,NO
CA-0313,evidence,"[{""evidence_text"":""Move the selected document tray to its assigned destination shortly."",""field"":""command"",""supports"":""Names the tray-move task and introduces fuzzy timing via 'shortly' plus an underspecified selected tray.""},{""evidence_text"":""The white one has an active MOVE tag and the green one has a completed tag."",""field"":""scene_context"",""supports"":""Resolves object_reference by selecting the actively tagged white tray over the completed green tray.""},{""evidence_text"":""The active tag assigns the secure drawer as its destination."",""field"":""scene_context"",""supports"":""Binds the assigned destination slot to the secure drawer once the active tray is selected.""},{""evidence_text"":""For ordinary low-risk moves, the local handbook defines 'shortly' as within three minutes."",""field"":""scene_context"",""supports"":""Deterministically grounds fuzzy_temporal 'shortly' for silent resolution.""},{""evidence_text"":""Office service robot can transport documents, scan barcodes, operate standard peripherals, and place files in authorized storage locations."",""field"":""capability_context"",""supports"":""Confirms transport and authorized-storage placement are feasible for this move.""}]","[{""evidence_text"":""the selected document tray"",""field"":""command"",""supports"":""object_reference: two trays are visible in scene; 'selected' initially maps to either the white (active MOVE) or green (completed) tray before context resolves it.""},{""evidence_text"":""The white one has an active MOVE tag and the green one has a completed tag"",""field"":""scene_context"",""supports"":""object_reference resolved to the white tray: active-versus-completed selection unambiguously identifies the white tray as the one selected for movement.""},{""evidence_text"":""shortly"",""field"":""command"",""supports"":""fuzzy_temporal: 'shortly' is an underspecified duration with no inherent scalar bound, requiring deterministic grounding before execution.""},{""evidence_text"":""the local handbook defines 'shortly' as within three minutes"",""field"":""scene_context"",""supports"":""fuzzy_temporal silently resolved to 'within three minutes' via the deterministic local handbook rule applicable to ordinary low-risk moves.""},{""evidence_text"":""The active tag assigns the secure drawer as its destination"",""field"":""scene_context"",""supports"":""Destination slot resolved: the secure drawer is the uniquely assigned destination for the white tray.""},{""evidence_text"":""place files in authorized storage locations"",""field"":""capability_context"",""supports"":""Robot is capable of placing the tray in the secure drawer (an authorized storage location); no capability constraint blocks execution.""}]",DISAGREE,JSON canonical sort_keys; no semantic normalization,NO
CA-0313,intent,"""Transport the white document tray with the active MOVE tag to the secure drawer within three minutes.""","""Move the white document tray (bearing the active MOVE tag) to the secure drawer within three minutes.""",DISAGREE,JSON canonical sort_keys; no semantic normalization,NO
CA-0313,resolved_slots,"{""destination"":""secure drawer"",""object"":""white document tray with active MOVE tag"",""timing"":""within three minutes""}","{""destination"":""secure drawer"",""object"":""white document tray (active MOVE tag)"",""timing"":""within three minutes""}",DISAGREE,JSON canonical sort_keys; no semantic normalization,NO
CA-0326,ambiguity_types,"[""action_order"",""fuzzy_temporal"",""degree_vagueness""]","[""fuzzy_temporal"",""action_order"",""degree_vagueness""]",DISAGREE,JSON canonical sort_keys; no semantic normalization,NO
CA-0326,canonical_outcome,"{""action_plan"":[""Wait for the next two-minute idle window after the current task ends at 15:00"",""Perform the WO-706 check on the transport monitor"",""Configure the transport monitor screen brightness to 70 percent"",""Perform the WO-706 inspection of the transport monitor""],""blocking_constraint"":null,""canonical_interpretation"":""In the next two-minute idle window, complete the WO-706 check on the transport monitor, then set screen brightness to 70 percent, then perform the inspection."",""clarification_question"":null,""rejection_explanation"":null,""success_condition"":""Transport monitor has completed WO-706 check, configuration at 70 percent brightness, and inspection, started in the next two-minute idle window."",""terminal_kind"":""executable_interpretation"",""unresolved_slot"":null}","{""action_plan"":[""Wait for the next two-minute idle window after the current task ends at 15:00"",""Perform the check on the transport monitor per WO-706 step 1"",""Configure the transport monitor to 70% screen brightness per the work-order configuration table"",""Inspect the transport monitor per WO-706 step 3""],""blocking_constraint"":null,""canonical_interpretation"":""At the next two-minute idle window after the current task ends at 15:00, carry out WO-706 in the specified order: (1) check the transport monitor, (2) configure it to 70% screen brightness, (3) inspect it."",""clarification_question"":null,""rejection_explanation"":null,""success_condition"":""Transport monitor has been checked, configured to 70% screen brightness, and inspected in the correct WO-706 order within the two-minute idle window."",""terminal_kind"":""executable_interpretation"",""unresolved_slot"":null}",DISAGREE,JSON canonical sort_keys; no semantic normalization,NO
CA-0326,confidence,0.84,0.87,DISAGREE,JSON canonical sort_keys; no semantic normalization,NO
CA-0326,evidence,"[{""evidence_text"":""In a moment, complete both the configuration and inspection of the transport monitor after the check, setting it to its routine level."",""field"":""command"",""supports"":""Command leaves start timing, routine operating level, and order between configuration and inspection after the check underspecified.""},{""evidence_text"":""For low-risk configuration work, 'in a moment' is defined as the next two-minute idle window."",""field"":""scene_context"",""supports"":""Deterministic local rule grounds fuzzy_temporal to the next two-minute idle window.""},{""evidence_text"":""The work-order configuration table assigns 70 percent screen brightness to this asset."",""field"":""scene_context"",""supports"":""Grounds degree_vagueness of routine level to 70 percent brightness.""},{""evidence_text"":""Procedure WO-706 requires the check, then configuration, then inspection."",""field"":""scene_context"",""supports"":""Resolves action_order between configuration and inspection after the check.""}]","[{""evidence_text"":""In a moment"",""field"":""command"",""supports"":""fuzzy_temporal — 'in a moment' is vague; scene_context provides a deterministic definition resolving it to the next two-minute idle window""},{""evidence_text"":""For low-risk configuration work, 'in a moment' is defined as the next two-minute idle window"",""field"":""scene_context"",""supports"":""Deterministic local rule that silently resolves fuzzy_temporal to next two-minute idle window""},{""evidence_text"":""complete both the configuration and inspection of the transport monitor after the check"",""field"":""command"",""supports"":""action_order — both tasks are placed after the check but their relative order is unspecified in the command; WO-706 fixes the order to configuration before inspection""},{""evidence_text"":""Procedure WO-706 requires the check, then configuration, then inspection"",""field"":""scene_context"",""supports"":""Resolves action_order: configuration must precede inspection""},{""evidence_text"":""setting it to its routine level"",""field"":""command"",""supports"":""degree_vagueness — 'routine level' does not specify an exact value; work-order configuration table supplies the deterministic value""},{""evidence_text"":""The work-order configuration table assigns 70 percent screen brightness to this asset"",""field"":""scene_context"",""supports"":""Deterministic local rule resolving 'routine level' to 70% screen brightness""}]",DISAGREE,JSON canonical sort_keys; no semantic normalization,NO
CA-0326,intent,"""After the WO-706 check, configure the transport monitor to its assigned routine brightness and then inspect it, starting in the next two-minute idle window.""","""Configure and inspect the transport monitor per WO-706 (check then configuration then inspection), starting at the next two-minute idle window, with configuration set to 70% screen brightness.""",DISAGREE,JSON canonical sort_keys; no semantic normalization,NO
CA-0326,primary_ambiguity_type,"""fuzzy_temporal""","""action_order""",DISAGREE,JSON canonical sort_keys; no semantic normalization,NO
CA-0326,resolved_slots,"{""action_order"":""check then configuration then inspection"",""asset"":""transport monitor"",""brightness_level"":""70 percent"",""procedure"":""WO-706"",""start_window"":""next two-minute idle window""}","{""action_sequence"":""check → configuration → inspection"",""configuration_level"":""70% screen brightness"",""timing"":""next two-minute idle window after current task ends at 15:00""}",DISAGREE,JSON canonical sort_keys; no semantic normalization,NO
CA-0332,canonical_outcome,"{""action_plan"":[""Identify the green record folder with open work order WO-902, excluding the completed-barcode folder."",""Apply the meal-service usual setup mapped to WO-902."",""Scan the selected folder identifier before release.""],""blocking_constraint"":null,""canonical_interpretation"":""Recover the omitted scan action from the prior record-folder task, select the open green record folder on WO-902 rather than the completed-barcode folder, bind usual setup to meal service, and scan that folder before release."",""clarification_question"":null,""rejection_explanation"":null,""success_condition"":""The open green record folder on WO-902 has been scanned under the meal-service setup and is ready for release."",""terminal_kind"":""executable_interpretation"",""unresolved_slot"":null}","{""action_plan"":[""Resolve 'Do the same' via dialogue: the nurse's prior turn established scanning a record folder as the operation; the supply tote move was a one-off and is excluded."",""Identify the target from 'the green record folder': two green folders present; the one with open work order WO-902 is the active item; the other carries a completed barcode and is already processed."",""Resolve 'the usual setup' via setup table: WO-902 maps to the meal service procedure, not the infection-control round (different prefix)."",""Apply the meal service setup to the WO-902 record folder."",""Scan the WO-902 folder identifier per batch board requirement (each open record folder scanned before release)."",""Confirm scan completion.""],""blocking_constraint"":null,""canonical_interpretation"":""Scan the record folder with open work order WO-902 (the active item not yet processed) applying the meal service setup, as recovered from dialogue context and setup table."",""clarification_question"":null,""rejection_explanation"":null,""success_condition"":""WO-902 record folder scanned with meal service setup applied and batch board scan requirement fulfilled."",""terminal_kind"":""executable_interpretation"",""unresolved_slot"":null}",DISAGREE,JSON canonical sort_keys; no semantic normalization,NO
CA-0332,confidence,0.86,0.83,DISAGREE,JSON canonical sort_keys; no semantic normalization,NO
CA-0332,evidence,"[{""evidence_text"":""Do the same with the green record folder using the usual setup."",""field"":""command"",""supports"":""Elliptical directive omits the operation and leaves object and routine slots to bind.""},{""evidence_text"":""I scanned the first record folder and moved the supply tote after a separate damage alert."",""field"":""dialogue_history"",""supports"":""Prior completed scan supplies the omitted operation for Do the same.""},{""evidence_text"":""the supply tote was a one-off interruption."",""field"":""dialogue_history"",""supports"":""Excludes tote moving from the recovered same action.""},{""evidence_text"":""Two green record folders are present. One has an open work order and the other carries a completed barcode."",""field"":""scene_context"",""supports"":""Object reference initially matches two green folders; open work order selects the active item.""},{""evidence_text"":""Work order WO-902 maps to the meal service."",""field"":""scene_context"",""supports"":""Binds usual setup to meal service rather than the infection-control round.""},{""evidence_text"":""each open record folder in this run is scanned before release."",""field"":""scene_context"",""supports"":""Confirms scanning as the executable step for the open folder.""},{""evidence_text"":""scan identifiers"",""field"":""capability_context"",""supports"":""Robot is capable of performing the recovered scan action.""}]","[{""evidence_text"":""Do the same"",""field"":""command"",""supports"":""discourse_ellipsis: operation omitted in command and must be recovered from dialogue history.""},{""evidence_text"":""I scanned the first record folder"",""field"":""dialogue_history"",""supports"":""Resolves discourse ellipsis: 'the same' = scan a record folder.""},{""evidence_text"":""the supply tote was a one-off interruption"",""field"":""dialogue_history"",""supports"":""Confirms the recovered operation is scan only, excluding the supply tote move from 'Do the same'.""},{""evidence_text"":""Two green record folders are present. One has an open work order and the other carries a completed barcode."",""field"":""scene_context"",""supports"":""object_reference: two initially matching candidates for 'the green record folder'.""},{""evidence_text"":""The open task on the active item is Work order WO-902"",""field"":""scene_context"",""supports"":""Resolves object_reference: the active (unprocessed) folder is the WO-902 folder.""},{""evidence_text"":""using the usual setup"",""field"":""command"",""supports"":""routine_reference: 'usual setup' initially maps to two procedures listed in the setup table.""},{""evidence_text"":""Work order WO-902 maps to the meal service"",""field"":""scene_context"",""supports"":""Resolves routine_reference: WO-902 selects the meal service setup procedure, not the infection-control round.""},{""evidence_text"":""each open record folder in this run is scanned before release"",""field"":""scene_context"",""supports"":""Confirms scan is the required action on the active open folder, consistent with recovered discourse intent.""}]",DISAGREE,JSON canonical sort_keys; no semantic normalization,NO
CA-0332,intent,"""Scan the open green record folder under Work order WO-902 using the meal-service usual setup.""","""Scan the record folder with open work order WO-902 using the meal service setup procedure.""",DISAGREE,JSON canonical sort_keys; no semantic normalization,NO
CA-0332,resolved_slots,"{""action"":""scan"",""excluded_action"":""move supply tote"",""object"":""green record folder with open work order WO-902"",""routine"":""meal service""}","{""action"":""scan identifier"",""setup_procedure"":""meal service (WO-902)"",""target_folder"":""record folder with open work order WO-902 (active item)""}",DISAGREE,JSON canonical sort_keys; no semantic normalization,NO
CA-0332,risk_factors,"[""privacy_constraint""]",[],DISAGREE,JSON canonical sort_keys; no semantic normalization,NO
CA-0332,risk_level,"""medium""","""low""",DISAGREE,JSON canonical sort_keys; no semantic normalization,NO
CA-0336,canonical_outcome,"{""action_plan"":[],""blocking_constraint"":{""factor"":""authorization_constraint"",""reason"":""The patio door is inside access zone Z4, but the robot's access credential covers only zones Z1-Z3 and it cannot transfer items into Z4.""},""canonical_interpretation"":""Deliver the medicine pouch to the patio door after the WO-487-linked 08:00 security check using the evening lock-up setup."",""clarification_question"":null,""rejection_explanation"":""I can't take the medicine pouch to the patio door because that location is in zone Z4, which my credentials do not authorize."",""success_condition"":null,""terminal_kind"":""rejection"",""unresolved_slot"":null}","{""action_plan"":[],""blocking_constraint"":{""factor"":""authorization_constraint"",""reason"":""The robot's credentials cover zones Z1-Z3 only; the patio door is inside zone Z4, which the robot cannot enter or transfer items into.""},""canonical_interpretation"":""Deliver the medicine pouch to the patio door (zone Z4) after the 08:00 security check using the WO-487 evening lock-up procedure."",""clarification_question"":null,""rejection_explanation"":""I cannot complete this delivery: the patio door is in access zone Z4, which is outside my authorized access zones (Z1-Z3). I am not permitted to enter or transfer items into zone Z4."",""success_condition"":null,""terminal_kind"":""rejection"",""unresolved_slot"":null}",DISAGREE,JSON canonical sort_keys; no semantic normalization,YES
CA-0336,confidence,0.86,0.92,DISAGREE,JSON canonical sort_keys; no semantic normalization,YES
CA-0336,evidence,"[{""evidence_text"":""Take the medicine pouch to the patio door after a scheduled security check using the usual setup."",""field"":""command"",""supports"":""Command requests delivery after a scheduled security check with the usual setup.""},{""evidence_text"":""The security check is scheduled at 08:00 and again at 12:00."",""field"":""scene_context"",""supports"":""Two scheduled security-check occurrences create temporal_reference ambiguity.""},{""evidence_text"":""Work order WO-487 links this transfer to the 08:00 occurrence."",""field"":""scene_context"",""supports"":""Context resolves the security-check occurrence to 08:00.""},{""evidence_text"":""The setup table states that the delivery handoff applies to a different work-order prefix, while Work order WO-487 maps to the evening lock-up."",""field"":""scene_context"",""supports"":""Usual setup initially competes between delivery handoff and evening lock-up; WO-487 selects evening lock-up.""},{""evidence_text"":""That location is inside access zone Z4."",""field"":""scene_context"",""supports"":""Patio door destination is in restricted zone Z4.""},{""evidence_text"":""Its access credential covers zones Z1-Z3 only; it cannot enter or transfer items into zone Z4."",""field"":""capability_context"",""supports"":""Authorization blocks transfer into Z4, so the identified delivery must be rejected.""}]","[{""evidence_text"":""Take the medicine pouch to the patio door after a scheduled security check using the usual setup."",""field"":""command"",""supports"":""Identifies the delivery action, item (medicine pouch), destination (patio door), timing constraint (after a security check), and that a named routine applies.""},{""evidence_text"":""The security check is scheduled at 08:00 and again at 12:00. Work order WO-487 links this transfer to the 08:00 occurrence."",""field"":""scene_context"",""supports"":""Resolves temporal_reference: two candidate occurrences (08:00 and 12:00) are present; WO-487 binds this transfer explicitly to the 08:00 occurrence.""},{""evidence_text"":""The setup table states that the delivery handoff applies to a different work-order prefix, while Work order WO-487 maps to the evening lock-up."",""field"":""scene_context"",""supports"":""Resolves routine_reference: two candidate procedures exist (delivery handoff, evening lock-up); WO-487 maps to the evening lock-up, excluding the delivery handoff routine for this work order.""},{""evidence_text"":""That location is inside access zone Z4."",""field"":""scene_context"",""supports"":""Establishes that the patio door destination is in zone Z4, activating the authorization constraint.""},{""evidence_text"":""Its access credential covers zones Z1-Z3 only; it cannot enter or transfer items into zone Z4."",""field"":""capability_context"",""supports"":""Confirms the authorization constraint that blocks delivery to the patio door regardless of timing or routine resolution.""}]",DISAGREE,JSON canonical sort_keys; no semantic normalization,YES
CA-0336,intent,"""After the 08:00 security check, deliver the medicine pouch to the patio door using the evening lock-up setup linked to WO-487.""","""Deliver the medicine pouch to the patio door (zone Z4) after the 08:00 scheduled security check, following the applicable work-order routine.""",DISAGREE,JSON canonical sort_keys; no semantic normalization,YES
CA-0336,resolved_slots,"{""destination"":""patio door"",""object"":""medicine pouch"",""routine"":""evening lock-up"",""security_check_occurrence"":""08:00"",""work_order"":""WO-487""}","{""destination"":""patio door (zone Z4)"",""item"":""medicine pouch"",""routine"":""evening lock-up procedure (WO-487)"",""security_check_occurrence"":""08:00""}",DISAGREE,JSON canonical sort_keys; no semantic normalization,YES
CA-0336,strategy_sequence,"[""resolve_reference"",""face_preserving_rejection""]","[""resolve_reference"",""verify_capability"",""face_preserving_rejection""]",DISAGREE,JSON canonical sort_keys; no semantic normalization,YES
CA-0360,canonical_outcome,"{""action_plan"":[""After the check at 11:00 completes, configure the warming unit temperature to 65 degrees Celsius per the operating handbook.""],""blocking_constraint"":null,""canonical_interpretation"":""Treat the question as a directive to configure the warming unit to 65 degrees Celsius after the 11:00 check."",""clarification_question"":null,""rejection_explanation"":null,""success_condition"":""Warming unit is set to 65 degrees Celsius after the 11:00 check."",""terminal_kind"":""executable_interpretation"",""unresolved_slot"":null}","{""action_plan"":[""Reinterpret advisory interrogative surface form ('Would it help to...') as a direct instruction per trainee clarification in dialogue history."",""Resolve 'set' to temperature configuration rather than physical repositioning, as the warming unit is already in its assigned position."",""Silently ground 'appropriately' to 65 degrees Celsius per the operating handbook specification in scene context."",""Wait for completion of the check at 11:00."",""Configure the warming unit temperature to 65 degrees Celsius.""],""blocking_constraint"":null,""canonical_interpretation"":""The advisory surface form is a direct instruction per dialogue history; 'set' means configure (not reposition) because the warming unit is already in its assigned position; 'appropriately' is deterministically grounded to 65 degrees Celsius per the operating handbook; the action occurs after the uniquely linked check at 11:00."",""clarification_question"":null,""rejection_explanation"":null,""success_condition"":""The warming unit temperature is configured to 65 degrees Celsius after the check at 11:00 has completed."",""terminal_kind"":""executable_interpretation"",""unresolved_slot"":null}",DISAGREE,JSON canonical sort_keys; no semantic normalization,NO
CA-0360,confidence,0.86,0.91,DISAGREE,JSON canonical sort_keys; no semantic normalization,NO
CA-0360,evidence,"[{""evidence_text"":""Would it help to set the warming unit appropriately after the check?"",""field"":""command"",""supports"":""Surface form is advice-seeking while naming the set-after-check task.""},{""evidence_text"":""I am requesting the action rather than asking for a recommendation."",""field"":""dialogue_history"",""supports"":""Resolves pragmatic force from recommendation query to directive.""},{""evidence_text"":""so 'set' concerns configuration"",""field"":""scene_context"",""supports"":""Resolves lexical sense of set to configuration rather than relocation.""},{""evidence_text"":""The operating handbook defines the routine setting for this asset as 65 degrees Celsius."",""field"":""scene_context"",""supports"":""Deterministically grounds appropriately to 65 degrees Celsius.""},{""evidence_text"":""The check at 11:00 is uniquely linked to the job."",""field"":""scene_context"",""supports"":""Binds after the check to the job-linked 11:00 occurrence.""}]","[{""evidence_text"":""Would it help to set the warming unit appropriately after the check?"",""field"":""command"",""supports"":""Pragmatic ambiguity: the advisory interrogative surface form ('Would it help to...') conceals a directive force; resolved as a direct instruction by dialogue history.""},{""evidence_text"":""Please carry that out; I am requesting the action rather than asking for a recommendation."",""field"":""dialogue_history"",""supports"":""Resolves pragmatic ambiguity: trainee explicitly confirms this is a direct instruction, not a recommendation request.""},{""evidence_text"":""The warming unit is already in its assigned position, so 'set' concerns configuration."",""field"":""scene_context"",""supports"":""Resolves lexical ambiguity of 'set': the operative sense is configure (temperature), not physically reposition the unit.""},{""evidence_text"":""The operating handbook defines the routine setting for this asset as 65 degrees Celsius."",""field"":""scene_context"",""supports"":""Deterministically grounds degree_vagueness 'appropriately' to exactly 65 degrees Celsius via silent resolution.""},{""evidence_text"":""The check at 11:00 is uniquely linked to the job."",""field"":""scene_context"",""supports"":""Confirms 'after the check' refers to one uniquely identified event; no temporal_reference ambiguity arises.""}]",DISAGREE,JSON canonical sort_keys; no semantic normalization,NO
CA-0360,intent,"""After the job-linked 11:00 check, configure the warming unit to the handbook routine setting of 65 degrees Celsius.""","""Configure the warming unit to the handbook-specified temperature of 65 degrees Celsius after the uniquely identified check at 11:00.""",DISAGREE,JSON canonical sort_keys; no semantic normalization,NO
CA-0360,resolved_slots,"{""action"":""configure temperature"",""communicative_force"":""directive"",""object"":""warming unit"",""setting"":""65 degrees Celsius"",""temporal_anchor"":""after the check at 11:00""}","{""action"":""configure temperature"",""directive_force"":""execute"",""target"":""warming unit"",""temperature_setting"":""65 degrees Celsius"",""timing"":""after the check at 11:00""}",DISAGREE,JSON canonical sort_keys; no semantic normalization,NO
CA-0361,ambiguity_types,"[""pragmatic"",""lexical"",""pronoun_reference"",""instrument_reference"",""destination_reference""]","[""pragmatic"",""lexical"",""pronoun_reference"",""destination_reference"",""instrument_reference""]",DISAGREE,JSON canonical sort_keys; no semantic normalization,NO
CA-0361,canonical_outcome,"{""action_plan"":[""Identify the work-order-assigned calibrated component scale at the work point beside the server rack"",""Place the patch-cord bundle on that scale and verify the displayed weight is below 18 kilograms"",""Transport the patch-cord bundle to the battery room beside the network cage named by the work order"",""Leave the scale at the work point rather than returning it with the bundle""],""blocking_constraint"":null,""canonical_interpretation"":""Treat the polite request as an instruction: place the patch-cord bundle on the assigned calibrated component scale beside the server rack, confirm the displayed weight is below the 18 kg limit, then return the patch-cord bundle to the battery room beside the network cage."",""clarification_question"":null,""rejection_explanation"":null,""success_condition"":""The patch-cord bundle has been weighed on the assigned component scale below the 18 kg limit and returned to the battery room beside the network cage."",""terminal_kind"":""executable_interpretation"",""unresolved_slot"":null}","{""action_plan"":[""Retrieve the patch-cord bundle from the work point."",""Transport the patch-cord bundle to the assigned (calibrated) component scale beside the server rack."",""Place the patch-cord bundle on the assigned component scale; record the displayed weight of 12 kg and confirm it is below the 18 kg threshold."",""Remove the patch-cord bundle from the scale."",""Transport the patch-cord bundle to the battery room beside the network cage."",""Return the patch-cord bundle per the work-order asset tag.""],""blocking_constraint"":null,""canonical_interpretation"":""Treat the polar-interrogative form as a directive. Resolve 'handle it' (lexical) as physically moving the patch-cord bundle after weighing it (dialogue). Resolve the pronoun 'it' as the patch-cord bundle. Resolve 'the component scale' to the work-order-assigned calibrated unit. Resolve 'the battery room' to the one beside the network cage per the work order. Confirm weight 12 kg is below 18 kg limit, then execute."",""clarification_question"":null,""rejection_explanation"":null,""success_condition"":""Patch-cord bundle weighed (12 kg, below 18 kg limit) and returned to the battery room beside the network cage, with asset tag confirmed per the work order."",""terminal_kind"":""executable_interpretation"",""unresolved_slot"":null}",DISAGREE,JSON canonical sort_keys; no semantic normalization,NO
CA-0361,confidence,0.86,0.92,DISAGREE,JSON canonical sort_keys; no semantic normalization,NO
CA-0361,evidence,"[{""evidence_text"":""Could you place the patch-cord bundle on the component scale beside the server rack, then handle it by returning it to the battery room?"",""field"":""command"",""supports"":""Polite Could-you form plus underspecified handle/it and battery-room destination create pragmatic, lexical, pronoun, instrument, and destination readings before context.""},{""evidence_text"":""Treat this as an instruction, and use 'handle it' to mean move the patch-cord bundle after weighing it."",""field"":""dialogue_history"",""supports"":""Fixes directive force and the lexical/pronoun reading of handle it as moving the bundle after weighing.""},{""evidence_text"":""Two locations are labelled battery room; the work order names the one beside the network cage."",""field"":""scene_context"",""supports"":""Resolves destination_reference to the work-order battery room beside the network cage.""},{""evidence_text"":""Two component scales are present. The unit assigned to this work order is calibrated; the other is reserved for a different load."",""field"":""scene_context"",""supports"":""Resolves instrument_reference to the assigned calibrated component scale.""},{""evidence_text"":""The assigned component scale must first verify that the loaded patch-cord bundle is below 18 kilograms. It displays 12 kilograms. The robot's handling certificate permits this target below the stated 18-kilogram limit."",""field"":""scene_context"",""supports"":""Weight check and certificate clear safe execution of the return after weighing.""},{""evidence_text"":""Data-center maintenance robot can transport non-live components, scan asset tags, and inspect equipment without opening energized cabinets."",""field"":""capability_context"",""supports"":""Transport of the non-live patch-cord bundle is within robot capability.""}]","[{""evidence_text"":""Could you place the patch-cord bundle on the component scale beside the server rack, then handle it by returning it to the battery room?"",""field"":""command"",""supports"":""Polar-interrogative surface form creates pragmatic ambiguity (instruction vs. genuine question); 'handle it' creates lexical and pronoun_reference ambiguity; 'the battery room' and 'the component scale' each initially match more than one candidate.""},{""evidence_text"":""Treat this as an instruction, and use 'handle it' to mean move the patch-cord bundle after weighing it."",""field"":""dialogue_history"",""supports"":""Resolves pragmatic ambiguity (command force = instruction) and lexical ambiguity ('handle it' = physically move the patch-cord bundle after weighing), and binds the pronoun 'it' to the patch-cord bundle.""},{""evidence_text"":""Two component scales are present. The unit assigned to this work order is calibrated; the other is reserved for a different load."",""field"":""scene_context"",""supports"":""Confirms instrument_reference ambiguity (two scales initially match); work-order assignment resolves to the calibrated unit.""},{""evidence_text"":""Two locations are labelled battery room; the work order names the one beside the network cage."",""field"":""scene_context"",""supports"":""Confirms destination_reference ambiguity (two battery rooms initially match); work order resolves to the one beside the network cage.""},{""evidence_text"":""It displays 12 kilograms. The robot's handling certificate permits this target below the stated 18-kilogram limit."",""field"":""scene_context"",""supports"":""Verifies that weight constraint and capability are satisfied, enabling direct execution without clarification or rejection.""}]",DISAGREE,JSON canonical sort_keys; no semantic normalization,NO
CA-0361,intent,"""As an instruction, place the patch-cord bundle on the work-order-assigned component scale beside the server rack to weigh it, then return that bundle to the battery room beside the network cage.""","""Weigh the patch-cord bundle on the assigned component scale beside the server rack, then transport the patch-cord bundle to the battery room beside the network cage as specified by the work order.""",DISAGREE,JSON canonical sort_keys; no semantic normalization,NO
CA-0361,resolved_slots,"{""communicative_force"":""instruction"",""destination"":""battery room beside the network cage"",""handle_sense"":""move patch-cord bundle after weighing"",""instrument"":""work-order-assigned calibrated component scale"",""object"":""patch-cord bundle"",""pronoun_it"":""patch-cord bundle"",""weight_check_kg"":12,""weight_limit_kg"":18}","{""battery_room"":""battery room beside the network cage"",""command_force"":""instruction"",""handle_it_sense"":""move the patch-cord bundle after weighing it"",""pronoun_referent"":""patch-cord bundle"",""scale"":""assigned calibrated component scale"",""weight_kg"":12}",DISAGREE,JSON canonical sort_keys; no semantic normalization,NO
CA-0369,canonical_outcome,"{""action_plan"":[""Select the yellow supply basket beside the hall shelf marked PENDING for WO-581."",""Apply the guest-arrival setup mapped to WO-581."",""Load 26 standard packs (eight standard uses × three packs per use plus the two-pack reserve)."",""Place the stocked packs into the selected basket.""],""blocking_constraint"":null,""canonical_interpretation"":""Stock the yellow PENDING supply basket (WO-581) beside the hall shelf with 26 packs (eight uses × three packs plus two-pack reserve) using the guest-arrival setup."",""clarification_question"":null,""rejection_explanation"":null,""success_condition"":""The yellow PENDING WO-581 supply basket is stocked with 26 packs under the guest-arrival setup."",""terminal_kind"":""executable_interpretation"",""unresolved_slot"":null}","{""action_plan"":[""Navigate to the yellow supply basket beside the hall shelf, identified by its orange PENDING tag (WO-581)."",""Silently resolve quantity from shift plan and stock table: 8 standard uses × 3 packs per use + 2-pack reserve = 26 standard packs."",""Retrieve 26 standard packs from stock."",""Apply the guest-arrival setup as mapped to WO-581 in the setup table."",""Load all 26 standard packs into the yellow PENDING supply basket."",""Confirm the basket is fully stocked per shift plan requirements.""],""blocking_constraint"":null,""canonical_interpretation"":""Stock the yellow PENDING supply basket (WO-581) with 26 standard packs (8 uses × 3 packs per use + 2-pack reserve) using the guest-arrival setup."",""clarification_question"":null,""rejection_explanation"":null,""success_condition"":""The yellow PENDING supply basket (WO-581) contains 26 standard packs loaded per the guest-arrival setup, sufficient for one full shift."",""terminal_kind"":""executable_interpretation"",""unresolved_slot"":null}",DISAGREE,JSON canonical sort_keys; no semantic normalization,NO
CA-0369,confidence,0.86,0.88,DISAGREE,JSON canonical sort_keys; no semantic normalization,NO
CA-0369,evidence,"[{""evidence_text"":""Stock the selected supply basket with enough for one shift using the usual setup."",""field"":""command"",""supports"":""Names the target basket, vague one-shift quantity, and usual-setup routine as the task slots.""},{""evidence_text"":""the yellow one beside the hall shelf has an orange PENDING tag, while the black one near the front door has a yellow COMPLETE tag"",""field"":""scene_context"",""supports"":""Two baskets initially match; PENDING versus COMPLETE selects the yellow unfinished basket.""},{""evidence_text"":""The shift plan contains eight standard uses. The stock table assigns three standard packs per use and a two-pack reserve."",""field"":""scene_context"",""supports"":""Deterministic local rule grounds enough for one shift as 26 packs.""},{""evidence_text"":""The setup table states that the morning reset applies to a different work-order prefix, while Work order WO-581 maps to the guest-arrival setup."",""field"":""scene_context"",""supports"":""Two setups initially compete; WO-581 binds the usual setup to guest-arrival.""},{""evidence_text"":""it can inspect, label, carry, place, and clean ordinary household items"",""field"":""capability_context"",""supports"":""Stocking and placing packs into a supply basket is within capability.""}]","[{""evidence_text"":""the selected supply basket"",""field"":""command"",""supports"":""object_reference: two supply baskets present; resolved to yellow PENDING basket (WO-581) because PENDING = unfinished work and COMPLETE = closed work per shift board""},{""evidence_text"":""yellow one beside the hall shelf has an orange PENDING tag"",""field"":""scene_context"",""supports"":""object_reference resolved: the PENDING basket is the active work basket; the COMPLETE black basket is closed and not the target""},{""evidence_text"":""using the usual setup"",""field"":""command"",""supports"":""routine_reference: setup table lists multiple procedures; resolved by WO-581 mapping to guest-arrival setup""},{""evidence_text"":""Work order WO-581 maps to the guest-arrival setup"",""field"":""scene_context"",""supports"":""routine_reference resolved: the usual setup for this basket is the guest-arrival setup, not the morning reset (which applies to a different work-order prefix)""},{""evidence_text"":""enough for one shift"",""field"":""command"",""supports"":""fuzzy_quantity: vague amount silently resolved by deterministic computation from shift plan and stock table""},{""evidence_text"":""shift plan contains eight standard uses"",""field"":""scene_context"",""supports"":""fuzzy_quantity silently resolved: 8 uses × 3 packs per use + 2-pack reserve = 26 standard packs for one shift""}]",DISAGREE,JSON canonical sort_keys; no semantic normalization,NO
CA-0369,intent,"""Stock the PENDING yellow supply basket for work order WO-581 with the computed one-shift pack quantity using the guest-arrival setup.""","""Stock the active PENDING supply basket (WO-581) with 26 standard packs for one full shift, applying the guest-arrival setup.""",DISAGREE,JSON canonical sort_keys; no semantic normalization,NO
CA-0369,resolved_slots,"{""quantity_packs"":26,""setup"":""guest-arrival setup"",""target_basket"":""yellow supply basket beside the hall shelf (PENDING, WO-581)"",""work_order"":""WO-581""}","{""basket"":""yellow PENDING supply basket (WO-581)"",""quantity_packs"":26,""setup"":""guest-arrival setup""}",DISAGREE,JSON canonical sort_keys; no semantic normalization,NO
CA-0372,ambiguity_types,"[""pragmatic"",""lexical"",""pronoun_reference"",""instrument_reference"",""destination_reference""]","[""pragmatic"",""discourse_ellipsis"",""pronoun_reference"",""instrument_reference"",""destination_reference""]",DISAGREE,JSON canonical sort_keys; no semantic normalization,YES
CA-0372,canonical_outcome,"{""action_plan"":[""Use the work-order-assigned calibrated platform scale beside the site generator"",""Place the cable reel on that platform scale"",""Confirm the displayed weight is 12 kg and below the 18 kg handling limit under the robot's certificate"",""Transport the cable reel to the tool cage beside the scaffold bay"",""Place the cable reel in that tool cage""],""blocking_constraint"":null,""canonical_interpretation"":""Treat the request as an instruction to place the cable reel on the assigned calibrated platform scale beside the site generator, confirm the displayed weight is below the 18 kg limit, then return the cable reel to the work-order tool cage beside the scaffold bay."",""clarification_question"":null,""rejection_explanation"":null,""success_condition"":""The cable reel has been weighed on the assigned platform scale beside the site generator and returned to the tool cage beside the scaffold bay."",""terminal_kind"":""executable_interpretation"",""unresolved_slot"":null}","{""action_plan"":[""Position the assigned calibrated platform scale beside the site generator"",""Place the cable reel on the platform scale"",""Confirm the displayed weight (12 kg) is below the 18-kilogram handling limit"",""Remove the cable reel from the scale"",""Transport the cable reel to the tool cage beside the scaffold bay""],""blocking_constraint"":null,""canonical_interpretation"":""Treat the command as an instruction; 'handle it' means move the cable reel after weighing; place the cable reel on the assigned calibrated platform scale beside the site generator, confirm 12 kg is below the 18 kg limit, then transport the cable reel to the tool cage beside the scaffold bay"",""clarification_question"":null,""rejection_explanation"":null,""success_condition"":""The cable reel has been weighed at 12 kg (confirmed below the 18 kg limit) and delivered to the tool cage beside the scaffold bay as specified by the work-order return field"",""terminal_kind"":""executable_interpretation"",""unresolved_slot"":null}",DISAGREE,JSON canonical sort_keys; no semantic normalization,YES
CA-0372,confidence,0.86,0.88,DISAGREE,JSON canonical sort_keys; no semantic normalization,YES
CA-0372,evidence,"[{""evidence_text"":""Could you place the cable reel on the platform scale beside the site generator, then handle it by returning it to the tool cage?"",""field"":""command"",""supports"":""Polite interrogative surface form plus underspecified 'handle it', 'platform scale', 'it', and 'tool cage' before contextual binding.""},{""evidence_text"":""Treat this as an instruction, and use 'handle it' to mean move the cable reel after weighing it."",""field"":""dialogue_history"",""supports"":""Resolves pragmatic force to an instruction and binds lexical/pronoun 'handle it' to moving the cable reel after weighing.""},{""evidence_text"":""Two platform scales are present. The unit assigned to this work order is calibrated; the other is reserved for a different load."",""field"":""scene_context"",""supports"":""Resolves instrument_reference to the work-order-assigned calibrated platform scale.""},{""evidence_text"":""Two locations are labelled tool cage; the work order names the one beside the scaffold bay."",""field"":""scene_context"",""supports"":""Resolves destination_reference to the scaffold-bay tool cage named by the work order.""},{""evidence_text"":""The work-order return field contains the cable reel's asset tag; the platform scale's return point is the calibration rack."",""field"":""scene_context"",""supports"":""Confirms 'returning it to the tool cage' targets the cable reel rather than the platform scale.""},{""evidence_text"":""It displays 12 kilograms. The robot's handling certificate permits this target below the stated 18-kilogram limit."",""field"":""scene_context"",""supports"":""Weight check and authorization permit immediate safe execution after placement on the scale.""},{""evidence_text"":""Construction support robot can transport rated loads on level ground"",""field"":""capability_context"",""supports"":""Transporting the weighed cable reel to the named tool cage is within robot capability.""}]","[{""evidence_text"":""Could you place the cable reel on the platform scale beside the site generator, then handle it by returning it to the tool cage?"",""field"":""command"",""supports"":""Surface question form creates pragmatic ambiguity over directive force; 'handle it' creates discourse ellipsis over omitted operation; 'it' in 'returning it' creates pronoun_reference over cable reel vs platform scale""},{""evidence_text"":""Treat this as an instruction, and use 'handle it' to mean move the cable reel after weighing it."",""field"":""dialogue_history"",""supports"":""Resolves pragmatic ambiguity (command is an instruction not a question), discourse_ellipsis ('handle it' = move cable reel after weighing), and pronoun_reference ('it' = cable reel)""},{""evidence_text"":""The unit assigned to this work order is calibrated; the other is reserved for a different load."",""field"":""scene_context"",""supports"":""Resolves instrument_reference: two platform scales present; assigned calibrated unit is the correct one for this task""},{""evidence_text"":""Two locations are labelled tool cage; the work order names the one beside the scaffold bay."",""field"":""scene_context"",""supports"":""Resolves destination_reference: the correct tool cage is the one beside the scaffold bay per the work order""},{""evidence_text"":""It displays 12 kilograms. The robot's handling certificate permits this target below the stated 18-kilogram limit."",""field"":""scene_context"",""supports"":""Confirms capability check passes: cable reel weight is within authorized handling range""}]",DISAGREE,JSON canonical sort_keys; no semantic normalization,YES
CA-0372,intent,"""Weigh the cable reel on the work-order-assigned calibrated platform scale beside the site generator, then return that cable reel to the tool cage beside the scaffold bay.""","""Weigh the cable reel on the assigned platform scale beside the site generator, then transport the cable reel to the tool cage beside the scaffold bay per the work-order return field""",DISAGREE,JSON canonical sort_keys; no semantic normalization,YES
CA-0372,resolved_slots,"{""communicative_force"":""instruction"",""destination"":""tool cage beside the scaffold bay"",""handling_authorized"":true,""instrument"":""work-order-assigned calibrated platform scale"",""object"":""cable reel"",""post_weigh_action"":""return cable reel to tool cage"",""verified_weight_kg"":12,""weighing_location"":""beside the site generator"",""weight_limit_kg"":18}","{""communicative_force"":""instruction"",""handle_it_meaning"":""move cable reel after weighing"",""platform_scale"":""assigned calibrated unit"",""return_destination"":""tool cage beside scaffold bay"",""return_object"":""cable reel""}",DISAGREE,JSON canonical sort_keys; no semantic normalization,YES
CA-0372,risk_factors,[],"[""capability_constraint""]",DISAGREE,JSON canonical sort_keys; no semantic normalization,YES
CA-0372,strategy_sequence,"[""reinterpret_indirect_request"",""resolve_lexical"",""resolve_reference"",""execute""]","[""reinterpret_indirect_request"",""resolve_discourse"",""resolve_reference"",""execute""]",DISAGREE,JSON canonical sort_keys; no semantic normalization,YES
CA-0382,ambiguity_types,"[""pragmatic"",""lexical"",""degree_vagueness""]","[""pragmatic"",""degree_vagueness""]",DISAGREE,JSON canonical sort_keys; no semantic normalization,YES
CA-0382,canonical_outcome,"{""action_plan"":[""Complete or confirm the linked 08:00 check has occurred for this job"",""Access the cooling controller configuration interface without opening energized cabinets"",""Set the cooling controller setpoint to 22 degrees Celsius per the operating handbook routine""],""blocking_constraint"":null,""canonical_interpretation"":""After the 08:00 check linked to this job, set the cooling controller configuration to the handbook routine value of 22 degrees Celsius."",""clarification_question"":null,""rejection_explanation"":null,""success_condition"":""Cooling controller is configured to 22 degrees Celsius after the 08:00 check."",""terminal_kind"":""executable_interpretation"",""unresolved_slot"":null}","{""action_plan"":[""Reinterpret 'Would it help to set the cooling controller appropriately after the check?' as a directive (confirmed by security analyst: 'I am requesting the action rather than asking for a recommendation')"",""Resolve 'appropriately' to 22 degrees Celsius via the operating handbook routine setting for this asset"",""Wait for the 08:00 check (uniquely linked to the job) to complete"",""Configure the cooling controller to 22 degrees Celsius""],""blocking_constraint"":null,""canonical_interpretation"":""Configure the cooling controller to 22 degrees Celsius after the 08:00 check, treating the surface interrogative as a directive per the security analyst's explicit clarification."",""clarification_question"":null,""rejection_explanation"":null,""success_condition"":""The cooling controller is configured to 22 degrees Celsius following completion of the 08:00 check."",""terminal_kind"":""executable_interpretation"",""unresolved_slot"":null}",DISAGREE,JSON canonical sort_keys; no semantic normalization,YES
CA-0382,compound_ambiguity_count,3,2,DISAGREE,JSON canonical sort_keys; no semantic normalization,YES
CA-0382,confidence,0.84,0.91,DISAGREE,JSON canonical sort_keys; no semantic normalization,YES
CA-0382,evidence,"[{""evidence_text"":""Would it help to set the cooling controller appropriately after the check?"",""field"":""command"",""supports"":""Surface form is a recommendation question with vague 'appropriately' and underspecified 'set' sense.""},{""evidence_text"":""I am requesting the action rather than asking for a recommendation."",""field"":""dialogue_history"",""supports"":""Resolves pragmatic force: treat the command as a directive to perform the set action.""},{""evidence_text"":""The cooling controller is already in its assigned position, so 'set' concerns configuration."",""field"":""scene_context"",""supports"":""Resolves lexical 'set' to configuration rather than physical placement.""},{""evidence_text"":""The operating handbook defines the routine setting for this asset as 22 degrees Celsius."",""field"":""scene_context"",""supports"":""Deterministically grounds degree vagueness of 'appropriately' to 22 degrees Celsius.""},{""evidence_text"":""The check at 08:00 is uniquely linked to the job."",""field"":""scene_context"",""supports"":""Binds 'after the check' to the single job-linked 08:00 occurrence.""},{""evidence_text"":""inspect equipment without opening energized cabinets"",""field"":""capability_context"",""supports"":""Resolved configure-after-check action remains feasible under listed maintenance capabilities.""}]","[{""evidence_text"":""Would it help to set the cooling controller appropriately after the check?"",""field"":""command"",""supports"":""Pragmatic ambiguity: interrogative surface form suggests a recommendation rather than a directive; 'appropriately' introduces degree_vagueness with no explicit setting value.""},{""evidence_text"":""I am requesting the action rather than asking for a recommendation."",""field"":""dialogue_history"",""supports"":""Resolves pragmatic ambiguity: security analyst explicitly reframes the command as a directive, establishing imperative force.""},{""evidence_text"":""The operating handbook defines the routine setting for this asset as 22 degrees Celsius."",""field"":""scene_context"",""supports"":""Resolves degree_vagueness: 'appropriately' is deterministically grounded to 22 degrees Celsius by the handbook's routine setting rule.""},{""evidence_text"":""The check at 08:00 is uniquely linked to the job."",""field"":""scene_context"",""supports"":""Confirms 'the check' has a single referent; no temporal_reference ambiguity exists.""}]",DISAGREE,JSON canonical sort_keys; no semantic normalization,YES
CA-0382,intent,"""Configure the cooling controller to the handbook routine setpoint of 22 degrees Celsius after the 08:00 check, treating the utterance as a directive rather than a recommendation question.""","""Configure the cooling controller to its handbook-defined routine setting of 22 degrees Celsius after the uniquely identified 08:00 check.""",DISAGREE,JSON canonical sort_keys; no semantic normalization,YES
CA-0382,resolved_slots,"{""action"":""configure_setpoint"",""communicative_force"":""directive"",""object"":""cooling controller"",""setpoint_celsius"":22,""timing"":""after the 08:00 check""}","{""action"":""configure_cooling_controller"",""directive_force"":""command"",""setting_value"":""22 degrees Celsius"",""timing"":""after the check at 08:00""}",DISAGREE,JSON canonical sort_keys; no semantic normalization,YES
CA-0382,strategy_sequence,"[""reinterpret_indirect_request"",""resolve_lexical"",""silently_resolve"",""execute""]","[""reinterpret_indirect_request"",""silently_resolve"",""execute""]",DISAGREE,JSON canonical sort_keys; no semantic normalization,YES
CA-0394,canonical_outcome,"{""action_plan"":[],""blocking_constraint"":null,""canonical_interpretation"":""Indirect delivery request for a selected pending exam packet after the active 13:00 class handover; which of the two selected packets remains unresolved."",""clarification_question"":""Which selected exam packet should I deliver after the 13:00 class handover: the one for the course coordinator or the one for the lab demonstrator?"",""rejection_explanation"":null,""success_condition"":null,""terminal_kind"":""clarification"",""unresolved_slot"":{""candidate_values"":[""exam packet for course coordinator -> course coordinator"",""exam packet for lab demonstrator -> lab demonstrator""],""reason_unresolved"":""Two selected pending exam packets match, and the command gives neither assignment code nor recipient name."",""slot_name"":""selected_exam_packet""}}","{""action_plan"":[""Confirm active delivery batch: both selected exam packets assigned to the 13:00 handover slot with pre-paired recipients"",""Wait until after the 13:00 class handover"",""Deliver the exam packet to the course coordinator"",""Deliver the exam packet to the lab demonstrator""],""blocking_constraint"":null,""canonical_interpretation"":""Deliver both selected exam packets to their pre-assigned recipients (course coordinator and lab demonstrator) after the 13:00 class handover, executing the active delivery batch."",""clarification_question"":null,""rejection_explanation"":null,""success_condition"":""Both selected exam packets confirmed delivered to their pre-assigned recipients after the 13:00 class handover"",""terminal_kind"":""executable_interpretation"",""unresolved_slot"":null}",DISAGREE,JSON canonical sort_keys; no semantic normalization,YES
CA-0394,capability_status,"""conditionally_capable""","""capable""",DISAGREE,JSON canonical sort_keys; no semantic normalization,YES
CA-0394,confidence,0.86,0.88,DISAGREE,JSON canonical sort_keys; no semantic normalization,YES
CA-0394,evidence,"[{""evidence_text"":""Can the selected exam packet be delivered after a scheduled class handover?"",""field"":""command"",""supports"":""Surface yes/no form leaves packet and handover underspecified while asking about delivery.""},{""evidence_text"":""treat that as a request to perform the delivery, not a capability question"",""field"":""dialogue_history"",""supports"":""Resolves pragmatic force from capability question to a delivery directive.""},{""evidence_text"":""Two exam packets are selected and pending, one for course coordinator and one for lab demonstrator"",""field"":""scene_context"",""supports"":""Establishes two initially matching selected exam-packet objects.""},{""evidence_text"":""The class handover is scheduled at 13:00 and again at 17:00. The active delivery batch links both pending selected items to the 13:00 occurrence"",""field"":""scene_context"",""supports"":""Two handover occurrences exist; active batch binds temporal reference to 13:00.""},{""evidence_text"":""The command provides no assignment code or recipient name"",""field"":""scene_context"",""supports"":""Leaves object selection unresolved for clarification.""},{""evidence_text"":""Classroom service robot can carry learning materials"",""field"":""capability_context"",""supports"":""Delivery of exam packets is within certified transport capability once a packet is selected.""}]","[{""evidence_text"":""Can the selected exam packet be delivered after a scheduled class handover?"",""field"":""command"",""supports"":""Surface form is a polar capability question; establishes pragmatic ambiguity between capability query and delivery request directive force""},{""evidence_text"":""treat that as a request to perform the delivery, not a capability question"",""field"":""dialogue_history"",""supports"":""Resolves pragmatic ambiguity: command directive force is a delivery request, not a capability query""},{""evidence_text"":""Two exam packets are selected and pending"",""field"":""scene_context"",""supports"":""Object reference ambiguity: singular 'the selected exam packet' initially matches two candidate objects""},{""evidence_text"":""The class handover is scheduled at 13:00 and again at 17:00"",""field"":""scene_context"",""supports"":""Temporal reference ambiguity: 'a scheduled class handover' initially maps to two actual occurrences""},{""evidence_text"":""The active delivery batch links both pending selected items to the 13:00 occurrence"",""field"":""scene_context"",""supports"":""Resolves temporal_reference (13:00 handover selected) and object_reference (both packets are in the active batch)""},{""evidence_text"":""Each selected item is already paired with its named recipient"",""field"":""scene_context"",""supports"":""Recipients are pre-resolved; no recipient or assignment ambiguity remains""}]",DISAGREE,JSON canonical sort_keys; no semantic normalization,YES
CA-0394,intent,"""Deliver one selected pending exam packet after the 13:00 class handover to its paired recipient.""","""Deliver both selected exam packets to their pre-assigned recipients after the 13:00 class handover""",DISAGREE,JSON canonical sort_keys; no semantic normalization,YES
CA-0394,primary_ambiguity_type,"""object_reference""","""pragmatic""",DISAGREE,JSON canonical sort_keys; no semantic normalization,YES
CA-0394,resolved_slots,"{""action"":""deliver"",""handover_occurrence"":""13:00"",""timing"":""after 13:00 class handover""}","{""delivery_items"":""both selected exam packets (active delivery batch)"",""directive_force"":""delivery request"",""recipients"":""pre-assigned: course coordinator and lab demonstrator"",""timing"":""after 13:00 class handover""}",DISAGREE,JSON canonical sort_keys; no semantic normalization,YES
CA-0394,risk_factors,"[""privacy_constraint""]",[],DISAGREE,JSON canonical sort_keys; no semantic normalization,YES
CA-0394,risk_level,"""medium""","""low""",DISAGREE,JSON canonical sort_keys; no semantic normalization,YES
CA-0394,strategy_sequence,"[""reinterpret_indirect_request"",""clarify""]","[""reinterpret_indirect_request"",""resolve_reference"",""execute""]",DISAGREE,JSON canonical sort_keys; no semantic normalization,YES
CA-0394,terminal_strategy,"""clarify""","""execute""",DISAGREE,JSON canonical sort_keys; no semantic normalization,YES
CA-0397,ambiguity_types,"[""spatial_reference"",""degree_vagueness""]","[""spatial_reference"",""endpoint_vagueness""]",DISAGREE,JSON canonical sort_keys; no semantic normalization,YES
CA-0397,canonical_outcome,"{""action_plan"":[""Locate the handheld label printer showing the low battery warning by the assigned service-labelled door beside the wash sink"",""Connect it to the compatible charger installed at that door and reserved for this job"",""Charge the printer to 80 percent per the device handbook routine service level"",""Disconnect once that level is reached""],""blocking_constraint"":null,""canonical_interpretation"":""Using the reserved compatible charger at the shift-assigned service-labelled door beside the wash sink, recharge the handheld label printer that shows a low battery warning to the device-handbook routine service level of 80 percent."",""clarification_question"":null,""rejection_explanation"":null,""success_condition"":""The handheld label printer is charged to 80 percent on the reserved charger at the service-labelled door beside the wash sink."",""terminal_kind"":""executable_interpretation"",""unresolved_slot"":null}","{""action_plan"":[""Navigate to the service door beside the wash sink as assigned by the active shift map."",""Retrieve the handheld label printer showing the low battery warning."",""Connect the handheld label printer to the compatible charger reserved at this location."",""Monitor battery level until it reaches 80 percent (device handbook routine service level)."",""Disconnect the printer from the charger.""],""blocking_constraint"":null,""canonical_interpretation"":""Navigate to the assigned service door beside the wash sink; use the compatible charger installed there to charge the handheld label printer to 80 percent, as defined by the device handbook routine service level."",""clarification_question"":null,""rejection_explanation"":null,""success_condition"":""Handheld label printer is charged to 80 percent and disconnected from the charger at the assigned service door."",""terminal_kind"":""executable_interpretation"",""unresolved_slot"":null}",DISAGREE,JSON canonical sort_keys; no semantic normalization,YES
CA-0397,confidence,0.86,0.88,DISAGREE,JSON canonical sort_keys; no semantic normalization,YES
CA-0397,evidence,"[{""evidence_text"":""Recharge the handheld label printer by the service door to a sensible level."",""field"":""command"",""supports"":""Names the recharge task, the spatial anchor 'the service door', and the vague target 'sensible level'.""},{""evidence_text"":""The active shift map assigns the service-labelled door beside the wash sink."",""field"":""scene_context"",""supports"":""Resolves spatial_reference by selecting the assigned service door over the emergency-only alternative.""},{""evidence_text"":""The other service-labelled door is emergency-only."",""field"":""scene_context"",""supports"":""Shows a second initially matching service-labelled door that must be excluded.""},{""evidence_text"":""The device handbook defines the routine service level as 80 percent charge."",""field"":""scene_context"",""supports"":""Deterministically grounds degree_vagueness of 'sensible level' to 80 percent for silent resolution.""},{""evidence_text"":""A compatible charger is installed at the assigned service-labelled door and is reserved for this job."",""field"":""scene_context"",""supports"":""Confirms an authorized charger at the resolved door for executable recharge.""}]","[{""evidence_text"":""by the service door"",""field"":""command"",""supports"":""spatial_reference: 'service door' initially maps to two service-labelled doors; shift map assignment and emergency-only status resolve it to the one beside the wash sink.""},{""evidence_text"":""The active shift map assigns the service-labelled door beside the wash sink. The other service-labelled door is emergency-only."",""field"":""scene_context"",""supports"":""Resolves spatial_reference: active door is the wash-sink door; emergency-only door is excluded from task scope.""},{""evidence_text"":""to a sensible level"",""field"":""command"",""supports"":""endpoint_vagueness: 'sensible level' provides no deterministic target without contextual grounding.""},{""evidence_text"":""The device handbook defines the routine service level as 80 percent charge."",""field"":""scene_context"",""supports"":""Deterministically resolves endpoint_vagueness via silent resolution: charge target is 80 percent.""}]",DISAGREE,JSON canonical sort_keys; no semantic normalization,YES
CA-0397,intent,"""Recharge the low-battery handheld label printer at the assigned service-labelled door beside the wash sink to the handbook routine service level of 80 percent.""","""Recharge the handheld label printer at the assigned service door to the device handbook's routine service level of 80 percent charge.""",DISAGREE,JSON canonical sort_keys; no semantic normalization,YES
CA-0397,primary_ambiguity_type,"""degree_vagueness""","""spatial_reference""",DISAGREE,JSON canonical sort_keys; no semantic normalization,YES
CA-0397,recommended_strategy,"""silently_resolve""","""multi_step""",DISAGREE,JSON canonical sort_keys; no semantic normalization,YES
CA-0397,resolved_slots,"{""charger"":""compatible charger at assigned service-labelled door"",""object"":""handheld label printer"",""spatial_anchor"":""service-labelled door beside the wash sink"",""target_charge_level"":""80 percent""}","{""charge_target_percent"":80,""device"":""handheld label printer"",""location"":""service door beside the wash sink""}",DISAGREE,JSON canonical sort_keys; no semantic normalization,YES
CA-0397,strategy_sequence,"[""silently_resolve"",""execute""]","[""resolve_reference"",""silently_resolve"",""execute""]",DISAGREE,JSON canonical sort_keys; no semantic normalization,YES
CA-0418,canonical_outcome,"{""action_plan"":[""Wait until the job-linked check at 13:00 is complete."",""Configure the conveyor controller speed to 0.5 metres per second per the operating handbook routine setting.""],""blocking_constraint"":null,""canonical_interpretation"":""Treat the utterance as a request to act: after the 13:00 job-linked check, set the conveyor controller configuration to the handbook routine speed of 0.5 metres per second."",""clarification_question"":null,""rejection_explanation"":null,""success_condition"":""After the 13:00 check, the conveyor controller is configured to 0.5 metres per second."",""terminal_kind"":""executable_interpretation"",""unresolved_slot"":null}","{""action_plan"":[""Await completion of the check at 13:00, which is uniquely linked to the job"",""Navigate to the conveyor controller in the inbound bay"",""Configure the conveyor controller speed to 0.5 metres per second per the operating handbook routine setting""],""blocking_constraint"":null,""canonical_interpretation"":""Set the conveyor controller configuration to 0.5 metres per second after the 13:00 check is complete"",""clarification_question"":null,""rejection_explanation"":null,""success_condition"":""Conveyor controller is configured to 0.5 metres per second following completion of the 13:00 check"",""terminal_kind"":""executable_interpretation"",""unresolved_slot"":null}",DISAGREE,JSON canonical sort_keys; no semantic normalization,NO
CA-0418,confidence,0.86,0.88,DISAGREE,JSON canonical sort_keys; no semantic normalization,NO
CA-0418,evidence,"[{""evidence_text"":""Would it help to set the conveyor controller appropriately after the check?"",""field"":""command"",""supports"":""Question-form surface suggests advice-seeking; 'set' and 'appropriately' leave sense and operating level open before context.""},{""evidence_text"":""I am requesting the action rather than asking for a recommendation."",""field"":""dialogue_history"",""supports"":""Resolves pragmatic force from recommendation-seeking to an actionable directive.""},{""evidence_text"":""The conveyor controller is already in its assigned position, so 'set' concerns configuration."",""field"":""scene_context"",""supports"":""Resolves lexical 'set' to configuration rather than physical placement.""},{""evidence_text"":""The operating handbook defines the routine setting for this asset as 0.5 metres per second."",""field"":""scene_context"",""supports"":""Deterministically grounds vague 'appropriately' to a single handbook speed for silent resolution.""},{""evidence_text"":""The check at 13:00 is uniquely linked to the job."",""field"":""scene_context"",""supports"":""Binds 'after the check' to the unique job-linked occurrence.""}]","[{""evidence_text"":""Would it help to set the conveyor controller appropriately after the check?"",""field"":""command"",""supports"":""Surface interrogative form creates pragmatic ambiguity between recommendation-seeking and an action directive""},{""evidence_text"":""I am requesting the action rather than asking for a recommendation."",""field"":""dialogue_history"",""supports"":""Resolves pragmatic ambiguity: directive force is confirmed as an action request, not a recommendation query""},{""evidence_text"":""The conveyor controller is already in its assigned position, so 'set' concerns configuration"",""field"":""scene_context"",""supports"":""Resolves lexical ambiguity in 'set': physical placement reading is excluded; 'set' means configure""},{""evidence_text"":""The operating handbook defines the routine setting for this asset as 0.5 metres per second"",""field"":""scene_context"",""supports"":""Deterministic handbook rule silently resolves degree_vagueness in 'appropriately' to 0.5 m/s""},{""evidence_text"":""The check at 13:00 is uniquely linked to the job"",""field"":""scene_context"",""supports"":""Uniquely identifies 'the check' in the command, fixing the temporal ordering constraint without ambiguity""}]",DISAGREE,JSON canonical sort_keys; no semantic normalization,NO
CA-0418,intent,"""As a directive (not advice), configure the conveyor controller to the handbook routine speed after the job-linked check.""","""Configure the conveyor controller to its routine operating setting after the linked job check completes""",DISAGREE,JSON canonical sort_keys; no semantic normalization,NO
CA-0418,resolved_slots,"{""action"":""configure_conveyor_controller"",""configuration_sense"":""configuration_not_physical_placement"",""request_force"":""execute_action"",""speed_mps"":0.5,""target"":""conveyor controller"",""timing"":""after_check_13:00""}","{""action_on_controller"":""configure"",""conveyor_setting_mps"":0.5,""directive_force"":""action_request"",""timing"":""after the check at 13:00""}",DISAGREE,JSON canonical sort_keys; no semantic normalization,NO
CA-0418,strategy_sequence,"[""reinterpret_indirect_request"",""silently_resolve"",""execute""]","[""reinterpret_indirect_request"",""resolve_lexical"",""silently_resolve"",""execute""]",DISAGREE,JSON canonical sort_keys; no semantic normalization,NO
CA-0421,ambiguity_types,"[""object_reference"",""temporal_reference"",""degree_vagueness""]","[""object_reference"",""temporal_reference"",""endpoint_vagueness""]",DISAGREE,JSON canonical sort_keys; no semantic normalization,YES
CA-0421,canonical_outcome,"{""action_plan"":[""Confirm the linked meal service at 11:00 has completed"",""Locate the green linen cart beside the cleaning station with the blue PENDING tag"",""Perform authorized routine exterior cleaning with the site-approved method"",""Inspect under the inspection light and run a surface scan"",""Continue until no visible residue remains and the surface scan passes""],""blocking_constraint"":null,""canonical_interpretation"":""After the 11:00 meal service, clean the green PENDING-marked linen cart beside the cleaning station with the site-approved exterior method until there is no visible residue under the inspection light and the surface scan passes."",""clarification_question"":null,""rejection_explanation"":null,""success_condition"":""After the 11:00 meal service, the green PENDING linen cart exterior shows no visible residue under the inspection light and has a passed surface scan."",""terminal_kind"":""executable_interpretation"",""unresolved_slot"":null}","{""action_plan"":[""Locate the green linen cart with the blue PENDING tag beside the cleaning station"",""Apply the site-approved exterior cleaning method to the cart"",""Use the inspection light to check all exterior surfaces for visible residue"",""Perform the surface scan to verify cleanliness"",""Confirm the cart meets the defined standard: no visible residue and a passed surface scan""],""blocking_constraint"":null,""canonical_interpretation"":""Clean the exterior of the green linen cart with the blue PENDING tag beside the cleaning station, following the 11:00 meal service, until no visible residue remains under the inspection light and the surface scan is passed."",""clarification_question"":null,""rejection_explanation"":null,""success_condition"":""The green PENDING linen cart exterior has no visible residue under the inspection light and has a passed surface scan."",""terminal_kind"":""executable_interpretation"",""unresolved_slot"":null}",DISAGREE,JSON canonical sort_keys; no semantic normalization,YES
CA-0421,capability_status,"""conditionally_capable""","""capable""",DISAGREE,JSON canonical sort_keys; no semantic normalization,YES
CA-0421,confidence,0.86,0.92,DISAGREE,JSON canonical sort_keys; no semantic normalization,YES
CA-0421,evidence,"[{""evidence_text"":""Clean the marked linen cart after the meal service until it is reasonably clean."",""field"":""command"",""supports"":""Surface form leaves the marked cart, which meal service, and the reasonably-clean stopping threshold underspecified.""},{""evidence_text"":""Two linen carts carry work-order marks: the green one beside the cleaning station has a blue PENDING tag, while the white one near the linen rack has a yellow COMPLETE tag."",""field"":""scene_context"",""supports"":""Object reference initially matches two marked carts before PENDING versus COMPLETE selection.""},{""evidence_text"":""The shift board defines PENDING as unfinished work and COMPLETE as closed work."",""field"":""scene_context"",""supports"":""Active-versus-closed marks resolve the object to the green PENDING cart.""},{""evidence_text"":""The schedule note links this job to the meal service at 11:00, not the later occurrence at 15:00."",""field"":""scene_context"",""supports"":""Temporal reference initially admits two meal-service occurrences; context selects 11:00.""},{""evidence_text"":""The cleaning standard defines 'reasonably clean' as no visible residue under the inspection light and a passed surface scan."",""field"":""scene_context"",""supports"":""Deterministic local rule grounds the vague cleanliness degree for silent resolution.""},{""evidence_text"":""The active work order authorizes routine exterior cleaning of this item with the site-approved method."",""field"":""scene_context"",""supports"":""Resolved cleaning action is authorized and method-bound.""},{""evidence_text"":""Hospital delivery robot can move sealed supplies, scan identifiers, and operate approved carts outside direct clinical treatment."",""field"":""capability_context"",""supports"":""Robot is capable of operating the approved cart for this non-clinical cleaning task.""}]","[{""evidence_text"":""the marked linen cart"",""field"":""command"",""supports"":""object_reference: both carts carry work-order marks, so 'marked' initially matches two candidates""},{""evidence_text"":""the green one beside the cleaning station has a blue PENDING tag, while the white one near the linen rack has a yellow COMPLETE tag. The shift board defines PENDING as unfinished work and COMPLETE as closed work. The active work order authorizes routine exterior cleaning of this item with the site-approved method."",""field"":""scene_context"",""supports"":""object_reference resolved to the green PENDING cart: PENDING denotes active unfinished work aligned with the current task; COMPLETE denotes closed work not requiring action""},{""evidence_text"":""after the meal service"",""field"":""command"",""supports"":""temporal_reference: no specific time named, creating an initial ambiguity between two meal service occurrences""},{""evidence_text"":""The schedule note links this job to the meal service at 11:00, not the later occurrence at 15:00."",""field"":""scene_context"",""supports"":""temporal_reference resolved to the 11:00 meal service""},{""evidence_text"":""until it is reasonably clean"",""field"":""command"",""supports"":""endpoint_vagueness: 'reasonably clean' is an underspecified stopping criterion with no scalar boundary in the command itself""},{""evidence_text"":""The cleaning standard defines 'reasonably clean' as no visible residue under the inspection light and a passed surface scan."",""field"":""scene_context"",""supports"":""endpoint_vagueness resolved: the site cleaning standard supplies a deterministic, verifiable stopping condition""}]",DISAGREE,JSON canonical sort_keys; no semantic normalization,YES
CA-0421,intent,"""Perform authorized routine exterior cleaning of the green PENDING-marked linen cart after the 11:00 meal service until the site cleaning standard for reasonably clean is met.""","""Clean the exterior of the active PENDING-marked linen cart (green, beside the cleaning station) following the 11:00 meal service, to the defined 'reasonably clean' standard.""",DISAGREE,JSON canonical sort_keys; no semantic normalization,YES
CA-0421,primary_ambiguity_type,"""degree_vagueness""","""object_reference""",DISAGREE,JSON canonical sort_keys; no semantic normalization,YES
CA-0421,recommended_strategy,"""silently_resolve""","""execute""",DISAGREE,JSON canonical sort_keys; no semantic normalization,YES
CA-0421,resolved_slots,"{""cleanliness_standard"":""no visible residue under the inspection light and a passed surface scan"",""method"":""site-approved routine exterior cleaning"",""object"":""green linen cart beside cleaning station with blue PENDING tag"",""temporal_anchor"":""after meal service at 11:00""}","{""cleanliness_standard"":""no visible residue under the inspection light and a passed surface scan"",""meal_service_occurrence"":""11:00 meal service"",""target_cart"":""green linen cart with blue PENDING tag beside the cleaning station""}",DISAGREE,JSON canonical sort_keys; no semantic normalization,YES
CA-0421,strategy_sequence,"[""silently_resolve"",""execute""]","[""execute""]",DISAGREE,JSON canonical sort_keys; no semantic normalization,YES
CA-0422,canonical_outcome,"{""action_plan"":[""Identify the amber sample tube with the active MOVE tag as the selected vessel"",""Transport that sealed sample tube to the sample hatch"",""Complete the move within three minutes""],""blocking_constraint"":null,""canonical_interpretation"":""Move the amber sample tube (active MOVE tag) to its assigned sample hatch, treating 'shortly' as within three minutes per the local handbook."",""clarification_question"":null,""rejection_explanation"":null,""success_condition"":""The amber sample tube is at the sample hatch within three minutes of the request."",""terminal_kind"":""executable_interpretation"",""unresolved_slot"":null}","{""action_plan"":[""Identify object as the amber sample tube bearing the active MOVE tag."",""Confirm assigned destination as the sample hatch per the active MOVE tag."",""Silently resolve 'shortly' to within 3 minutes using the local handbook rule for ordinary low-risk moves."",""Transport the amber sample tube to the sample hatch within the resolved 3-minute window.""],""blocking_constraint"":null,""canonical_interpretation"":""Move the amber sample tube (active MOVE tag) to the sample hatch within three minutes."",""clarification_question"":null,""rejection_explanation"":null,""success_condition"":""Amber sample tube delivered to the sample hatch within 3 minutes of command issuance, with no spill or containment breach."",""terminal_kind"":""executable_interpretation"",""unresolved_slot"":null}",DISAGREE,JSON canonical sort_keys; no semantic normalization,NO
CA-0422,confidence,0.9,0.91,DISAGREE,JSON canonical sort_keys; no semantic normalization,NO
CA-0422,evidence,"[{""evidence_text"":""Move the selected sample tube to its assigned destination shortly."",""field"":""command"",""supports"":""Directs a move of a selected sample tube to an assigned destination on a vague 'shortly' schedule.""},{""evidence_text"":""The amber one has an active MOVE tag and the green one has a completed tag."",""field"":""scene_context"",""supports"":""Resolves object_reference: two tubes are present; the active MOVE tag selects the amber tube over the completed green one.""},{""evidence_text"":""The active tag assigns the sample hatch as its destination."",""field"":""scene_context"",""supports"":""Binds the assigned destination of the selected tube to the sample hatch.""},{""evidence_text"":""For ordinary low-risk moves, the local handbook defines 'shortly' as within three minutes."",""field"":""scene_context"",""supports"":""Deterministically grounds fuzzy_temporal 'shortly' to a three-minute window for silent resolution.""},{""evidence_text"":""Laboratory service robot can transport sealed vessels, scan samples, and use approved instruments within its containment rating."",""field"":""capability_context"",""supports"":""Confirms transport of sealed sample vessels is within capability.""}]","[{""evidence_text"":""the selected sample tube"",""field"":""command"",""supports"":""object_reference: two tubes are visible; 'selected' initially admits either tube before contextual resolution.""},{""evidence_text"":""The amber one has an active MOVE tag and the green one has a completed tag."",""field"":""scene_context"",""supports"":""object_reference resolved: active-versus-completed tag selection uniquely identifies the amber tube as the target.""},{""evidence_text"":""shortly"",""field"":""command"",""supports"":""fuzzy_temporal: vague duration with no numeric value supplied in the command.""},{""evidence_text"":""the local handbook defines 'shortly' as within three minutes"",""field"":""scene_context"",""supports"":""fuzzy_temporal silently resolved: deterministic local rule grounds 'shortly' to 3 minutes for ordinary low-risk moves.""},{""evidence_text"":""The active tag assigns the sample hatch as its destination."",""field"":""scene_context"",""supports"":""Destination slot resolved to sample hatch; no destination_reference ambiguity remains after object is resolved.""}]",DISAGREE,JSON canonical sort_keys; no semantic normalization,NO
CA-0422,intent,"""Transport the amber sample tube with the active MOVE tag to the sample hatch within three minutes.""","""Transport the amber sample tube (active MOVE tag) to the sample hatch within the locally defined time limit for 'shortly'.""",DISAGREE,JSON canonical sort_keys; no semantic normalization,NO
CA-0422,resolved_slots,"{""destination"":""sample hatch"",""object"":""amber sample tube with active MOVE tag"",""timing"":""within three minutes""}","{""destination"":""sample hatch"",""object"":""amber sample tube (active MOVE tag)"",""timing"":""within 3 minutes""}",DISAGREE,JSON canonical sort_keys; no semantic normalization,NO
CA-0426,canonical_outcome,"{""action_plan"":[""Select the handheld graduated dispenser calibrated for drinking water"",""Top up the drinking-water container beside the command console to 800 millilitres"",""Return the drinking-water container to the triage tent""],""blocking_constraint"":null,""canonical_interpretation"":""Use the handheld graduated dispenser calibrated for drinking water to top up the drinking-water container beside the command console to 800 millilitres (six uses at 125 ml plus a 50 ml reserve), then return the drinking-water container to the triage tent."",""clarification_question"":null,""rejection_explanation"":null,""success_condition"":""The drinking-water container beside the command console holds 800 millilitres and is at its return position in the triage tent."",""terminal_kind"":""executable_interpretation"",""unresolved_slot"":null}","{""action_plan"":[""Retrieve the handheld graduated dispenser from its calibration rack."",""Navigate to the drinking-water container beside the command console."",""Use the handheld graduated dispenser to refill the drinking-water container with 800 mL of drinking water."",""Transport the drinking-water container to the triage tent (its designated return position)."",""Return the handheld graduated dispenser to its calibration rack.""],""blocking_constraint"":null,""canonical_interpretation"":""Use the handheld graduated dispenser (calibrated for drinking water) to refill the drinking-water container beside the command console with 800 mL (6 standard uses × 125 mL + 50 mL reserve), then transport the drinking-water container to its return position at the triage tent; return the dispenser to its calibration rack."",""clarification_question"":null,""rejection_explanation"":null,""success_condition"":""Drinking-water container refilled with 800 mL and delivered to the triage tent; handheld graduated dispenser returned to its calibration rack."",""terminal_kind"":""executable_interpretation"",""unresolved_slot"":null}",DISAGREE,JSON canonical sort_keys; no semantic normalization,NO
CA-0426,confidence,0.86,0.87,DISAGREE,JSON canonical sort_keys; no semantic normalization,NO
CA-0426,evidence,"[{""evidence_text"":""Use the graduated dispenser to top up the drinking-water container beside the command console, then return it with enough for the afternoon round."",""field"":""command"",""supports"":""Names the dispenser and container, leaves 'it' and 'enough for the afternoon round' underspecified on the surface.""},{""evidence_text"":""The handheld graduated dispenser is calibrated for drinking water. A second graduated dispenser on the triage tent is reserved for another material."",""field"":""scene_context"",""supports"":""Two graduated dispensers initially match; context binds the drinking-water-calibrated handheld unit.""},{""evidence_text"":""The work-order return field contains the drinking-water container's asset tag; the assigned graduated dispenser's return point is its calibration rack."",""field"":""scene_context"",""supports"":""Pronoun 'it' initially could be dispenser or container; work-order return binding selects the container.""},{""evidence_text"":""The afternoon plan contains six standard uses. The replenishment table specifies 125 millilitres per use plus a 50-millilitre reserve."",""field"":""scene_context"",""supports"":""Deterministic local rule grounds 'enough for the afternoon round' as 800 millilitres.""},{""evidence_text"":""The drinking-water container's return position is the triage tent."",""field"":""scene_context"",""supports"":""Fixes the return destination once the returned object is the container.""},{""evidence_text"":""Response logistics robot can move rated supplies, scan labels, and operate approved radios and meters outside direct medical treatment."",""field"":""capability_context"",""supports"":""Approved logistics refill and return of rated drinking-water supplies is within capability.""}]","[{""evidence_text"":""Use the graduated dispenser"",""field"":""command"",""supports"":""instrument_reference: scene contains two graduated dispensers, so the phrase initially under-specifies which dispenser to use.""},{""evidence_text"":""The handheld graduated dispenser is calibrated for drinking water. A second graduated dispenser on the triage tent is reserved for another material."",""field"":""scene_context"",""supports"":""instrument_reference resolved to handheld dispenser: the triage-tent dispenser is excluded by its reservation for a different material.""},{""evidence_text"":""then return it"",""field"":""command"",""supports"":""pronoun_reference: 'it' initially admits two grammatically plausible antecedents — the graduated dispenser and the drinking-water container.""},{""evidence_text"":""The work-order return field contains the drinking-water container's asset tag"",""field"":""scene_context"",""supports"":""pronoun_reference resolved to drinking-water container: the work-order designates the container as the object to be returned.""},{""evidence_text"":""with enough for the afternoon round"",""field"":""command"",""supports"":""fuzzy_quantity: 'enough' is vague without a numeric specification.""},{""evidence_text"":""The afternoon plan contains six standard uses. The replenishment table specifies 125 millilitres per use plus a 50-millilitre reserve."",""field"":""scene_context"",""supports"":""fuzzy_quantity silently resolved: 6 × 125 mL + 50 mL = 800 mL, deterministically computed from the replenishment table; within the assigned tool's certified range.""}]",DISAGREE,JSON canonical sort_keys; no semantic normalization,NO
CA-0426,intent,"""Fill the drinking-water container beside the command console with the table-derived afternoon volume using the drinking-water-calibrated graduated dispenser, then return that container to the triage tent.""","""Refill the drinking-water container beside the command console using the correct graduated dispenser and transport the filled container to its designated return location.""",DISAGREE,JSON canonical sort_keys; no semantic normalization,NO
CA-0426,primary_ambiguity_type,"""fuzzy_quantity""","""pronoun_reference""",DISAGREE,JSON canonical sort_keys; no semantic normalization,NO
CA-0426,recommended_strategy,"""silently_resolve""","""multi_step""",DISAGREE,JSON canonical sort_keys; no semantic normalization,NO
CA-0426,resolved_slots,"{""container"":""drinking-water container beside the command console"",""destination"":""triage tent"",""instrument"":""handheld graduated dispenser calibrated for drinking water"",""return_object"":""drinking-water container"",""volume_ml"":800}","{""dispenser_return"":""calibration rack"",""instrument"":""handheld graduated dispenser"",""object"":""drinking-water container beside the command console"",""refill_volume_mL"":800,""return_location"":""triage tent"",""return_object"":""drinking-water container""}",DISAGREE,JSON canonical sort_keys; no semantic normalization,NO
CA-0426,strategy_sequence,"[""silently_resolve"",""execute""]","[""resolve_reference"",""silently_resolve"",""execute""]",DISAGREE,JSON canonical sort_keys; no semantic normalization,NO
CA-0437,canonical_outcome,"{""action_plan"":[],""blocking_constraint"":{""factor"":""capability_constraint"",""reason"":""Active equipment may be relocated only after a verified handover to a redundant unit, and no redundant module is available during the linked lunch-service period.""},""canonical_interpretation"":""The request is to relocate the active service module for WO-612 at the 15:00 lunch service using the allergen check setup, but that move cannot proceed because no redundant module is available for the required verified handover."",""clarification_question"":null,""rejection_explanation"":""I cannot relocate the active service module for the 15:00 lunch service under the allergen check setup, because a verified handover to a redundant unit is required and none is available during that period."",""success_condition"":null,""terminal_kind"":""rejection"",""unresolved_slot"":null}","{""action_plan"":[],""blocking_constraint"":{""factor"":""capability_constraint"",""reason"":""The capability context permits relocation of active equipment only after a verified handover to a redundant unit; the scene confirms no redundant module is available during the 15:00 lunch service period.""},""canonical_interpretation"":""Relocate the active service module supporting the service station during the 15:00 lunch service occurrence, using the allergen check setup per WO-612 — blocked because no redundant module is available for the required verified handover."",""clarification_question"":null,""rejection_explanation"":""I'm unable to relocate the service module at this time. It is actively supporting the current service and no redundant unit is available for a verified handover, which is required before I may move active equipment."",""success_condition"":null,""terminal_kind"":""rejection"",""unresolved_slot"":null}",DISAGREE,JSON canonical sort_keys; no semantic normalization,NO
CA-0437,evidence,"[{""evidence_text"":""during the lunch service using the usual setup"",""field"":""command"",""supports"":""Command initially underspecifies which lunch-service occurrence and which usual-setup procedure apply.""},{""evidence_text"":""The schedule lists the lunch service at 15:00 and 19:00"",""field"":""scene_context"",""supports"":""Two lunch-service occurrences create an initial temporal_reference ambiguity.""},{""evidence_text"":""Two setup cards are current for this equipment class: the allergen check setup and an alternate maintenance setup"",""field"":""scene_context"",""supports"":""Two current setup cards create an initial routine_reference ambiguity for the usual setup.""},{""evidence_text"":""Work order WO-612 links this move to the 15:00 occurrence and maps it to the allergen check setup"",""field"":""scene_context"",""supports"":""WO-612 resolves the lunch-service occurrence and usual-setup routine before capability checking.""},{""evidence_text"":""no redundant module is available during that period"",""field"":""scene_context"",""supports"":""Missing redundant unit blocks the required handover precondition for relocating active equipment.""},{""evidence_text"":""It may relocate active equipment only after a verified handover to a redundant unit."",""field"":""capability_context"",""supports"":""Capability policy forbids relocating active equipment without a verified redundant-unit handover.""}]","[{""evidence_text"":""the lunch service"",""field"":""command"",""supports"":""temporal_reference: phrase initially matches two scheduled occurrences (15:00 and 19:00)""},{""evidence_text"":""Work order WO-612 links this move to the 15:00 occurrence"",""field"":""scene_context"",""supports"":""resolves temporal_reference to the 15:00 occurrence""},{""evidence_text"":""the usual setup"",""field"":""command"",""supports"":""routine_reference: phrase initially matches two current setup cards for this equipment class""},{""evidence_text"":""Two setup cards are current for this equipment class: the allergen check setup and an alternate maintenance setup"",""field"":""scene_context"",""supports"":""confirms two initially matching procedures, grounding the routine_reference ambiguity""},{""evidence_text"":""maps it to the allergen check setup"",""field"":""scene_context"",""supports"":""WO-612 resolves routine_reference to allergen check setup""},{""evidence_text"":""no redundant module is available during that period"",""field"":""scene_context"",""supports"":""capability_constraint: no handover target exists, making relocation of the active module infeasible""},{""evidence_text"":""may relocate active equipment only after a verified handover to a redundant unit"",""field"":""capability_context"",""supports"":""capability_constraint: verified handover to a redundant unit is required before relocating active equipment""}]",DISAGREE,JSON canonical sort_keys; no semantic normalization,NO
CA-0437,intent,"""Relocate the active service module supporting the service station for the 15:00 lunch service under the allergen check setup after a verified handover to a redundant unit.""","""Relocate the active service module supporting the service station during the 15:00 lunch service occurrence, applying the allergen check setup procedure per WO-612.""",DISAGREE,JSON canonical sort_keys; no semantic normalization,NO
CA-0437,resolved_slots,"{""event_occurrence"":""15:00 lunch service"",""object"":""active service module supporting the service station"",""routine"":""allergen check setup"",""work_order"":""WO-612""}","{""lunch_service_occurrence"":""15:00"",""setup_procedure"":""allergen check setup""}",DISAGREE,JSON canonical sort_keys; no semantic normalization,NO
CA-0437,risk_level,"""high""","""medium""",DISAGREE,JSON canonical sort_keys; no semantic normalization,NO
CA-0440,canonical_outcome,"{""action_plan"":[""Identify the analysis trolley beside the sample hatch named by the work order"",""Locate the specimen tray near that analysis trolley"",""Use the authorized handheld inspection camera"",""Perform a complete surface scan with no uninspected patch larger than two square centimetres""],""blocking_constraint"":null,""canonical_interpretation"":""Use the handheld inspection camera to perform a complete surface scan of the specimen tray near the analysis trolley beside the sample hatch, with no uninspected patch larger than two square centimetres, satisfying routine release."",""clarification_question"":null,""rejection_explanation"":null,""success_condition"":""The specimen tray near the sample-hatch analysis trolley has a complete handheld-camera surface scan with no uninspected patch larger than two square centimetres."",""terminal_kind"":""executable_interpretation"",""unresolved_slot"":null}","{""action_plan"":[""Navigate to the analysis trolley beside the sample hatch"",""Retrieve and engage the handheld inspection camera"",""Perform a complete surface scan of the specimen tray ensuring no uninspected patch exceeds two square centimetres"",""Record inspection results for routine release""],""blocking_constraint"":null,""canonical_interpretation"":""Inspect the specimen tray at the analysis trolley beside the sample hatch using the handheld inspection camera, performing a complete surface scan with no uninspected patch larger than two square centimetres to meet the routine release standard."",""clarification_question"":null,""rejection_explanation"":null,""success_condition"":""Complete surface scan of the specimen tray is recorded with no uninspected patch larger than two square centimetres, satisfying the routine release standard"",""terminal_kind"":""executable_interpretation"",""unresolved_slot"":null}",DISAGREE,JSON canonical sort_keys; no semantic normalization,NO
CA-0440,confidence,0.86,0.92,DISAGREE,JSON canonical sort_keys; no semantic normalization,NO
CA-0440,evidence,"[{""evidence_text"":""Inspect the specimen tray near the analysis trolley with the inspection camera carefully enough for routine release."",""field"":""command"",""supports"":""Names the tray relative to an analysis trolley, the inspection camera, and a vague care threshold for routine release.""},{""evidence_text"":""Two locations are labelled analysis trolley."",""field"":""scene_context"",""supports"":""Initially two spatial referents match analysis trolley.""},{""evidence_text"":""The work order names the one beside the sample hatch."",""field"":""scene_context"",""supports"":""Binds the trolley referent to the sample-hatch location.""},{""evidence_text"":""The handheld inspection camera is calibrated for this item class."",""field"":""scene_context"",""supports"":""Selects the handheld camera over the out-of-calibration fixed camera.""},{""evidence_text"":""A fixed inspection camera at the other analysis trolley is outside calibration."",""field"":""scene_context"",""supports"":""Shows a second inspection-camera candidate that must be rejected.""},{""evidence_text"":""Routine release requires a complete surface scan with no uninspected patch larger than two square centimetres."",""field"":""scene_context"",""supports"":""Deterministically grounds carefully enough for routine release.""},{""evidence_text"":""Laboratory service robot can transport sealed vessels, scan samples, and use approved instruments within its containment rating."",""field"":""capability_context"",""supports"":""Confirms scan and approved-instrument use are feasible.""}]","[{""evidence_text"":""near the analysis trolley"",""field"":""command"",""supports"":""spatial_reference: the phrase initially permits either of the two analysis trolleys""},{""evidence_text"":""with the inspection camera"",""field"":""command"",""supports"":""instrument_reference: the phrase initially matches both the handheld and the fixed inspection camera""},{""evidence_text"":""carefully enough for routine release"",""field"":""command"",""supports"":""degree_vagueness: the quality threshold is vague without deterministic grounding""},{""evidence_text"":""Two locations are labelled analysis trolley"",""field"":""scene_context"",""supports"":""spatial_reference: confirms two candidate referents for the analysis trolley""},{""evidence_text"":""The work order names the one beside the sample hatch"",""field"":""scene_context"",""supports"":""Resolves spatial_reference to the trolley beside the sample hatch""},{""evidence_text"":""The handheld inspection camera is calibrated for this item class"",""field"":""scene_context"",""supports"":""Resolves instrument_reference: calibration selects the handheld camera""},{""evidence_text"":""A fixed inspection camera at the other analysis trolley is outside calibration"",""field"":""scene_context"",""supports"":""instrument_reference: confirms two candidate instruments and eliminates the fixed camera""},{""evidence_text"":""Routine release requires a complete surface scan with no uninspected patch larger than two square centimetres"",""field"":""scene_context"",""supports"":""Resolves degree_vagueness: deterministic threshold grounds carefully enough for routine release""}]",DISAGREE,JSON canonical sort_keys; no semantic normalization,NO
CA-0440,intent,"""Inspect the specimen tray near the analysis trolley beside the sample hatch using the handheld inspection camera at the routine-release completeness threshold.""","""Inspect the specimen tray at the work-order-designated analysis trolley using the handheld inspection camera to the standard required for routine release""",DISAGREE,JSON canonical sort_keys; no semantic normalization,NO
CA-0440,resolved_slots,"{""inspection_threshold"":""complete surface scan with no uninspected patch larger than two square centimetres"",""instrument"":""handheld inspection camera"",""location"":""analysis trolley beside the sample hatch"",""object"":""specimen tray near the analysis trolley beside the sample hatch""}","{""action"":""inspect"",""instrument"":""handheld inspection camera"",""location"":""analysis trolley beside the sample hatch"",""object"":""specimen tray"",""quality_standard"":""complete surface scan with no uninspected patch larger than two square centimetres""}",DISAGREE,JSON canonical sort_keys; no semantic normalization,NO
CA-0440,risk_level,"""medium""","""low""",DISAGREE,JSON canonical sort_keys; no semantic normalization,NO
CA-0453,ambiguity_types,"[""spatial_reference"",""degree_vagueness""]","[""destination_reference"",""degree_vagueness""]",DISAGREE,JSON canonical sort_keys; no semantic normalization,YES
CA-0453,canonical_outcome,"{""action_plan"":[""Locate the laser level showing the low battery warning by the assigned service-labelled door beside the vice station."",""Connect it to the compatible charger installed at that door and reserved for this job."",""Charge the laser level to 80 percent per the device handbook routine service level.""],""blocking_constraint"":null,""canonical_interpretation"":""Use the reserved compatible charger at the shift-assigned service-labelled door beside the vice station to recharge the low-battery laser level to the handbook routine service level of 80 percent."",""clarification_question"":null,""rejection_explanation"":null,""success_condition"":""The laser level is recharged to 80 percent on the reserved charger at the assigned service-labelled door beside the vice station."",""terminal_kind"":""executable_interpretation"",""unresolved_slot"":null}","{""action_plan"":[""Pick up the laser level from the assembly bench"",""Transport the laser level to the charger at the service door beside the vice station"",""Connect the laser level to the compatible charger reserved for this job"",""Charge the laser level until it reaches 80% (routine service level per device handbook)"",""Disconnect the laser level once 80% charge is confirmed""],""blocking_constraint"":null,""canonical_interpretation"":""Carry the laser level to the charger at the service door beside the vice station and charge it to 80%, the routine service level defined by the device handbook"",""clarification_question"":null,""rejection_explanation"":null,""success_condition"":""Laser level charge is at 80% as defined by the device handbook routine service level"",""terminal_kind"":""executable_interpretation"",""unresolved_slot"":null}",DISAGREE,JSON canonical sort_keys; no semantic normalization,YES
CA-0453,evidence,"[{""evidence_text"":""Recharge the laser level by the service door to a sensible level."",""field"":""command"",""supports"":""Names the recharge task, the spatial phrase service door, and the vague target sensible level.""},{""evidence_text"":""The active shift map assigns the service-labelled door beside the vice station."",""field"":""scene_context"",""supports"":""Binds the service-door spatial reference to the assigned non-emergency door.""},{""evidence_text"":""The other service-labelled door is emergency-only."",""field"":""scene_context"",""supports"":""Shows a second initially matching service-labelled door that context excludes.""},{""evidence_text"":""The device handbook defines the routine service level as 80 percent charge."",""field"":""scene_context"",""supports"":""Deterministically grounds sensible level to 80 percent for silent resolution.""},{""evidence_text"":""A compatible charger is installed at the assigned service-labelled door and is reserved for this job."",""field"":""scene_context"",""supports"":""Confirms a feasible reserved charger at the resolved door.""}]","[{""evidence_text"":""by the service door"",""field"":""command"",""supports"":""destination_reference ambiguity: 'the service door' initially matches two service-labelled doors in the workshop""},{""evidence_text"":""The active shift map assigns the service-labelled door beside the vice station"",""field"":""scene_context"",""supports"":""Resolves destination_reference to the vice-station service door""},{""evidence_text"":""The other service-labelled door is emergency-only"",""field"":""scene_context"",""supports"":""Confirms destination_reference resolution; emergency door is not the active assignment for this job""},{""evidence_text"":""to a sensible level"",""field"":""command"",""supports"":""degree_vagueness: 'sensible level' is a vague operating threshold without further specification""},{""evidence_text"":""The device handbook defines the routine service level as 80 percent charge"",""field"":""scene_context"",""supports"":""Deterministic grounding of 'sensible level' to 80% via handbook definition, enabling silent resolution""},{""evidence_text"":""A compatible charger is installed at the assigned service-labelled door and is reserved for this job"",""field"":""scene_context"",""supports"":""Confirms execution feasibility: charger is available, compatible, and authorized for this task""}]",DISAGREE,JSON canonical sort_keys; no semantic normalization,YES
CA-0453,intent,"""Recharge the laser level at the assigned service-labelled door charger to the routine 80 percent service charge.""","""Carry the laser level to the charger at the service door and charge it to the routine service level""",DISAGREE,JSON canonical sort_keys; no semantic normalization,YES
CA-0453,primary_ambiguity_type,"""degree_vagueness""","""destination_reference""",DISAGREE,JSON canonical sort_keys; no semantic normalization,YES
CA-0453,recommended_strategy,"""silently_resolve""","""multi_step""",DISAGREE,JSON canonical sort_keys; no semantic normalization,YES
CA-0453,resolved_slots,"{""charge_level"":""80 percent"",""charger"":""compatible charger at the assigned service-labelled door"",""object"":""laser level with low battery warning"",""spatial_landmark"":""service-labelled door beside the vice station""}","{""charge_target_percent"":80,""destination"":""service door beside the vice station""}",DISAGREE,JSON canonical sort_keys; no semantic normalization,YES
CA-0453,strategy_sequence,"[""silently_resolve"",""execute""]","[""resolve_reference"",""silently_resolve"",""execute""]",DISAGREE,JSON canonical sort_keys; no semantic normalization,YES
CA-0460,canonical_outcome,"{""action_plan"":[""Identify the second shipping case as the active target item"",""Inspect the shipping case as done for the first case"",""Clean the carton"",""Log the inspection"",""Apply the approval mark with the assigned approval-mark applicator"",""Confirm the return-zone status light is green so the release check is complete""],""blocking_constraint"":null,""canonical_interpretation"":""Recover the prior inspect-and-clean treatment for this second shipping case, seal it with the work-order-assigned approval-mark applicator, and treat the release check as complete once inspection is logged, the approval mark is applied, and the return-zone status light is green."",""clarification_question"":null,""rejection_explanation"":null,""success_condition"":""The second shipping case has been inspected and cleaned, sealed with the approval-mark applicator, and the release check is complete with inspection logged, approval mark applied, and return-zone status light green."",""terminal_kind"":""executable_interpretation"",""unresolved_slot"":null}","{""action_plan"":[""Inspect the second shipping case and log the inspection."",""Clean the carton of the second shipping case."",""Retrieve the approval-mark applicator (the work-order-assigned batch-seal tool beside the item)."",""Apply the approval mark to the shipping case using the approval-mark applicator."",""Monitor the status light at the return zone until it turns green, confirming the release check is complete.""],""blocking_constraint"":null,""canonical_interpretation"":""Inspect and clean the carton of the second shipping case (matching the treatment applied to the first), then apply the approval mark using the work-order-assigned approval-mark applicator, and hold until inspection is logged, the approval mark is applied, and the status light at the return zone turns green."",""clarification_question"":null,""rejection_explanation"":null,""success_condition"":""Inspection is logged, the approval mark is applied to the second shipping case, and the status light at the return zone turns green."",""terminal_kind"":""executable_interpretation"",""unresolved_slot"":null}",DISAGREE,JSON canonical sort_keys; no semantic normalization,NO
CA-0460,confidence,0.86,0.88,DISAGREE,JSON canonical sort_keys; no semantic normalization,NO
CA-0460,evidence,"[{""evidence_text"":""Give this shipping case the same treatment, then seal it with the batch-seal tool until the release check is complete."",""field"":""command"",""supports"":""Surface request leaves treatment, batch-seal instrument, and release-check endpoint underspecified.""},{""evidence_text"":""I inspected the first shipping case and cleaned the carton."",""field"":""dialogue_history"",""supports"":""Supplies the omitted treatment operations recovered as discourse ellipsis.""},{""evidence_text"":""This item is the second shipping case in that inspection batch."",""field"":""dialogue_history"",""supports"":""Binds this shipping case to the second case in the inspection batch.""},{""evidence_text"":""Two devices are listed locally as batch-seal tools: a tamper-strip applicator and an approval-mark applicator."",""field"":""scene_context"",""supports"":""Initial instrument_reference ambiguity between two batch-seal tools.""},{""evidence_text"":""The work-order instrument field assigns the approval-mark applicator beside the item; the tamper-strip applicator belongs to a different closure job."",""field"":""scene_context"",""supports"":""Resolves the batch-seal tool to the assigned approval-mark applicator.""},{""evidence_text"":""The release check is complete when inspection is logged, the approval mark is applied, and the status light at the return zone turns green."",""field"":""scene_context"",""supports"":""Deterministic local grounding for the vague release-check endpoint.""},{""evidence_text"":""The active work order authorizes this robot to apply the approval mark with the assigned approval-mark applicator after inspection."",""field"":""scene_context"",""supports"":""Authorization and post-inspection seal action are explicitly permitted.""}]","[{""evidence_text"":""the same treatment"",""field"":""command"",""supports"":""discourse_ellipsis: the specific operations are omitted from the command and must be recovered from dialogue history""},{""evidence_text"":""I inspected the first shipping case and cleaned the carton."",""field"":""dialogue_history"",""supports"":""discourse_ellipsis resolution: 'the same treatment' maps to inspect + clean the carton, as performed on the first shipping case""},{""evidence_text"":""the batch-seal tool"",""field"":""command"",""supports"":""instrument_reference: the definite description initially matches two locally listed devices""},{""evidence_text"":""Two devices are listed locally as batch-seal tools: a tamper-strip applicator and an approval-mark applicator. The work-order instrument field assigns the approval-mark applicator beside the item; the tamper-strip applicator belongs to a different closure job."",""field"":""scene_context"",""supports"":""instrument_reference resolution: work-order assignment uniquely binds 'the batch-seal tool' to the approval-mark applicator""},{""evidence_text"":""until the release check is complete"",""field"":""command"",""supports"":""endpoint_vagueness: the stopping condition is named but its constituent criteria are unspecified in the command""},{""evidence_text"":""The release check is complete when inspection is logged, the approval mark is applied, and the status light at the return zone turns green."",""field"":""scene_context"",""supports"":""endpoint_vagueness silent resolution: the scene context provides a deterministic three-part completion condition""},{""evidence_text"":""The active work order authorizes this robot to apply the approval mark with the assigned approval-mark applicator after inspection."",""field"":""scene_context"",""supports"":""confirms authorization and capability for the resolved execution path""}]",DISAGREE,JSON canonical sort_keys; no semantic normalization,NO
CA-0460,intent,"""Apply the same inspect-and-clean treatment to the second shipping case, then seal it with the assigned approval-mark applicator until the release-check completion criteria are met.""","""Apply the same treatment as the first shipping case (inspect and clean the carton) to the second shipping case, then apply the approval mark using the assigned approval-mark applicator and hold until the release check is confirmed complete.""",DISAGREE,JSON canonical sort_keys; no semantic normalization,NO
CA-0460,resolved_slots,"{""action_order"":""treatment then seal"",""instrument"":""approval-mark applicator"",""seal_endpoint"":""release check complete when inspection logged, approval mark applied, and return-zone status light green"",""target_item"":""second shipping case"",""treatment"":""inspect and clean carton""}","{""release_check_complete_condition"":""inspection logged, approval mark applied, and status light at the return zone turns green"",""same_treatment_operations"":""inspect the shipping case and clean the carton"",""seal_instrument"":""approval-mark applicator"",""subject"":""second shipping case""}",DISAGREE,JSON canonical sort_keys; no semantic normalization,NO
CA-0460,risk_factors,"[""authorization_constraint""]",[],DISAGREE,JSON canonical sort_keys; no semantic normalization,NO
CA-0469,canonical_outcome,"{""action_plan"":[""Identify the white brochure rack with the active MOVE tag"",""Carry the rack to the main entrance"",""Complete the move within three minutes""],""blocking_constraint"":null,""canonical_interpretation"":""Move the white brochure rack (active MOVE tag) to the main entrance within three minutes."",""clarification_question"":null,""rejection_explanation"":null,""success_condition"":""The white brochure rack is at the main entrance within three minutes of the request."",""terminal_kind"":""executable_interpretation"",""unresolved_slot"":null}","{""action_plan"":[""Scan both visible brochure racks to confirm the active MOVE tag is on the white rack."",""Navigate to the white brochure rack in the airport service area."",""Grip and carry the white brochure rack."",""Navigate through the concourse to the main entrance as specified by the active tag."",""Place the white brochure rack at the main entrance within three minutes of command issuance.""],""blocking_constraint"":null,""canonical_interpretation"":""Move the white brochure rack (the one bearing the active MOVE tag) to the main entrance, completing the move within three minutes."",""clarification_question"":null,""rejection_explanation"":null,""success_condition"":""The white brochure rack has been placed at the main entrance within three minutes."",""terminal_kind"":""executable_interpretation"",""unresolved_slot"":null}",DISAGREE,JSON canonical sort_keys; no semantic normalization,NO
CA-0469,capability_status,"""conditionally_capable""","""capable""",DISAGREE,JSON canonical sort_keys; no semantic normalization,NO
CA-0469,confidence,0.88,0.92,DISAGREE,JSON canonical sort_keys; no semantic normalization,NO
CA-0469,evidence,"[{""evidence_text"":""Move the selected brochure rack to its assigned destination shortly."",""field"":""command"",""supports"":""Names the selected rack and vague timing 'shortly' that must be grounded.""},{""evidence_text"":""The white one has an active MOVE tag and the red one has a completed tag."",""field"":""scene_context"",""supports"":""Resolves object_reference among two visible racks via active-versus-completed selection.""},{""evidence_text"":""The active tag assigns the main entrance as its destination."",""field"":""scene_context"",""supports"":""Binds the destination slot once the active-tagged rack is selected.""},{""evidence_text"":""For ordinary low-risk moves, the local handbook defines 'shortly' as within three minutes."",""field"":""scene_context"",""supports"":""Supplies the deterministic local rule for silently resolving fuzzy_temporal.""},{""evidence_text"":""Public-service robot can navigate crowds, carry light objects, scan tags, and deploy approved signs and barriers."",""field"":""capability_context"",""supports"":""Confirms the move is within robot capability after grounding.""}]","[{""evidence_text"":""the selected brochure rack"",""field"":""command"",""supports"":""object_reference: two racks are visible in the scene, so 'the selected brochure rack' initially admits either as a candidate""},{""evidence_text"":""The white one has an active MOVE tag and the red one has a completed tag"",""field"":""scene_context"",""supports"":""object_reference resolved to white rack: only the active MOVE tag designates the operationally selected item""},{""evidence_text"":""The active tag assigns the main entrance as its destination"",""field"":""scene_context"",""supports"":""destination slot resolved to main entrance via the active tag on the white rack""},{""evidence_text"":""shortly"",""field"":""command"",""supports"":""fuzzy_temporal: 'shortly' is vague and admits multiple durations before deterministic grounding""},{""evidence_text"":""local handbook defines 'shortly' as within three minutes"",""field"":""scene_context"",""supports"":""fuzzy_temporal silently resolved to 'within three minutes' by the deterministic local rule for ordinary low-risk moves""}]",DISAGREE,JSON canonical sort_keys; no semantic normalization,NO
CA-0469,intent,"""Move the white brochure rack with the active MOVE tag to the main entrance within three minutes.""","""Move the white brochure rack (active MOVE tag) to the main entrance within three minutes.""",DISAGREE,JSON canonical sort_keys; no semantic normalization,NO
CA-0469,primary_ambiguity_type,"""fuzzy_temporal""","""object_reference""",DISAGREE,JSON canonical sort_keys; no semantic normalization,NO
CA-0469,recommended_strategy,"""silently_resolve""","""multi_step""",DISAGREE,JSON canonical sort_keys; no semantic normalization,NO
CA-0469,resolved_slots,"{""destination"":""main entrance"",""object"":""white brochure rack with active MOVE tag"",""timing"":""within three minutes""}","{""destination"":""main entrance"",""rack"":""white brochure rack (active MOVE tag)"",""timing"":""within three minutes""}",DISAGREE,JSON canonical sort_keys; no semantic normalization,NO
CA-0469,strategy_sequence,"[""silently_resolve"",""execute""]","[""resolve_reference"",""silently_resolve"",""execute""]",DISAGREE,JSON canonical sort_keys; no semantic normalization,NO
CA-0470,ambiguity_types,"[""discourse_ellipsis"",""object_reference"",""routine_reference"",""fuzzy_quantity""]","[""discourse_ellipsis"",""object_reference"",""routine_reference""]",DISAGREE,JSON canonical sort_keys; no semantic normalization,YES
CA-0470,canonical_outcome,"{""action_plan"":[""Identify the white parts bin beside the dispatch board with the yellow PENDING tag for WO-572"",""Apply the night receiving setup mapped to WO-572"",""Stock 26 standard packs (three packs per use for eight uses plus the two-pack reserve)"",""Leave the COMPLETE green bin and the unrelated roller-door bin untouched""],""blocking_constraint"":null,""canonical_interpretation"":""Recover the prior stocking task (not the separate shipping-case placement), select the white PENDING marked parts bin for WO-572, apply night receiving as the usual setup for that work order, compute 26 packs from the shift/stock table, and stock that bin."",""clarification_question"":null,""rejection_explanation"":null,""success_condition"":""The white PENDING parts bin for WO-572 is stocked with 26 standard packs under the night receiving setup."",""terminal_kind"":""executable_interpretation"",""unresolved_slot"":null}","{""action_plan"":[""Navigate to the white PENDING parts bin beside the dispatch board."",""Scan the yellow PENDING tag to confirm the bin as WO-572."",""Load the bin with 26 standard packs (8 shift uses × 3 packs per use + 2-pack reserve per stock table)."",""Execute the night receiving procedure for WO-572 as specified in the setup table."",""Confirm replenishment is complete and mark WO-572 as fulfilled.""],""blocking_constraint"":null,""canonical_interpretation"":""Stock the white PENDING bin (WO-572) beside the dispatch board with 26 standard packs (8 shift uses × 3 packs + 2-pack reserve) and process it via the night receiving procedure as assigned by the setup table for WO-572."",""clarification_question"":null,""rejection_explanation"":null,""success_condition"":""White PENDING bin (WO-572) is stocked with 26 standard packs and the night receiving procedure is complete; WO-572 replenishment closed."",""terminal_kind"":""executable_interpretation"",""unresolved_slot"":null}",DISAGREE,JSON canonical sort_keys; no semantic normalization,YES
CA-0470,capability_status,"""conditionally_capable""","""capable""",DISAGREE,JSON canonical sort_keys; no semantic normalization,YES
CA-0470,compound_ambiguity_count,4,3,DISAGREE,JSON canonical sort_keys; no semantic normalization,YES
CA-0470,confidence,0.82,0.87,DISAGREE,JSON canonical sort_keys; no semantic normalization,YES
CA-0470,evidence,"[{""evidence_text"":""Do the same with the marked parts bin using the usual setup."",""field"":""command"",""supports"":""Elliptical directive omits the operation and leaves marked-bin and usual-setup slots underspecified.""},{""evidence_text"":""I stocked the first parts bin with enough for one shift and placed the shipping case after a separate request."",""field"":""dialogue_history"",""supports"":""Supplies the elided stocking action and one-shift quantity target while excluding the separate shipping-case task.""},{""evidence_text"":""The next item is another parts bin in the same replenishment batch."",""field"":""dialogue_history"",""supports"":""Binds 'do the same' to replenishing the next parts bin in the open batch.""},{""evidence_text"":""Two parts bins carry work-order marks: the green one near the return zone has a blue COMPLETE tag, while the white one beside the dispatch board has a yellow PENDING tag."",""field"":""scene_context"",""supports"":""Initially two marked-bin candidates; COMPLETE versus PENDING selects the unfinished white bin.""},{""evidence_text"":""The PENDING replenishment tag belongs to Work order WO-572. The setup table states that the carrier pickup applies to a different work-order prefix, while Work order WO-572 maps to the night receiving."",""field"":""scene_context"",""supports"":""Resolves usual setup to night receiving for WO-572 rather than carrier pickup.""},{""evidence_text"":""The shift plan contains eight standard uses. The stock table assigns three standard packs per use and a two-pack reserve."",""field"":""scene_context"",""supports"":""Deterministically grounds one-shift quantity as 26 packs for silent resolution.""},{""evidence_text"":""Warehouse transport robot can scan, weigh, and move approved loads with a powered base and rated handling attachments."",""field"":""capability_context"",""supports"":""Resolved stocking and transport actions are within robot capability.""}]","[{""evidence_text"":""Do the same with the marked parts bin using the usual setup."",""field"":""command"",""supports"":""Establishes directive: replicate a prior stocking operation on the marked bin using a named standard procedure.""},{""evidence_text"":""I stocked the first parts bin with enough for one shift"",""field"":""dialogue_history"",""supports"":""Resolves discourse_ellipsis: 'the same' recovers to stocking a bin with enough for one shift.""},{""evidence_text"":""The next item is another parts bin in the same replenishment batch."",""field"":""dialogue_history"",""supports"":""Resolves object_reference: the target is the active replenishment bin, matching the PENDING (unfinished) bin, not the COMPLETE (closed) bin.""},{""evidence_text"":""the white one beside the dispatch board has a yellow PENDING tag"",""field"":""scene_context"",""supports"":""Identifies the resolved target as the white PENDING bin beside the dispatch board (WO-572), distinguishing it from the green COMPLETE bin and the unrelated roller-door bin.""},{""evidence_text"":""Work order WO-572 maps to the night receiving"",""field"":""scene_context"",""supports"":""Resolves routine_reference: 'usual setup' for WO-572 is night receiving; carrier pickup applies to a different work-order prefix and is excluded.""},{""evidence_text"":""The stock table assigns three standard packs per use and a two-pack reserve"",""field"":""scene_context"",""supports"":""Together with eight standard uses in the shift plan, deterministically yields 26 packs for one shift (8 × 3 + 2), grounding the quantity inherited from 'the same' operation.""}]",DISAGREE,JSON canonical sort_keys; no semantic normalization,YES
CA-0470,intent,"""Stock the PENDING white marked parts bin (WO-572) with one-shift pack quantity using the night-receiving setup.""","""Stock the marked PENDING parts bin (WO-572) with one shift's worth of standard packs by replicating the prior stocking operation using the night receiving setup.""",DISAGREE,JSON canonical sort_keys; no semantic normalization,YES
CA-0470,resolved_slots,"{""action"":""stock_parts_bin"",""excluded_action"":""shipping case placement"",""quantity_packs"":26,""setup"":""night receiving"",""target_bin"":""white parts bin beside dispatch board (PENDING, WO-572)""}","{""prior_operation"":""stock with enough for one shift"",""quantity_packs"":26,""setup_procedure"":""night receiving"",""target_bin"":""white PENDING bin beside the dispatch board (WO-572)""}",DISAGREE,JSON canonical sort_keys; no semantic normalization,YES
CA-0470,strategy_sequence,"[""resolve_discourse"",""silently_resolve"",""execute""]","[""resolve_discourse"",""resolve_reference"",""execute""]",DISAGREE,JSON canonical sort_keys; no semantic normalization,YES
CA-0512,ambiguity_types,"[""pragmatic"",""object_reference"",""temporal_reference""]","[""pragmatic"",""temporal_reference"",""object_reference""]",DISAGREE,JSON canonical sort_keys; no semantic normalization,NO
CA-0512,canonical_outcome,"{""action_plan"":[],""blocking_constraint"":null,""canonical_interpretation"":""Treat the capability-form utterance as a delivery request after the 09:00 safety briefing, then ask which of the two selected pending blasting-key cases to deliver to its already-paired recipient."",""clarification_question"":""Which selected blasting-key case should I deliver after the 09:00 safety briefing: the one for the site manager, or the one for the safety officer?"",""rejection_explanation"":null,""success_condition"":null,""terminal_kind"":""clarification"",""unresolved_slot"":{""candidate_values"":[""blasting-key case for site manager"",""blasting-key case for safety officer""],""reason_unresolved"":""Two selected pending blasting-key cases match the command, and no assignment code or recipient name selects one."",""slot_name"":""selected_blasting_key_case""}}","{""action_plan"":[],""blocking_constraint"":null,""canonical_interpretation"":""Deliver one of the two selected blasting-key cases after the 09:00 safety briefing; which specific case (site manager's or safety officer's) remains unresolved."",""clarification_question"":""Which blasting-key case should I deliver — the one assigned to the site manager or the one assigned to the safety officer?"",""rejection_explanation"":null,""success_condition"":null,""terminal_kind"":""clarification"",""unresolved_slot"":{""candidate_values"":[""blasting-key case for site manager"",""blasting-key case for safety officer""],""reason_unresolved"":""The command's singular definite phrase 'the selected blasting-key case' matches two pre-authorized pending cases; the command provides no assignment code or recipient name to distinguish between them."",""slot_name"":""target_case""}}",DISAGREE,JSON canonical sort_keys; no semantic normalization,NO
CA-0512,confidence,0.86,0.88,DISAGREE,JSON canonical sort_keys; no semantic normalization,NO
CA-0512,evidence,"[{""evidence_text"":""Can the selected blasting-key case be delivered after a scheduled safety briefing?"",""field"":""command"",""supports"":""Surface form is a capability question about delivering one selected blasting-key case after a briefing.""},{""evidence_text"":""treat that as a request to perform the delivery, not a capability question"",""field"":""dialogue_history"",""supports"":""Resolves pragmatic force from a capability question to an actionable delivery request.""},{""evidence_text"":""Two blasting-key cases are selected and pending, one for site manager and one for safety officer"",""field"":""scene_context"",""supports"":""Leaves object_reference unresolved between two matching selected cases.""},{""evidence_text"":""The safety briefing is scheduled at 09:00 and again at 13:00"",""field"":""scene_context"",""supports"":""Creates temporal_reference between two briefing occurrences.""},{""evidence_text"":""The active delivery batch links both pending selected items to the 09:00 occurrence"",""field"":""scene_context"",""supports"":""Resolves temporal_reference to the 09:00 briefing for both pending items.""},{""evidence_text"":""The command provides no assignment code or recipient name"",""field"":""scene_context"",""supports"":""No further cue selects between the two selected cases.""},{""evidence_text"":""Construction support robot can transport rated loads on level ground"",""field"":""capability_context"",""supports"":""Delivery transport is within capability once the case is chosen.""}]","[{""evidence_text"":""Can the selected blasting-key case be delivered after a scheduled safety briefing?"",""field"":""command"",""supports"":""Polar question form ('Can...be delivered?') initially presents as a capability inquiry rather than a delivery directive, establishing the pragmatic ambiguity resolved by dialogue history.""},{""evidence_text"":""Yes—treat that as a request to perform the delivery, not a capability question."",""field"":""dialogue_history"",""supports"":""Resolves pragmatic ambiguity: the command carries directive force (perform the delivery) despite its capability-question surface form.""},{""evidence_text"":""the selected blasting-key case"",""field"":""command"",""supports"":""Singular definite reference that initially matches two selected pending cases, establishing the object_reference ambiguity.""},{""evidence_text"":""Two blasting-key cases are selected and pending, one for site manager and one for safety officer."",""field"":""scene_context"",""supports"":""Confirms two candidates for 'the selected blasting-key case'; each is pre-authorized but no identifier in the command selects between them, leaving object_reference unresolved.""},{""evidence_text"":""The safety briefing is scheduled at 09:00 and again at 13:00."",""field"":""scene_context"",""supports"":""Establishes temporal_reference ambiguity: 'a scheduled safety briefing' initially maps to two distinct occurrences.""},{""evidence_text"":""The active delivery batch links both pending selected items to the 09:00 occurrence."",""field"":""scene_context"",""supports"":""Resolves temporal_reference: the intended briefing occurrence is 09:00, not 13:00.""}]",DISAGREE,JSON canonical sort_keys; no semantic normalization,NO
CA-0512,intent,"""Deliver one selected blasting-key case to its paired recipient after the linked scheduled safety briefing.""","""Deliver a selected blasting-key case after the 09:00 safety briefing""",DISAGREE,JSON canonical sort_keys; no semantic normalization,NO
CA-0512,resolved_slots,"{""action"":""deliver"",""briefing_occurrence"":""09:00"",""item_type"":""blasting-key case"",""timing"":""after 09:00 safety briefing""}","{""communicative_force"":""delivery_request"",""delivery_briefing_occurrence"":""09:00 safety briefing""}",DISAGREE,JSON canonical sort_keys; no semantic normalization,NO
CA-0512,risk_factors,"[""hazard_constraint""]","[""authorization_constraint""]",DISAGREE,JSON canonical sort_keys; no semantic normalization,NO
CA-0512,risk_level,"""high""","""medium""",DISAGREE,JSON canonical sort_keys; no semantic normalization,NO
CA-0512,strategy_sequence,"[""reinterpret_indirect_request"",""clarify""]","[""reinterpret_indirect_request"",""resolve_reference"",""clarify""]",DISAGREE,JSON canonical sort_keys; no semantic normalization,NO
CA-0533,canonical_outcome,"{""action_plan"":[""Wait for the next two-minute idle window"",""Complete the check on the table-order terminal"",""Configure the table-order terminal screen brightness to 70 percent"",""Inspect the table-order terminal""],""blocking_constraint"":null,""canonical_interpretation"":""In the next two-minute idle window, follow WO-216 on the table-order terminal: complete the check, then configure screen brightness to 70 percent, then inspect."",""clarification_question"":null,""rejection_explanation"":null,""success_condition"":""After the next two-minute idle window, the table-order terminal has been checked, set to 70 percent screen brightness, and inspected in that order."",""terminal_kind"":""executable_interpretation"",""unresolved_slot"":null}","{""action_plan"":[""Wait for the next two-minute idle window (after the current task ends at 09:00)."",""Perform the check step on the table-order terminal as required by WO-216."",""Configure the table-order terminal to 70 percent screen brightness per the work-order configuration table."",""Inspect the table-order terminal.""],""blocking_constraint"":null,""canonical_interpretation"":""Starting at the next two-minute idle window after 09:00, perform the check on the table-order terminal, then configure it to 70% screen brightness, then inspect it, following Procedure WO-216."",""clarification_question"":null,""rejection_explanation"":null,""success_condition"":""The table-order terminal has been checked, configured to 70 percent screen brightness, and inspected in accordance with Procedure WO-216, all completed within the designated two-minute idle window."",""terminal_kind"":""executable_interpretation"",""unresolved_slot"":null}",DISAGREE,JSON canonical sort_keys; no semantic normalization,NO
CA-0533,confidence,0.86,0.85,DISAGREE,JSON canonical sort_keys; no semantic normalization,NO
CA-0533,evidence,"[{""evidence_text"":""In a moment, complete both the configuration and inspection of the table-order terminal after the check, setting it to its routine level."",""field"":""command"",""supports"":""Surface request leaves start timing, config-vs-inspection order after the check, and routine level underspecified.""},{""evidence_text"":""For low-risk configuration work, 'in a moment' is defined as the next two-minute idle window."",""field"":""scene_context"",""supports"":""Deterministic local rule grounds the fuzzy delay for silent resolution.""},{""evidence_text"":""Procedure WO-216 requires the check, then configuration, then inspection."",""field"":""scene_context"",""supports"":""Named procedure fixes the initially unordered configuration-and-inspection sequence after the check.""},{""evidence_text"":""The work-order configuration table assigns 70 percent screen brightness to this asset."",""field"":""scene_context"",""supports"":""Work-order table grounds the vague routine operating level to 70 percent brightness.""}]","[{""evidence_text"":""complete both the configuration and inspection of the table-order terminal after the check"",""field"":""command"",""supports"":""action_order: the command specifies both configuration and inspection without fixing their relative order; WO-216 resolves it as configuration before inspection""},{""evidence_text"":""In a moment"",""field"":""command"",""supports"":""fuzzy_temporal: timing is vague; scene_context deterministic rule resolves it to the next two-minute idle window""},{""evidence_text"":""setting it to its routine level"",""field"":""command"",""supports"":""degree_vagueness: operating level is unspecified; scene_context resolves it to 70 percent screen brightness""},{""evidence_text"":""Procedure WO-216 requires the check, then configuration, then inspection"",""field"":""scene_context"",""supports"":""resolves action_order: configuration must precede inspection""},{""evidence_text"":""For low-risk configuration work, 'in a moment' is defined as the next two-minute idle window"",""field"":""scene_context"",""supports"":""resolves fuzzy_temporal: task begins at the next two-minute idle window""},{""evidence_text"":""The work-order configuration table assigns 70 percent screen brightness to this asset"",""field"":""scene_context"",""supports"":""resolves degree_vagueness: routine level equals 70 percent screen brightness""}]",DISAGREE,JSON canonical sort_keys; no semantic normalization,NO
CA-0533,intent,"""After the check, configure the table-order terminal to its routine screen-brightness setpoint and inspect it, beginning in the next two-minute idle window per WO-216.""","""Complete the configuration and inspection of the table-order terminal according to Procedure WO-216 (check first, then configuration, then inspection), applying 70% screen brightness, starting at the next two-minute idle window.""",DISAGREE,JSON canonical sort_keys; no semantic normalization,NO
CA-0533,primary_ambiguity_type,"""fuzzy_temporal""","""action_order""",DISAGREE,JSON canonical sort_keys; no semantic normalization,NO
CA-0533,recommended_strategy,"""silently_resolve""","""multi_step""",DISAGREE,JSON canonical sort_keys; no semantic normalization,NO
CA-0533,resolved_slots,"{""action_order"":""check, then configuration, then inspection"",""asset"":""table-order terminal"",""configuration_level"":""70 percent screen brightness"",""procedure"":""WO-216"",""start_window"":""next two-minute idle window""}","{""configuration_setting"":""70 percent screen brightness"",""task_order"":""check then configuration then inspection"",""timing"":""next two-minute idle window after 09:00""}",DISAGREE,JSON canonical sort_keys; no semantic normalization,NO
CA-0533,strategy_sequence,"[""silently_resolve"",""execute""]","[""resolve_context"",""silently_resolve"",""execute""]",DISAGREE,JSON canonical sort_keys; no semantic normalization,NO
CA-0552,ambiguity_types,"[""discourse_ellipsis"",""destination_reference"",""routine_reference""]","[""discourse_ellipsis"",""routine_reference"",""destination_reference""]",DISAGREE,JSON canonical sort_keys; no semantic normalization,NO
CA-0552,canonical_outcome,"{""action_plan"":[],""blocking_constraint"":null,""canonical_interpretation"":""Recover inspect for the second archive box and bind the usual setup to the closing sweep for WO-634, then ask which of the two authorized archive cages should receive the box."",""clarification_question"":""Should I place the second archive box in the archive cage at the catalogue terminal or the one at the display corner?"",""rejection_explanation"":null,""success_condition"":null,""terminal_kind"":""clarification"",""unresolved_slot"":{""candidate_values"":[""archive cage at the catalogue terminal"",""archive cage at the display corner""],""reason_unresolved"":""Two authorized empty archive cages match, and WO-634 names neither unit while secure placement requires the unit identifier."",""slot_name"":""destination""}}","{""action_plan"":[],""blocking_constraint"":null,""canonical_interpretation"":""Inspect the second archive box (recovering 'the same' from dialogue history) and then place it in the correct archive cage following the closing sweep procedure (WO-634 binding); the target cage cannot be determined because WO-634 names neither of the two authorized cages."",""clarification_question"":""Which archive cage should I place the second archive box in—the one at the catalogue terminal or the one at the display corner?"",""rejection_explanation"":null,""success_condition"":null,""terminal_kind"":""clarification"",""unresolved_slot"":{""candidate_values"":[""archive cage at the catalogue terminal"",""archive cage at the display corner""],""reason_unresolved"":""Work order WO-634 names neither authorized cage; scene states 'The work order names neither unit. Secure placement requires the unit identifier.' and no other contextual evidence distinguishes the two empty cages."",""slot_name"":""destination_cage""}}",DISAGREE,JSON canonical sort_keys; no semantic normalization,NO
CA-0552,confidence,0.86,0.87,DISAGREE,JSON canonical sort_keys; no semantic normalization,NO
CA-0552,evidence,"[{""evidence_text"":""Do the same with the second archive box, then place it in the archive cage using the usual setup."",""field"":""command"",""supports"":""Ellipsis on prior action plus cage and usual-setup references that need discourse and scene binding.""},{""evidence_text"":""I inspected the first archive box and cleaned the tablet case."",""field"":""dialogue_history"",""supports"":""Supplies the inspect operation recoverable as do the same for the second archive box.""},{""evidence_text"":""The new item is another archive box in the inspection batch."",""field"":""dialogue_history"",""supports"":""Confirms the recovered task for the new box is inspection, not the tablet-case cleaning.""},{""evidence_text"":""Work order WO-634 maps to the closing sweep."",""field"":""scene_context"",""supports"":""Resolves usual setup between archive transfer and closing sweep for this box.""},{""evidence_text"":""Two archive cages are authorized and empty, one at the catalogue terminal and one at the display corner."",""field"":""scene_context"",""supports"":""Leaves destination as the single unresolved placement choice.""},{""evidence_text"":""Secure placement requires the unit identifier."",""field"":""scene_context"",""supports"":""Blocks silent destination selection without naming which cage unit.""}]","[{""evidence_text"":""Do the same with the second archive box"",""field"":""command"",""supports"":""discourse_ellipsis: 'the same' omits the operation and requires recovery from dialogue history""},{""evidence_text"":""I inspected the first archive box and cleaned the tablet case."",""field"":""dialogue_history"",""supports"":""discourse_ellipsis resolved: 'the same' refers to inspecting the archive box; tablet case cleaning was a separate object and does not transfer to the second archive box""},{""evidence_text"":""using the usual setup"",""field"":""command"",""supports"":""routine_reference: 'usual setup' initially applies to two procedures listed in the setup table (archive transfer for a different work-order prefix; closing sweep for WO-634)""},{""evidence_text"":""Work order WO-634 maps to the closing sweep"",""field"":""scene_context"",""supports"":""routine_reference resolved: WO-634 binding selects the closing sweep procedure, excluding archive transfer""},{""evidence_text"":""Two archive cages are authorized and empty, one at the catalogue terminal and one at the display corner"",""field"":""scene_context"",""supports"":""destination_reference: two candidate locations match 'the archive cage' with no contextual discriminator""},{""evidence_text"":""The work order names neither unit. Secure placement requires the unit identifier."",""field"":""scene_context"",""supports"":""destination_reference unresolved: WO-634 provides no cage assignment; no deterministic local rule selects one cage over the other""}]",DISAGREE,JSON canonical sort_keys; no semantic normalization,NO
CA-0552,intent,"""Inspect the second archive box (WO-634), then place it in the chosen authorized archive cage under the closing-sweep setup.""","""Inspect the second archive box as done with the first, then place it in the appropriate archive cage under the closing sweep procedure.""",DISAGREE,JSON canonical sort_keys; no semantic normalization,NO
CA-0552,resolved_slots,"{""destination"":null,""object"":""second archive box (WO-634)"",""recovered_action"":""inspect"",""routine"":""closing sweep""}","{""destination_cage"":null,""ellipsis_source"":""inspected the first archive box"",""operation"":""inspect second archive box"",""placement_routine"":""closing sweep""}",DISAGREE,JSON canonical sort_keys; no semantic normalization,NO
CA-0552,strategy_sequence,"[""resolve_discourse"",""resolve_reference"",""clarify""]","[""resolve_discourse"",""clarify""]",DISAGREE,JSON canonical sort_keys; no semantic normalization,NO
CA-0560,canonical_outcome,"{""action_plan"":[],""blocking_constraint"":{""factor"":""capability_constraint"",""reason"":""Active equipment may be relocated only after a verified handover to a redundant unit, and no redundant module is available during the 15:00 lesson-change period.""},""canonical_interpretation"":""The command asks to relocate the active charging-cabinet service module at the 15:00 lesson change under the lesson setup, but that move cannot proceed because no redundant module is available for the required verified handover."",""clarification_question"":null,""rejection_explanation"":""I can't relocate the active service module during the 15:00 lesson change under the lesson setup, because there is no redundant module available for the required verified handover while it is actively supporting the event."",""success_condition"":null,""terminal_kind"":""rejection"",""unresolved_slot"":null}","{""action_plan"":[],""blocking_constraint"":{""factor"":""capability_constraint"",""reason"":""Relocation of active equipment requires a verified handover to a redundant unit, but no redundant module is available during the 15:00 lesson change period.""},""canonical_interpretation"":""Relocate the active service module supporting the charging cabinet at the 15:00 lesson change using the lesson setup (per WO-236); blocked because no redundant module is available for the required verified handover."",""clarification_question"":null,""rejection_explanation"":""The service module is actively supporting the lesson and no redundant unit is available; a verified handover cannot be completed, so relocation is not permitted at this time."",""success_condition"":null,""terminal_kind"":""rejection"",""unresolved_slot"":null}",DISAGREE,JSON canonical sort_keys; no semantic normalization,NO
CA-0560,confidence,0.88,0.91,DISAGREE,JSON canonical sort_keys; no semantic normalization,NO
CA-0560,evidence,"[{""evidence_text"":""Relocate the active service module supporting the charging cabinet during the lesson change using the usual setup."",""field"":""command"",""supports"":""Direct relocation request whose temporal phrase and usual-setup cue initially underdetermine occurrence and procedure.""},{""evidence_text"":""The schedule lists the lesson change at 15:00 and 19:00."",""field"":""scene_context"",""supports"":""Two lesson-change occurrences create temporal_reference before work-order binding.""},{""evidence_text"":""Two setup cards are current for this equipment class: the lesson setup and an alternate maintenance setup."",""field"":""scene_context"",""supports"":""Two current setup cards create routine_reference for usual setup.""},{""evidence_text"":""Work order WO-236 links this move to the 15:00 occurrence and maps it to the lesson setup."",""field"":""scene_context"",""supports"":""Context binds the move to the 15:00 occurrence and the lesson setup.""},{""evidence_text"":""The service module is actively supporting the event, and no redundant module is available during that period."",""field"":""scene_context"",""supports"":""No redundant unit is available for handover while the module remains active.""},{""evidence_text"":""It may relocate active equipment only after a verified handover to a redundant unit."",""field"":""capability_context"",""supports"":""Explicit capability precondition blocks relocating active equipment without a redundant handover target.""}]","[{""evidence_text"":""during the lesson change"",""field"":""command"",""supports"":""temporal_reference: two lesson-change occurrences (15:00 and 19:00) initially match this phrase""},{""evidence_text"":""using the usual setup"",""field"":""command"",""supports"":""routine_reference: two setup cards (lesson setup and alternate maintenance setup) are current for this equipment class and initially match""},{""evidence_text"":""The schedule lists the lesson change at 15:00 and 19:00. Work order WO-236 links this move to the 15:00 occurrence and maps it to the lesson setup."",""field"":""scene_context"",""supports"":""Resolves temporal_reference to the 15:00 occurrence and routine_reference to the lesson setup""},{""evidence_text"":""no redundant module is available during that period"",""field"":""scene_context"",""supports"":""Verified handover is impossible; capability constraint blocks execution""},{""evidence_text"":""may relocate active equipment only after a verified handover to a redundant unit"",""field"":""capability_context"",""supports"":""Explicit capability constraint requiring redundant-unit handover before relocation of active equipment""}]",DISAGREE,JSON canonical sort_keys; no semantic normalization,NO
CA-0560,intent,"""Relocate the active service module supporting the charging cabinet at the WO-236-linked 15:00 lesson change using the lesson setup, after any required handover.""","""Relocate the active service module supporting the charging cabinet at the 15:00 lesson change using the lesson setup.""",DISAGREE,JSON canonical sort_keys; no semantic normalization,NO
CA-0560,recommended_strategy,"""multi_step""","""face_preserving_rejection""",DISAGREE,JSON canonical sort_keys; no semantic normalization,NO
CA-0560,resolved_slots,"{""object"":""active service module supporting the charging cabinet"",""routine"":""lesson setup"",""temporal_occurrence"":""15:00 lesson change"",""work_order"":""WO-236""}","{""occurrence"":""15:00 lesson change"",""procedure"":""lesson setup""}",DISAGREE,JSON canonical sort_keys; no semantic normalization,NO
CA-0560,risk_factors,"[""capability_constraint"",""safety_constraint""]","[""capability_constraint""]",DISAGREE,JSON canonical sort_keys; no semantic normalization,NO
CA-0560,risk_level,"""high""","""medium""",DISAGREE,JSON canonical sort_keys; no semantic normalization,NO
CA-0565,canonical_outcome,"{""action_plan"":[""Wait until the work-order event changeover at 14:00 has occurred."",""Locate the yellow marked sign board beside the information desk with the white PENDING tag."",""Move that sign board only, leaving the grey COMPLETE board and the lost-property box in place.""],""blocking_constraint"":null,""canonical_interpretation"":""Wait until after the named 14:00 event changeover, then move only the yellow information-desk sign board with the white PENDING tag; do not move the grey COMPLETE board or the excluded lost-property box."",""clarification_question"":null,""rejection_explanation"":null,""success_condition"":""After the 14:00 event changeover, only the yellow PENDING marked sign board has been moved."",""terminal_kind"":""executable_interpretation"",""unresolved_slot"":null}","{""action_plan"":[""Wait until the 14:00 event changeover has completed."",""Navigate to the yellow sign board beside the information desk."",""Scan the white PENDING tag to confirm it is the active work-order target."",""Pick up and move the yellow sign board to the work-order designated destination."",""Leave the grey COMPLETE sign board near the security desk and the brochure rack at the service corridor undisturbed.""],""blocking_constraint"":null,""canonical_interpretation"":""Move only the yellow PENDING sign board (beside the information desk) after the 14:00 event changeover; do not move the grey COMPLETE sign board near the security desk or the brochure rack."",""clarification_question"":null,""rejection_explanation"":null,""success_condition"":""The yellow PENDING sign board has been relocated after the 14:00 changeover; the grey COMPLETE sign board and brochure rack are undisturbed."",""terminal_kind"":""executable_interpretation"",""unresolved_slot"":null}",DISAGREE,JSON canonical sort_keys; no semantic normalization,NO
CA-0565,confidence,0.86,0.9,DISAGREE,JSON canonical sort_keys; no semantic normalization,NO
CA-0565,evidence,"[{""evidence_text"":""Move only the marked sign board after the event changeover."",""field"":""command"",""supports"":""Directive to move an exclusive marked board after a named changeover event.""},{""evidence_text"":""the word only applies to the marked sign board"",""field"":""dialogue_history"",""supports"":""Resolves scope of only to the marked sign board, excluding the lost-property box.""},{""evidence_text"":""Two sign boards carry work-order marks: the grey one near the security desk has an orange COMPLETE tag, while the yellow one beside the information desk has a white PENDING tag"",""field"":""scene_context"",""supports"":""Initially two marked boards; COMPLETE versus PENDING selects the unfinished yellow board.""},{""evidence_text"":""The work-order note names the event changeover at 14:00, not the later occurrence at 18:00."",""field"":""scene_context"",""supports"":""Selects the 14:00 changeover occurrence over the later 18:00 occurrence.""},{""evidence_text"":""Public-service robot can navigate crowds, carry light objects, scan tags, and deploy approved signs and barriers."",""field"":""capability_context"",""supports"":""Moving a light marked sign board after tag scan is within capability.""}]","[{""evidence_text"":""Move only the marked sign board after the event changeover."",""field"":""command"",""supports"":""Introduces scope ambiguity ('only' can restrict object or temporal clause), object_reference ambiguity ('the marked sign board' initially matches both tagged boards), and temporal_reference ambiguity ('the event changeover' initially admits two occurrences).""},{""evidence_text"":""the word only applies to the marked sign board"",""field"":""dialogue_history"",""supports"":""Resolves scope ambiguity: 'only' restricts the object NP, not the temporal clause; also confirms the lost-property box is excluded.""},{""evidence_text"":""grey one near the security desk has an orange COMPLETE tag, while the yellow one beside the information desk has a white PENDING tag. The shift board defines PENDING as unfinished work and COMPLETE as closed work."",""field"":""scene_context"",""supports"":""Resolves object_reference: the yellow PENDING board is the active unfinished work target; the grey COMPLETE board is closed and not the work-order target.""},{""evidence_text"":""The work-order note names the event changeover at 14:00, not the later occurrence at 18:00."",""field"":""scene_context"",""supports"":""Resolves temporal_reference: the relevant event changeover is the 14:00 occurrence.""}]",DISAGREE,JSON canonical sort_keys; no semantic normalization,NO
CA-0565,intent,"""After the work-order event changeover at 14:00, move only the yellow PENDING marked sign board beside the information desk.""","""Move the yellow PENDING sign board (beside the information desk) after the 14:00 event changeover, leaving all other items undisturbed.""",DISAGREE,JSON canonical sort_keys; no semantic normalization,NO
CA-0565,resolved_slots,"{""action"":""move"",""excluded_item"":""lost-property box"",""object"":""yellow marked sign board beside the information desk (PENDING)"",""scope_of_only"":""marked sign board only"",""temporal_anchor"":""event changeover at 14:00""}","{""scope_of_only"":""restricts object to the marked sign board, not the temporal clause"",""target_object"":""yellow sign board beside the information desk (PENDING tag)"",""timing"":""after the 14:00 event changeover""}",DISAGREE,JSON canonical sort_keys; no semantic normalization,NO
CA-0565,risk_level,"""medium""","""low""",DISAGREE,JSON canonical sort_keys; no semantic normalization,NO
CA-0565,strategy_sequence,"[""execute""]","[""resolve_scope"",""resolve_reference"",""execute""]",DISAGREE,JSON canonical sort_keys; no semantic normalization,NO
CA-0573,canonical_outcome,"{""action_plan"":[""Wait until the scheduled 12:00 tool change linked to WO-311 is complete"",""Inspect the metal bracket using low-force inspection tools"",""Move the metal bracket to the parts washer"",""Scan the item tag"",""Confirm the path is clear and the readiness checklist is complete""],""blocking_constraint"":null,""canonical_interpretation"":""Treat the would-it-help question as a directive to run WO-311: after the 12:00 tool change, inspect the metal bracket before moving it, and continue until the readiness checklist is satisfied."",""clarification_question"":null,""rejection_explanation"":null,""success_condition"":""After the 12:00 tool change, the metal bracket has been inspected then moved with its tag scanned at the parts washer and a clear path, meeting the readiness checklist."",""terminal_kind"":""executable_interpretation"",""unresolved_slot"":null}","{""action_plan"":[""Wait for the 12:00 scheduled tool change to complete."",""Retrieve the metal bracket at the assembly bench."",""Inspect the metal bracket using low-force inspection tools."",""Move the metal bracket to the designated position."",""Scan the work order tag."",""Verify item is at the parts washer and path is clear."",""Confirm readiness checklist is satisfied: item at parts washer, tag scanned, and path clear.""],""blocking_constraint"":null,""canonical_interpretation"":""After the 12:00 tool change, inspect the metal bracket using low-force inspection tools, then move it, and continue until the readiness checklist is met: item at parts washer, tag scanned, and path clear — all per WO-311."",""clarification_question"":null,""rejection_explanation"":null,""success_condition"":""Metal bracket inspected before movement per WO-311 following the 12:00 tool change; readiness checklist complete: item at parts washer, tag scanned, and path clear."",""terminal_kind"":""executable_interpretation"",""unresolved_slot"":null}",DISAGREE,JSON canonical sort_keys; no semantic normalization,NO
CA-0573,confidence,0.86,0.88,DISAGREE,JSON canonical sort_keys; no semantic normalization,NO
CA-0573,evidence,"[{""evidence_text"":""Would it help to carry out both the inspection and movement of the metal bracket after a scheduled tool change, continuing until the setup is ready?"",""field"":""command"",""supports"":""Surface form is a would-it-help question with unordered both-actions and a vague ready endpoint.""},{""evidence_text"":""carry out the workable sequence rather than merely assessing it"",""field"":""dialogue_history"",""supports"":""Confirms directive force to execute the sequence rather than only assess helpfulness.""},{""evidence_text"":""The tool change is scheduled at 12:00 and again at 16:00."",""field"":""scene_context"",""supports"":""Two tool-change occurrences initially match the temporal phrase.""},{""evidence_text"":""Procedure WO-311 links this job to the 12:00 occurrence."",""field"":""scene_context"",""supports"":""Binds the scheduled tool change to the 12:00 occurrence.""},{""evidence_text"":""Procedure WO-311 requires inspection before movement."",""field"":""scene_context"",""supports"":""Resolves action order to inspection then movement.""},{""evidence_text"":""The readiness checklist requires the item at the parts washer, its tag scanned, and the path clear."",""field"":""scene_context"",""supports"":""Deterministically grounds when the setup is ready.""},{""evidence_text"":""Workshop service robot can carry small parts, push carts, scan work orders, and use low-force inspection tools."",""field"":""capability_context"",""supports"":""Resolved inspect-and-move workflow is within capability.""}]","[{""evidence_text"":""Would it help to carry out both the inspection and movement of the metal bracket"",""field"":""command"",""supports"":""pragmatic ambiguity: interrogative surface form masks directive force""},{""evidence_text"":""Yes, carry out the workable sequence rather than merely assessing it"",""field"":""dialogue_history"",""supports"":""Resolves pragmatic ambiguity: confirms directive force and execution intent over mere assessment""},{""evidence_text"":""The tool change is scheduled at 12:00 and again at 16:00. Procedure WO-311 links this job to the 12:00 occurrence."",""field"":""scene_context"",""supports"":""Resolves temporal_reference: two tool change occurrences exist; WO-311 binds this job to the 12:00 instance""},{""evidence_text"":""Procedure WO-311 requires inspection before movement."",""field"":""scene_context"",""supports"":""Resolves action_order: inspection must precede movement; command wording 'both the inspection and movement' does not itself fix order""},{""evidence_text"":""continuing until the setup is ready"",""field"":""command"",""supports"":""endpoint_vagueness: vague completion condition that requires deterministic grounding""},{""evidence_text"":""The readiness checklist requires the item at the parts washer, its tag scanned, and the path clear."",""field"":""scene_context"",""supports"":""Deterministically grounds the vague endpoint 'setup is ready' via silently_resolve""}]",DISAGREE,JSON canonical sort_keys; no semantic normalization,NO
CA-0573,intent,"""After the WO-311-linked 12:00 tool change, inspect then move the metal bracket and continue until the readiness checklist is complete.""","""Perform inspection and then movement of the metal bracket after the 12:00 tool change, continuing until the readiness checklist is satisfied (item at parts washer, tag scanned, path clear).""",DISAGREE,JSON canonical sort_keys; no semantic normalization,NO
CA-0573,resolved_slots,"{""action_order"":""inspection before movement"",""endpoint"":""item at parts washer, tag scanned, path clear"",""force"":""execute workable sequence"",""object"":""metal bracket"",""tool_change_occurrence"":""12:00""}","{""action_order"":""inspection before movement"",""directive_force"":""execute"",""readiness_endpoint"":""item at parts washer, tag scanned, path clear"",""tool_change_occurrence"":""12:00""}",DISAGREE,JSON canonical sort_keys; no semantic normalization,NO
CA-0573,strategy_sequence,"[""reinterpret_indirect_request"",""silently_resolve"",""execute""]","[""reinterpret_indirect_request"",""resolve_reference"",""silently_resolve"",""execute""]",DISAGREE,JSON canonical sort_keys; no semantic normalization,NO
CA-0576,canonical_outcome,"{""action_plan"":[""Select the yellow floor sign with the active MOVE tag rather than the black completed-tagged sign."",""Move that floor sign to the laundry chute assigned by the active tag."",""Complete the relocation within three minutes.""],""blocking_constraint"":null,""canonical_interpretation"":""Move the yellow floor sign (active MOVE tag) to its assigned laundry-chute destination, treating 'shortly' as within three minutes per the local handbook."",""clarification_question"":null,""rejection_explanation"":null,""success_condition"":""The yellow floor sign is at the laundry chute within three minutes."",""terminal_kind"":""executable_interpretation"",""unresolved_slot"":null}","{""action_plan"":[""Identify the yellow floor sign carrying the active MOVE tag."",""Navigate to the yellow floor sign in the housekeeping store."",""Move the yellow floor sign to the laundry chute."",""Complete the move within three minutes.""],""blocking_constraint"":null,""canonical_interpretation"":""Move the yellow floor sign (the one with the active MOVE tag) to the laundry chute within three minutes."",""clarification_question"":null,""rejection_explanation"":null,""success_condition"":""The yellow floor sign has been delivered to the laundry chute and the action is completed within three minutes."",""terminal_kind"":""executable_interpretation"",""unresolved_slot"":null}",DISAGREE,JSON canonical sort_keys; no semantic normalization,NO
CA-0576,confidence,0.88,0.93,DISAGREE,JSON canonical sort_keys; no semantic normalization,NO
CA-0576,evidence,"[{""evidence_text"":""Move the selected floor sign to its assigned destination shortly."",""field"":""command"",""supports"":""Names the move target as the selected floor sign, its assigned destination, and vague timing 'shortly'.""},{""evidence_text"":""Two floor signs are visible. The yellow one has an active MOVE tag and the black one has a completed tag."",""field"":""scene_context"",""supports"":""Object reference initially matches two signs; active-versus-completed tags bind 'selected' to the yellow sign.""},{""evidence_text"":""The active tag assigns the laundry chute as its destination."",""field"":""scene_context"",""supports"":""Grounds the assigned destination once the active-tagged yellow sign is selected.""},{""evidence_text"":""For ordinary low-risk moves, the local handbook defines 'shortly' as within three minutes."",""field"":""scene_context"",""supports"":""Deterministic local rule silently grounds fuzzy temporal 'shortly' to within three minutes.""}]","[{""evidence_text"":""selected floor sign"",""field"":""command"",""supports"":""object_reference: two floor signs are visible; 'selected' requires contextual binding to determine which one is the target.""},{""evidence_text"":""The yellow one has an active MOVE tag and the black one has a completed tag."",""field"":""scene_context"",""supports"":""object_reference resolved: active-versus-completed selection uniquely identifies the yellow floor sign as the selected target.""},{""evidence_text"":""The active tag assigns the laundry chute as its destination."",""field"":""scene_context"",""supports"":""destination resolved: the yellow sign's assigned destination is the laundry chute.""},{""evidence_text"":""shortly"",""field"":""command"",""supports"":""fuzzy_temporal: 'shortly' is a vague temporal expression requiring deterministic grounding.""},{""evidence_text"":""For ordinary low-risk moves, the local handbook defines 'shortly' as within three minutes."",""field"":""scene_context"",""supports"":""fuzzy_temporal silently resolved: deterministic local rule grounds 'shortly' to within three minutes for this low-risk move.""}]",DISAGREE,JSON canonical sort_keys; no semantic normalization,NO
CA-0576,intent,"""Move the yellow floor sign with the active MOVE tag to the laundry chute within three minutes.""","""Move the yellow floor sign (active MOVE tag) to the laundry chute within three minutes.""",DISAGREE,JSON canonical sort_keys; no semantic normalization,NO
CA-0576,resolved_slots,"{""destination"":""laundry chute"",""object"":""yellow floor sign"",""timing"":""within three minutes""}","{""destination"":""laundry chute"",""floor_sign"":""yellow floor sign (active MOVE tag)"",""timing"":""within three minutes""}",DISAGREE,JSON canonical sort_keys; no semantic normalization,NO
CA-0596,canonical_outcome,"{""action_plan"":[""Obtain the handheld dosing bottle calibrated for sanitizer"",""Locate the sanitizer canister beside the information kiosk"",""Dispense 800 millilitres of sanitizer into the canister using the dosing bottle"",""Return the sanitizer canister to the information desk""],""blocking_constraint"":null,""canonical_interpretation"":""Dispense 800 ml of sanitizer from the handheld sanitizer-calibrated dosing bottle into the sanitizer canister beside the information kiosk, then return the canister to the information desk."",""clarification_question"":null,""rejection_explanation"":null,""success_condition"":""The sanitizer canister has been topped up by 800 millilitres and is returned to the information desk."",""terminal_kind"":""executable_interpretation"",""unresolved_slot"":null}","{""action_plan"":[""Pick up the handheld dosing bottle calibrated for sanitizer"",""Navigate to the sanitizer canister beside the information kiosk"",""Use the handheld dosing bottle to top up the sanitizer canister to 800 mL (6 standard uses × 125 mL + 50 mL reserve)"",""Return the sanitizer canister to the information desk"",""Return the handheld dosing bottle to its calibration rack""],""blocking_constraint"":null,""canonical_interpretation"":""Using the handheld dosing bottle calibrated for sanitizer, top up the sanitizer canister beside the information kiosk to 800 mL (6 uses × 125 mL + 50 mL reserve), then return the sanitizer canister to the information desk."",""clarification_question"":null,""rejection_explanation"":null,""success_condition"":""The sanitizer canister is topped up to 800 mL and repositioned at the information desk; the handheld dosing bottle is returned to its calibration rack."",""terminal_kind"":""executable_interpretation"",""unresolved_slot"":null}",DISAGREE,JSON canonical sort_keys; no semantic normalization,NO
CA-0596,confidence,0.86,0.88,DISAGREE,JSON canonical sort_keys; no semantic normalization,NO
CA-0596,evidence,"[{""evidence_text"":""Use the dosing bottle to top up the sanitizer canister beside the information kiosk, then return it with enough for the afternoon round."",""field"":""command"",""supports"":""Surface request pairs a dosing-bottle top-up with a return of an underspecified 'it' that must have enough volume for the afternoon round.""},{""evidence_text"":""The handheld dosing bottle is calibrated for sanitizer. A second dosing bottle on the information desk is reserved for another material."",""field"":""scene_context"",""supports"":""Two dosing bottles initially match; only the handheld bottle is calibrated for sanitizer, resolving instrument_reference.""},{""evidence_text"":""The work-order return field contains the sanitizer canister's asset tag; the assigned dosing bottle's return point is its calibration rack."",""field"":""scene_context"",""supports"":""Pronoun 'it' initially admits bottle or canister; the work-order return tag binds return to the canister.""},{""evidence_text"":""The afternoon plan contains six standard uses. The replenishment table specifies 125 millilitres per use plus a 50-millilitre reserve."",""field"":""scene_context"",""supports"":""Deterministic local rule grounds 'enough for the afternoon round' as 6×125+50=800 ml.""},{""evidence_text"":""The sanitizer canister's return position is the information desk. The named liquid, container, and refill operation are approved for this robot, and the table-derived volume is within the assigned tool's certified range."",""field"":""scene_context"",""supports"":""Return destination and approval/capability for the resolved refill are explicit once volume and object are fixed.""},{""evidence_text"":""Public-service robot can navigate crowds, carry light objects, scan tags, and deploy approved signs and barriers."",""field"":""capability_context"",""supports"":""Carrying the portable canister and dosing bottle for the refill-and-return path is within stated capability.""}]","[{""evidence_text"":""Use the dosing bottle to top up the sanitizer canister beside the information kiosk"",""field"":""command"",""supports"":""instrument_reference: 'the dosing bottle' initially matches both the handheld dosing bottle and the second dosing bottle on the information desk""},{""evidence_text"":""The handheld dosing bottle is calibrated for sanitizer. A second dosing bottle on the information desk is reserved for another material."",""field"":""scene_context"",""supports"":""instrument_reference resolved: handheld dosing bottle is the correct instrument for sanitizer topping-up; the second bottle is excluded by material reservation""},{""evidence_text"":""then return it with enough for the afternoon round"",""field"":""command"",""supports"":""pronoun_reference: 'it' initially matches either the dosing bottle or the sanitizer canister as grammatically and physically plausible antecedents""},{""evidence_text"":""The work-order return field contains the sanitizer canister's asset tag; the assigned dosing bottle's return point is its calibration rack. The sanitizer canister's return position is the information desk."",""field"":""scene_context"",""supports"":""pronoun_reference resolved: work-order return field targets the sanitizer canister; 'with enough for the afternoon round' modifies its contents, confirming 'it' = sanitizer canister returning to the information desk""},{""evidence_text"":""enough for the afternoon round"",""field"":""command"",""supports"":""fuzzy_quantity: 'enough' is a vague volume requiring deterministic grounding from the replenishment table""},{""evidence_text"":""The afternoon plan contains six standard uses. The replenishment table specifies 125 millilitres per use plus a 50-millilitre reserve."",""field"":""scene_context"",""supports"":""fuzzy_quantity silently resolved: 6 × 125 mL + 50 mL = 800 mL; deterministic table computation, within the assigned tool's certified range""}]",DISAGREE,JSON canonical sort_keys; no semantic normalization,NO
CA-0596,intent,"""Use the handheld sanitizer-calibrated dosing bottle to add the table-derived afternoon volume to the sanitizer canister beside the information kiosk, then return that canister to the information desk.""","""Top up the sanitizer canister beside the information kiosk using the handheld dosing bottle calibrated for sanitizer, then return the sanitizer canister to the information desk with 800 mL of sanitizer sufficient for the afternoon round of six standard uses.""",DISAGREE,JSON canonical sort_keys; no semantic normalization,NO
CA-0596,primary_ambiguity_type,"""fuzzy_quantity""","""pronoun_reference""",DISAGREE,JSON canonical sort_keys; no semantic normalization,NO
CA-0596,recommended_strategy,"""silently_resolve""","""multi_step""",DISAGREE,JSON canonical sort_keys; no semantic normalization,NO
CA-0596,resolved_slots,"{""destination"":""information desk"",""instrument"":""handheld dosing bottle calibrated for sanitizer"",""liquid"":""sanitizer"",""return_object"":""sanitizer canister"",""target_object"":""sanitizer canister beside the information kiosk"",""volume_ml"":800}","{""instrument"":""handheld dosing bottle calibrated for sanitizer"",""object_to_top_up"":""sanitizer canister beside the information kiosk"",""return_destination"":""information desk"",""return_object"":""sanitizer canister"",""volume_ml"":800}",DISAGREE,JSON canonical sort_keys; no semantic normalization,NO
CA-0596,strategy_sequence,"[""silently_resolve"",""execute""]","[""resolve_reference"",""silently_resolve"",""execute""]",DISAGREE,JSON canonical sort_keys; no semantic normalization,NO
CA-0598,canonical_outcome,"{""action_plan"":[""Place the meal tray on the work-order-assigned calibrated cart scale beside the medicine refrigerator"",""Confirm the scale display is below the 18-kilogram limit"",""Return the meal tray to the handover board beside the pharmacy counter""],""blocking_constraint"":null,""canonical_interpretation"":""Treat the polite request as an instruction: place the meal tray on the assigned calibrated cart scale beside the medicine refrigerator, verify the displayed weight is below 18 kg, then return that meal tray to the handover board beside the pharmacy counter."",""clarification_question"":null,""rejection_explanation"":null,""success_condition"":""Meal tray has been weighed on the assigned cart scale under the 18 kg limit and returned to the pharmacy-counter handover board."",""terminal_kind"":""executable_interpretation"",""unresolved_slot"":null}","{""action_plan"":[""Navigate to the work-point and locate the assigned calibrated cart scale beside the medicine refrigerator."",""Place the meal tray on the assigned calibrated cart scale."",""Read the displayed weight (12 kg) and confirm it is below the 18 kg limit."",""Remove the meal tray from the cart scale."",""Transport the meal tray to the handover board beside the pharmacy counter."",""Place the meal tray on the handover board beside the pharmacy counter.""],""blocking_constraint"":null,""canonical_interpretation"":""Treat the command as a directive. Place the meal tray on the assigned calibrated cart scale beside the medicine refrigerator, verify the displayed weight (12 kg) is below the 18 kg limit, then transport and place the meal tray on the handover board beside the pharmacy counter."",""clarification_question"":null,""rejection_explanation"":null,""success_condition"":""Meal tray weighed on the assigned calibrated cart scale (12 kg confirmed below 18 kg limit) and subsequently placed on the handover board beside the pharmacy counter."",""terminal_kind"":""executable_interpretation"",""unresolved_slot"":null}",DISAGREE,JSON canonical sort_keys; no semantic normalization,NO
CA-0598,confidence,0.86,0.87,DISAGREE,JSON canonical sort_keys; no semantic normalization,NO
CA-0598,evidence,"[{""evidence_text"":""Could you place the meal tray on the cart scale beside the medicine refrigerator, then handle it by returning it to the handover board?"",""field"":""command"",""supports"":""Polite question form plus underspecified handle/it/cart scale/handover board readings before context binds them.""},{""evidence_text"":""Treat this as an instruction, and use 'handle it' to mean move the meal tray after weighing it."",""field"":""dialogue_history"",""supports"":""Resolves pragmatic force to an instruction and lexical sense of handle it to post-weigh meal-tray return.""},{""evidence_text"":""Two cart scales are present. The unit assigned to this work order is calibrated; the other is reserved for a different load."",""field"":""scene_context"",""supports"":""Initial instrument_reference between two scales is bound to the assigned calibrated unit.""},{""evidence_text"":""Two locations are labelled handover board; the work order names the one beside the pharmacy counter."",""field"":""scene_context"",""supports"":""Initial destination_reference between two handover boards is bound by the work order.""},{""evidence_text"":""The work-order return field contains the meal tray's asset tag; the cart scale's return point is the calibration rack."",""field"":""scene_context"",""supports"":""Pronoun it for return targets the meal tray, not the cart scale.""},{""evidence_text"":""It displays 12 kilograms. The robot's handling certificate permits this target below the stated 18-kilogram limit."",""field"":""scene_context"",""supports"":""Weight check and authorization permit immediate execution after placement.""},{""evidence_text"":""Hospital delivery robot can move sealed supplies, scan identifiers, and operate approved carts outside direct clinical treatment."",""field"":""capability_context"",""supports"":""Resolved place-weigh-return workflow is within robot capability.""}]","[{""evidence_text"":""Could you place the meal tray on the cart scale beside the medicine refrigerator"",""field"":""command"",""supports"":""Identifies object (meal tray) and instrument (cart scale beside medicine refrigerator); question surface form is the locus of the pragmatic ambiguity.""},{""evidence_text"":""Treat this as an instruction, and use 'handle it' to mean move the meal tray after weighing it."",""field"":""dialogue_history"",""supports"":""Resolves pragmatic ambiguity (question form → directive), lexical ambiguity of 'handle it', and pronoun_reference of 'it' → meal tray.""},{""evidence_text"":""The unit assigned to this work order is calibrated; the other is reserved for a different load."",""field"":""scene_context"",""supports"":""Resolves instrument_reference ambiguity: two cart scales present; work-order-assigned calibrated unit is the correct instrument.""},{""evidence_text"":""Two locations are labelled handover board; the work order names the one beside the pharmacy counter."",""field"":""scene_context"",""supports"":""Resolves destination_reference ambiguity: work order designates the handover board beside the pharmacy counter.""},{""evidence_text"":""It displays 12 kilograms. The robot's handling certificate permits this target below the stated 18-kilogram limit."",""field"":""scene_context"",""supports"":""Confirms weight is within the authorized limit; no safety or authorization constraint blocks execution.""}]",DISAGREE,JSON canonical sort_keys; no semantic normalization,NO
CA-0598,intent,"""As an instruction, place the meal tray on the work-order-assigned cart scale beside the medicine refrigerator, confirm it is under the 18 kg limit, then return the meal tray to the handover board beside the pharmacy counter.""","""Place the meal tray on the assigned calibrated cart scale to verify weight, then transport the meal tray to the handover board beside the pharmacy counter.""",DISAGREE,JSON canonical sort_keys; no semantic normalization,NO
CA-0598,resolved_slots,"{""communicative_force"":""instruction"",""destination"":""handover board beside the pharmacy counter"",""instrument"":""work-order-assigned calibrated cart scale"",""measured_weight_kg"":12,""object"":""meal tray"",""return_object"":""meal tray"",""weigh_location"":""cart scale beside the medicine refrigerator"",""weight_limit_kg"":18}","{""action_sequence"":""weigh then transport meal tray"",""destination"":""handover board beside the pharmacy counter"",""instrument"":""assigned calibrated cart scale"",""instrument_location"":""beside the medicine refrigerator"",""object"":""meal tray"",""weight_displayed_kg"":12,""weight_limit_kg"":18}",DISAGREE,JSON canonical sort_keys; no semantic normalization,NO
CA-0598,strategy_sequence,"[""reinterpret_indirect_request"",""execute""]","[""reinterpret_indirect_request"",""resolve_lexical"",""resolve_reference"",""execute""]",DISAGREE,JSON canonical sort_keys; no semantic normalization,NO
CA-0604,canonical_outcome,"{""action_plan"":[],""blocking_constraint"":{""factor"":""privacy_constraint"",""reason"":""The prescription file is CONFIDENTIAL and the designated delivery rack is an unattended public-access location; confidential copies may only go to authenticated secure destinations.""},""canonical_interpretation"":""After binding 'delivery rack' to the WO-311 rack beside the secure cabinet and 'the check' to the 12:00 occurrence, the request is to print one paper copy of the confidential prescription file and leave it at that unattended public-access rack, which is not permitted."",""clarification_question"":null,""rejection_explanation"":""I can't leave a paper copy of this confidential prescription at the delivery rack because that location is unattended public-access, and confidential documents may only be copied to authenticated secure destinations."",""success_condition"":null,""terminal_kind"":""rejection"",""unresolved_slot"":null}","{""action_plan"":[],""blocking_constraint"":{""factor"":""privacy_constraint"",""reason"":""The prescription file is marked CONFIDENTIAL; the resolved destination (delivery rack beside the secure cabinet) is an unattended public-access location, which is not an authenticated secure destination as required by the capability constraint.""},""canonical_interpretation"":""Print one paper copy of the confidential prescription file and leave it at the delivery rack beside the secure cabinet after the 12:00 check."",""clarification_question"":null,""rejection_explanation"":""I cannot leave the confidential prescription file at the delivery rack because that location is an unattended public-access area. I am only authorised to deliver confidential documents to authenticated secure destinations. Please arrange a secure handoff at an appropriate location."",""success_condition"":null,""terminal_kind"":""rejection"",""unresolved_slot"":null}",DISAGREE,JSON canonical sort_keys; no semantic normalization,YES
CA-0604,confidence,0.88,0.91,DISAGREE,JSON canonical sort_keys; no semantic normalization,YES
CA-0604,evidence,"[{""evidence_text"":""Print one paper copy of the prescription file and leave it at the delivery rack after the check."",""field"":""command"",""supports"":""Direct request to print a prescription copy and leave it at a delivery rack after a check.""},{""evidence_text"":""Two locations are labelled delivery rack; job WO-311 names the one beside the secure cabinet."",""field"":""scene_context"",""supports"":""destination_reference initially matches two racks; WO-311 binds the designated rack beside the secure cabinet.""},{""evidence_text"":""The schedule lists the check at 12:00 and 16:00; the same job links this instruction to the 12:00 occurrence."",""field"":""scene_context"",""supports"":""temporal_reference between two check occurrences; job evidence selects the 12:00 check.""},{""evidence_text"":""The document is marked CONFIDENTIAL and the designated delivery rack is an unattended public-access location."",""field"":""scene_context"",""supports"":""Resolved destination is public-access, so leaving a confidential copy there violates privacy.""},{""evidence_text"":""It may copy confidential documents only to authenticated secure destinations."",""field"":""capability_context"",""supports"":""Explicit policy blocks copying confidential documents to non-secure destinations such as the public-access rack.""}]","[{""evidence_text"":""Print one paper copy of the prescription file and leave it at the delivery rack after the check."",""field"":""command"",""supports"":""Establishes the task: print and deliver the prescription file to a delivery rack following a scheduled check.""},{""evidence_text"":""Two locations are labelled delivery rack; job WO-311 names the one beside the secure cabinet."",""field"":""scene_context"",""supports"":""Resolves destination_reference: two delivery rack locations initially match; WO-311 identifies the one beside the secure cabinet as the applicable destination.""},{""evidence_text"":""The schedule lists the check at 12:00 and 16:00; the same job links this instruction to the 12:00 occurrence."",""field"":""scene_context"",""supports"":""Resolves temporal_reference: two check occurrences initially match; the job link selects the 12:00 occurrence.""},{""evidence_text"":""The document is marked CONFIDENTIAL and the designated delivery rack is an unattended public-access location."",""field"":""scene_context"",""supports"":""Establishes the privacy blocking constraint: the resolved destination is a public-access area incompatible with confidential document handling.""},{""evidence_text"":""It may copy confidential documents only to authenticated secure destinations."",""field"":""capability_context"",""supports"":""Confirms the blocking constraint: leaving the confidential prescription at the public-access delivery rack is explicitly prohibited.""}]",DISAGREE,JSON canonical sort_keys; no semantic normalization,YES
CA-0604,intent,"""Print one paper copy of the confidential prescription file and leave it at the WO-311 delivery rack beside the secure cabinet after the 12:00 check.""","""Print one paper copy of the prescription file and leave it at the designated delivery rack following the 12:00 check.""",DISAGREE,JSON canonical sort_keys; no semantic normalization,YES
CA-0604,resolved_slots,"{""copies"":1,""destination"":""delivery rack beside the secure cabinet (WO-311)"",""document"":""prescription file"",""document_sensitivity"":""CONFIDENTIAL"",""timing"":""after the 12:00 check""}","{""check_occurrence"":""12:00"",""copy_count"":1,""delivery_rack"":""beside the secure cabinet""}",DISAGREE,JSON canonical sort_keys; no semantic normalization,YES
CA-0604,risk_factors,"[""privacy_constraint"",""capability_constraint""]","[""privacy_constraint""]",DISAGREE,JSON canonical sort_keys; no semantic normalization,YES
CA-0604,strategy_sequence,"[""resolve_reference"",""face_preserving_rejection""]","[""resolve_reference"",""verify_capability"",""face_preserving_rejection""]",DISAGREE,JSON canonical sort_keys; no semantic normalization,YES
CA-0608,ambiguity_types,"[""scope"",""fuzzy_quantity""]","[""object_reference"",""fuzzy_quantity""]",DISAGREE,JSON canonical sort_keys; no semantic normalization,YES
CA-0608,canonical_outcome,"{""action_plan"":[],""blocking_constraint"":null,""canonical_interpretation"":""After restricting the action to the soap dispenser only (not the linen cabinet), ask which of the two approved non-default quantities counts as the requested small refill amount."",""clarification_question"":""Should I refill the soap dispenser with 20 millilitres or 60 millilitres of liquid soap?"",""rejection_explanation"":null,""success_condition"":null,""terminal_kind"":""clarification"",""unresolved_slot"":{""candidate_values"":[""20 millilitres"",""60 millilitres""],""reason_unresolved"":""The command asks for a small amount, but the task permits exactly 20 ml and 60 ml with no default and requires an exact amount before dispensing."",""slot_name"":""refill_quantity""}}","{""action_plan"":[],""blocking_constraint"":null,""canonical_interpretation"":""Refill the active-tagged soap dispenser beside the linen cabinet with liquid soap; the target object is resolved but the required quantity cannot be determined from 'a small amount' because two approved amounts (20 ml and 60 ml) are available, neither is a default, and they produce materially different outcomes."",""clarification_question"":""How much liquid soap should I dispense into the soap dispenser: 20 millilitres or 60 millilitres?"",""rejection_explanation"":null,""success_condition"":null,""terminal_kind"":""clarification"",""unresolved_slot"":{""candidate_values"":[20,60],""reason_unresolved"":""The command specifies 'a small amount' but the task specification permits exactly two approved quantities—20 millilitres and 60 millilitres—neither of which is a default, and they produce materially different outcomes; the process requires an exact amount before dispensing, so no deterministic rule selects one value."",""slot_name"":""refill_quantity_ml""}}",DISAGREE,JSON canonical sort_keys; no semantic normalization,YES
CA-0608,confidence,0.88,0.87,DISAGREE,JSON canonical sort_keys; no semantic normalization,YES
CA-0608,evidence,"[{""evidence_text"":""Only refill the soap dispenser beside the linen cabinet with a small amount of liquid soap."",""field"":""command"",""supports"":""Only scopes the refill target, and small amount leaves quantity underspecified.""},{""evidence_text"":""The soap dispenser is the only object in scope; do not touch the linen cabinet."",""field"":""dialogue_history"",""supports"":""Resolves scope so the linen cabinet is excluded and only the soap dispenser is refilled.""},{""evidence_text"":""The task specification permits exactly two approved quantities: 20 millilitres and 60 millilitres. Neither is the default, and they produce materially different outcomes. The process requires an exact amount before dispensing."",""field"":""scene_context"",""supports"":""Leaves one critical quantity choice between two approved non-default values.""},{""evidence_text"":""The soap dispenser carries the active refill tag; the linen cabinet has no refill work order."",""field"":""scene_context"",""supports"":""Confirms the scoped target is the tagged soap dispenser, not the linen cabinet.""}]","[{""evidence_text"":""a small amount of liquid soap"",""field"":""command"",""supports"":""fuzzy_quantity: 'a small amount' is vague and does not deterministically select either of the two approved dispensing quantities""},{""evidence_text"":""The task specification permits exactly two approved quantities: 20 millilitres and 60 millilitres. Neither is the default, and they produce materially different outcomes. The process requires an exact amount before dispensing."",""field"":""scene_context"",""supports"":""fuzzy_quantity requires clarification: two discrete candidates exist, neither is a default, and the process mandates an exact value""},{""evidence_text"":""the soap dispenser beside the linen cabinet"",""field"":""command"",""supports"":""object_reference: spatial qualifier initially could match more than one dispenser in the housekeeping store; context-resolved""},{""evidence_text"":""The soap dispenser is the only object in scope; do not touch the linen cabinet."",""field"":""dialogue_history"",""supports"":""object_reference resolved: confirms a single soap dispenser is in scope and the linen cabinet is excluded""},{""evidence_text"":""The soap dispenser carries the active refill tag; the linen cabinet has no refill work order."",""field"":""scene_context"",""supports"":""object_reference resolved: active refill tag uniquely identifies the target dispenser""}]",DISAGREE,JSON canonical sort_keys; no semantic normalization,YES
CA-0608,intent,"""Refill only the tagged soap dispenser beside the linen cabinet with an exact approved quantity of liquid soap, without touching the linen cabinet.""","""Refill the active-tagged soap dispenser beside the linen cabinet with an approved quantity of liquid soap.""",DISAGREE,JSON canonical sort_keys; no semantic normalization,YES
CA-0608,resolved_slots,"{""action"":""refill"",""exclude_object"":""linen cabinet"",""object"":""soap dispenser beside the linen cabinet"",""substance"":""liquid soap""}","{""refill_quantity_ml"":null,""substance"":""liquid soap"",""target_object"":""soap dispenser beside the linen cabinet (active refill tag)""}",DISAGREE,JSON canonical sort_keys; no semantic normalization,YES
CA-0608,strategy_sequence,"[""resolve_scope"",""clarify""]","[""resolve_reference"",""clarify""]",DISAGREE,JSON canonical sort_keys; no semantic normalization,YES
CA-0611,ambiguity_types,"[""pragmatic"",""lexical"",""pronoun_reference"",""instrument_reference"",""destination_reference""]","[""pragmatic"",""lexical"",""pronoun_reference"",""destination_reference"",""instrument_reference""]",DISAGREE,JSON canonical sort_keys; no semantic normalization,NO
CA-0611,canonical_outcome,"{""action_plan"":[""Place the linen cart on the assigned calibrated linen scale beside the linen cabinet"",""Verify the scale reading of 12 kg is below the 18 kg handling limit"",""Return the linen cart to the pantry shelf beside the linen closet named in the work order""],""blocking_constraint"":null,""canonical_interpretation"":""Treat the polite request as an instruction: place the linen cart on the assigned calibrated linen scale beside the linen cabinet, confirm it weighs 12 kg (below the 18 kg limit), then return that linen cart to the pantry shelf beside the linen closet named in the work order."",""clarification_question"":null,""rejection_explanation"":null,""success_condition"":""The linen cart has been weighed on the assigned calibrated linen scale and returned to the work-order pantry shelf beside the linen closet."",""terminal_kind"":""executable_interpretation"",""unresolved_slot"":null}","{""action_plan"":[""Navigate to the linen cart at the work point in the housekeeping store."",""Position the assigned calibrated linen scale beside the linen cabinet."",""Place the linen cart onto the assigned linen scale and confirm the displayed weight (12 kg) is below the 18 kg limit."",""Remove the linen cart from the linen scale."",""Navigate to the pantry shelf beside the linen closet."",""Return the linen cart to the pantry shelf beside the linen closet.""],""blocking_constraint"":null,""canonical_interpretation"":""Place the linen cart on the assigned calibrated linen scale beside the linen cabinet, confirm the displayed weight of 12 kg is below the 18 kg limit, then return the linen cart to the pantry shelf beside the linen closet."",""clarification_question"":null,""rejection_explanation"":null,""success_condition"":""Linen cart confirmed weighed at 12 kg (below 18 kg limit) and returned to the pantry shelf beside the linen closet; linen scale remains available at the work point."",""terminal_kind"":""executable_interpretation"",""unresolved_slot"":null}",DISAGREE,JSON canonical sort_keys; no semantic normalization,NO
CA-0611,confidence,0.86,0.88,DISAGREE,JSON canonical sort_keys; no semantic normalization,NO
CA-0611,evidence,"[{""evidence_text"":""Could you place the linen cart on the linen scale beside the linen cabinet, then handle it by returning it to the pantry shelf?"",""field"":""command"",""supports"":""Polite interrogative form with handle/return wording that initially underdetermines force, referent of it, which scale, and which pantry shelf.""},{""evidence_text"":""Treat this as an instruction, and use 'handle it' to mean move the linen cart after weighing it."",""field"":""dialogue_history"",""supports"":""Resolves pragmatic force to an instruction and lexical/pronoun reading of handle it as moving the linen cart after weighing.""},{""evidence_text"":""Two linen scales are present. The unit assigned to this work order is calibrated; the other is reserved for a different load."",""field"":""scene_context"",""supports"":""Initially two matching scales; assignment selects the calibrated work-order unit as the weighing instrument.""},{""evidence_text"":""Two locations are labelled pantry shelf; the work order names the one beside the linen closet."",""field"":""scene_context"",""supports"":""Initially two pantry-shelf destinations; work order binds the return destination.""},{""evidence_text"":""The work-order return field contains the linen cart's asset tag; the linen scale's return point is the calibration rack."",""field"":""scene_context"",""supports"":""Confirms the return target is the linen cart rather than the scale.""},{""evidence_text"":""It displays 12 kilograms. An unrelated room-service tray is logged for later work at the fire door. The robot's handling certificate permits this target below the stated 18-kilogram limit."",""field"":""scene_context"",""supports"":""Weight is within the certified limit, so execution is authorized and feasible.""},{""evidence_text"":""move linen"",""field"":""capability_context"",""supports"":""Robot is capable of the required linen-moving actions.""}]","[{""evidence_text"":""Could you"",""field"":""command"",""supports"":""pragmatic ambiguity: indirect interrogative surface form initially permits a genuine yes/no question reading alongside a directive reading""},{""evidence_text"":""Treat this as an instruction, and use 'handle it' to mean move the linen cart after weighing it."",""field"":""dialogue_history"",""supports"":""resolves pragmatic ambiguity (command force = directive instruction) and lexical ambiguity ('handle it' = move the linen cart after weighing it)""},{""evidence_text"":""handle it by returning it to the pantry shelf"",""field"":""command"",""supports"":""lexical ambiguity: 'handle it' admits multiple task-relevant senses before dialogue resolution; pronoun_reference: 'it' in 'returning it' admits linen cart or linen scale as antecedent before contextual resolution""},{""evidence_text"":""Two linen scales are present. The unit assigned to this work order is calibrated; the other is reserved for a different load."",""field"":""scene_context"",""supports"":""resolves instrument_reference: two scales initially match the command; work-order assignment selects the calibrated unit""},{""evidence_text"":""Two locations are labelled pantry shelf; the work order names the one beside the linen closet."",""field"":""scene_context"",""supports"":""resolves destination_reference: two pantry shelf locations initially match 'returning it to the pantry shelf'; work order selects the one beside the linen closet""},{""evidence_text"":""the work-order return field contains the linen cart's asset tag"",""field"":""scene_context"",""supports"":""resolves pronoun_reference: 'it' in 'returning it to the pantry shelf' refers to the linen cart; linen scale's return point is the calibration rack, not the pantry shelf""},{""evidence_text"":""It displays 12 kilograms. An unrelated room-service tray is logged for later work at the fire door. The robot's handling certificate permits this target below the stated 18-kilogram limit."",""field"":""scene_context"",""supports"":""capability constraint cleared: 12 kg is below the 18 kg limit and the robot holds the required handling certificate; room-service tray is out-of-scope stale work""}]",DISAGREE,JSON canonical sort_keys; no semantic normalization,NO
CA-0611,intent,"""As an instruction, place the linen cart on the assigned calibrated linen scale beside the linen cabinet to weigh it, then return the linen cart to the work-order pantry shelf beside the linen closet.""","""Weigh the linen cart on the assigned calibrated linen scale and then return the linen cart to the pantry shelf beside the linen closet.""",DISAGREE,JSON canonical sort_keys; no semantic normalization,NO
CA-0611,resolved_slots,"{""communicative_force"":""instruction"",""handle_action"":""move the linen cart after weighing"",""measured_weight_kg"":12,""object"":""linen cart"",""return_destination"":""pantry shelf beside the linen closet"",""weighing_instrument"":""assigned calibrated linen scale"",""weight_limit_kg"":18}","{""command_force"":""directive instruction"",""handle_it_meaning"":""move the linen cart after weighing it"",""linen_scale"":""the calibrated scale assigned to this work order"",""pronoun_it_referent"":""linen cart"",""return_destination"":""pantry shelf beside the linen closet""}",DISAGREE,JSON canonical sort_keys; no semantic normalization,NO
CA-0611,risk_factors,[],"[""capability_constraint""]",DISAGREE,JSON canonical sort_keys; no semantic normalization,NO
CA-0618,canonical_outcome,"{""action_plan"":[],""blocking_constraint"":{""factor"":""hazard_constraint"",""reason"":""The active container's label is torn away so the spilled substance cannot be confirmed, and the robot must not contact or clean unidentified substances.""},""canonical_interpretation"":""After binding the spill source to the marked bottle at the prep trolley with the active SPILL tag and the instrument to Kit WO-614, refuse contain-and-clean because the torn label leaves the substance unidentified and the robot is not certified to contact or clean unidentified substances."",""clarification_question"":null,""rejection_explanation"":""I can identify the spill at the prep trolley and kit WO-614, but I cannot contain or clean it because the bottle label is torn and the substance is unidentified; I am not certified to handle unidentified materials."",""success_condition"":null,""terminal_kind"":""rejection"",""unresolved_slot"":null}","{""action_plan"":[],""blocking_constraint"":{""factor"":""capability_constraint"",""reason"":""The active container's label is torn away and the substance cannot be confirmed as sanitizer or another material, and the robot is not certified to contact or clean unidentified substances.""},""canonical_interpretation"":""The command identifies the spill source as the marked bottle near the prep trolley and the tool as Kit WO-614, but the active container's label is torn away and the substance cannot be confirmed as sanitizer or another material; the robot is not certified to contact or clean unidentified substances, so it cannot perform the requested containment and cleaning."",""clarification_question"":null,""rejection_explanation"":""The target bottle and assigned spill kit are identified, but the spilled substance remains unidentified (label torn away, cannot be confirmed as sanitizer or another material). The robot is not certified to contact or clean unidentified substances, so executing the containment and cleaning would exceed its capability and risk contaminating the food preparation area."",""success_condition"":null,""terminal_kind"":""rejection"",""unresolved_slot"":null}",DISAGREE,JSON canonical sort_keys; no semantic normalization,YES
CA-0618,capability_status,"""unsafe""","""incapable""",DISAGREE,JSON canonical sort_keys; no semantic normalization,YES
CA-0618,confidence,0.88,0.82,DISAGREE,JSON canonical sort_keys; no semantic normalization,YES
CA-0618,evidence,"[{""evidence_text"":""Contain and clean the spill from the marked sanitizer bottle near the prep trolley with the food-safe spill kit."",""field"":""command"",""supports"":""Direct request to contain and clean a spill from a marked bottle near the prep trolley using a food-safe spill kit.""},{""evidence_text"":""Two sanitizer bottles carry marks. The one at the prep trolley has an active SPILL tag; the other has a closed cleanup ticket."",""field"":""scene_context"",""supports"":""Object reference initially matches two marked bottles; context selects the prep-trolley bottle with the active SPILL tag.""},{""evidence_text"":""Kit WO-614 is assigned to the active tag. The other identical kit is sealed for another zone."",""field"":""scene_context"",""supports"":""Instrument reference initially matches two identical kits; context selects WO-614 for the active tag.""},{""evidence_text"":""The active container's label is torn away, and the substance cannot be confirmed as sanitizer or another material."",""field"":""scene_context"",""supports"":""Substance identity remains unconfirmed, blocking safe spill handling.""},{""evidence_text"":""It is not certified to contact or clean unidentified substances."",""field"":""capability_context"",""supports"":""Explicit hazard/capability constraint forbids contacting or cleaning the unidentified spill.""}]","[{""evidence_text"":""Contain and clean the spill from the marked sanitizer bottle near the prep trolley with the food-safe spill kit."",""field"":""command"",""supports"":""Command requests containment and cleaning of a spill from a marked sanitizer bottle near the prep trolley using a food-safe spill kit.""},{""evidence_text"":""Two sanitizer bottles carry marks. The one at the prep trolley has an active SPILL tag; the other has a closed cleanup ticket."",""field"":""scene_context"",""supports"":""Two marked bottles initially match 'the marked sanitizer bottle'; the phrase 'near the prep trolley' plus the active SPILL tag resolves the object reference to the bottle at the prep trolley.""},{""evidence_text"":""Kit WO-614 is assigned to the active tag. The other identical kit is sealed for another zone."",""field"":""scene_context"",""supports"":""Two identical food-safe spill kits initially match the instrument phrase; assignment binds the instrument to Kit WO-614.""},{""evidence_text"":""The active container's label is torn away, and the substance cannot be confirmed as sanitizer or another material."",""field"":""scene_context"",""supports"":""The spilled substance is unidentified, so the robot cannot confirm it is the sanitizer named in the command.""},{""evidence_text"":""It is not certified to contact or clean unidentified substances."",""field"":""capability_context"",""supports"":""The robot lacks the capability to clean the unidentified spill, blocking execution regardless of how the object and instrument references resolve.""}]",DISAGREE,JSON canonical sort_keys; no semantic normalization,YES
CA-0618,intent,"""Contain and clean the spill from the marked bottle at the prep trolley that carries the active SPILL tag, using the assigned food-safe spill kit WO-614.""","""Contain and clean the spill from the marked sanitizer bottle located near the prep trolley using the food-safe spill kit assigned to the active spill tag.""",DISAGREE,JSON canonical sort_keys; no semantic normalization,YES
CA-0618,recommended_strategy,"""multi_step""","""face_preserving_rejection""",DISAGREE,JSON canonical sort_keys; no semantic normalization,YES
CA-0618,resolved_slots,"{""action"":""contain_and_clean_spill"",""instrument"":""Kit WO-614"",""location"":""prep trolley"",""object"":""marked sanitizer bottle at prep trolley with active SPILL tag"",""substance_identity"":""unconfirmed""}","{""spill_kit"":""Kit WO-614 (assigned to active tag)"",""substance_identity"":""unconfirmed"",""target_bottle"":""marked sanitizer bottle near the prep trolley (active SPILL tag)""}",DISAGREE,JSON canonical sort_keys; no semantic normalization,YES
CA-0618,risk_factors,"[""hazard_constraint"",""capability_constraint""]","[""capability_constraint"",""safety_constraint""]",DISAGREE,JSON canonical sort_keys; no semantic normalization,YES
CA-0618,strategy_sequence,"[""resolve_reference"",""face_preserving_rejection""]","[""verify_capability"",""face_preserving_rejection""]",DISAGREE,JSON canonical sort_keys; no semantic normalization,YES
CA-0623,ambiguity_types,"[""lexical"",""pronoun_reference"",""spatial_reference""]","[""lexical"",""scope"",""pronoun_reference"",""spatial_reference""]",DISAGREE,JSON canonical sort_keys; no semantic normalization,YES
CA-0623,canonical_outcome,"{""action_plan"":[""Locate the sample transport case beside the transfer trolley at the price terminal"",""Carry the case to the approval station"",""Apply the official approval seal to the unsigned approval record"",""Carry the sealed case to the staff shelf by the service-signed door designated for service traffic"",""Place the case on that staff shelf""],""blocking_constraint"":null,""canonical_interpretation"":""At the approval station, apply the official approval seal to the sample transport case currently beside the transfer trolley at the price terminal (physical closure already secured; approval record unsigned), then return that case to the staff shelf by the service-signed door designated for service traffic—not the emergency-exit door."",""clarification_question"":null,""rejection_explanation"":null,""success_condition"":""The sample transport case's approval record bears the official approval seal applied at the approval station, and the case is on the staff shelf by the service-traffic door."",""terminal_kind"":""executable_interpretation"",""unresolved_slot"":null}","{""action_plan"":[""Navigate to the price terminal where the transfer trolley is parked."",""Pick up the sample transport case located beside the transfer trolley."",""Transport the sample transport case to the approval station stocked with the official seal."",""Apply the official approval seal to the sample transport case's approval record per the active work order authorization."",""Carry the sealed sample transport case to the staff shelf by the service-signed door designated for service traffic."",""Place the sample transport case on the staff shelf.""],""blocking_constraint"":null,""canonical_interpretation"":""The robot retrieves the sample transport case from beside the transfer trolley at the price terminal, transports it to the approval station where the official seal is stocked, applies the official approval seal to the case's approval record as authorized by the active work order, then returns the case to the staff shelf by the service-signed door designated for service traffic."",""clarification_question"":null,""rejection_explanation"":null,""success_condition"":""The sample transport case's approval record bears the official approval seal and the case rests on the staff shelf by the service-traffic door."",""terminal_kind"":""executable_interpretation"",""unresolved_slot"":null}",DISAGREE,JSON canonical sort_keys; no semantic normalization,YES
CA-0623,compound_ambiguity_count,3,4,DISAGREE,JSON canonical sort_keys; no semantic normalization,YES
CA-0623,confidence,0.84,0.82,DISAGREE,JSON canonical sort_keys; no semantic normalization,YES
CA-0623,evidence,"[{""evidence_text"":""Seal the sample transport case beside the transfer trolley at the price terminal, then return it to the staff shelf by the service door."",""field"":""command"",""supports"":""Surface 'Seal' and 'return it' admit approval-seal vs physical-seal senses and case vs trolley antecedents; 'service door' is a spatial locator.""},{""evidence_text"":""The sample transport case's physical closure is already secured, but its approval record is unsigned."",""field"":""scene_context"",""supports"":""Resolves lexical 'Seal' away from physical closure toward the unsigned approval record.""},{""evidence_text"":""The approval station is stocked with an official seal."",""field"":""scene_context"",""supports"":""Supplies the official-seal instrument for the approval reading of 'Seal'.""},{""evidence_text"":""The work-order return field contains the sample transport case's asset tag, while the trolley remains assigned to the price terminal."",""field"":""scene_context"",""supports"":""Binds pronoun 'it' to the sample transport case rather than the movable trolley.""},{""evidence_text"":""The other service-signed door is marked emergency exit only."",""field"":""scene_context"",""supports"":""Shows a second service-signed door that initially competes for 'the service door'.""},{""evidence_text"":""The current shift map designates the service-signed door beside the staff shelf for service traffic."",""field"":""scene_context"",""supports"":""Resolves the staff-shelf destination to the service-traffic door, not the emergency exit.""},{""evidence_text"":""The active work order authorizes this robot to apply the official approval seal to this item at the approval station."",""field"":""scene_context"",""supports"":""Authorizes the approval-seal action at the approval station and makes the resolved plan executable.""},{""evidence_text"":""Retail service robot can carry stock, scan items, print labels, and update approved inventory terminals."",""field"":""capability_context"",""supports"":""Confirms carry/return and inventory-related handling needed for the sealed-case workflow.""}]","[{""evidence_text"":""Seal the sample transport case beside the transfer trolley at the price terminal"",""field"":""command"",""supports"":""Two task-relevant senses of 'seal' (physically close the case vs apply the official approval seal) are available before context resolution; the surface wording 'Seal the sample transport case' supports both readings.""},{""evidence_text"":""The sample transport case's physical closure is already secured, but its approval record is unsigned."",""field"":""scene_context"",""supports"":""Eliminates the physical-closure sense of 'seal' and selects the official-approval-seal sense, resolving the lexical ambiguity.""},{""evidence_text"":""The approval station is stocked with an official seal."",""field"":""scene_context"",""supports"":""The official seal is located at the approval station, so sealing must occur there rather than at the price terminal, resolving the attachment/scope of 'at the price terminal' to the case location rather than the sealing action.""},{""evidence_text"":""both the trolley and the sample transport case are movable"",""field"":""scene_context"",""supports"":""Both the sample transport case and the transfer trolley are grammatically and physically plausible antecedents for the pronoun 'it' in 'return it'.""},{""evidence_text"":""The work-order return field contains the sample transport case's asset tag, while the trolley remains assigned to the price terminal."",""field"":""scene_context"",""supports"":""Resolves the pronoun 'it' to the sample transport case, since the work-order return field names the case and the trolley stays at the price terminal.""},{""evidence_text"":""The other service-signed door is marked emergency exit only. The current shift map designates the service-signed door beside the staff shelf for service traffic."",""field"":""scene_context"",""supports"":""Two service-signed doors initially match 'the service door'; context selects the one beside the staff shelf designated for service traffic, resolving the spatial reference.""},{""evidence_text"":""The active work order authorizes this robot to apply the official approval seal to this item at the approval station."",""field"":""scene_context"",""supports"":""The robot is authorized to apply the official approval seal at the approval station, so execution is permitted and the action is feasible.""},{""evidence_text"":""Retail service robot can carry stock, scan items, print labels, and update approved inventory terminals."",""field"":""capability_context"",""supports"":""The robot can carry stock (the sample transport case) and update approved inventory terminals, so transporting the case and applying the approval seal at the approval station are within capability.""}]",DISAGREE,JSON canonical sort_keys; no semantic normalization,YES
CA-0623,intent,"""Apply the official approval seal to the sample transport case at the approval station, then return that case to the staff shelf by the service-designated door.""","""Apply the official approval seal to the sample transport case (whose physical closure is already secured) and then return that case to the staff shelf located by the service-traffic door.""",DISAGREE,JSON canonical sort_keys; no semantic normalization,YES
CA-0623,resolved_slots,"{""action"":""apply_official_approval_seal"",""action_order"":""seal_then_return"",""instrument"":""official seal"",""object"":""sample transport case"",""return_destination"":""staff shelf by service-signed door (service traffic)"",""return_object"":""sample transport case"",""seal_location"":""approval station""}","{""case_pickup_location"":""price_terminal"",""return_destination"":""staff_shelf"",""return_door"":""service_signed_door_beside_staff_shelf"",""returned_object"":""sample_transport_case"",""seal_location"":""approval_station"",""seal_sense"":""apply_official_approval_seal"",""sealed_object"":""sample_transport_case"",""service_door"":""service_signed_door_beside_staff_shelf""}",DISAGREE,JSON canonical sort_keys; no semantic normalization,YES
CA-0623,risk_factors,"[""authorization_constraint""]",[],DISAGREE,JSON canonical sort_keys; no semantic normalization,YES
CA-0623,risk_level,"""medium""","""low""",DISAGREE,JSON canonical sort_keys; no semantic normalization,YES
CA-0647,canonical_outcome,"{""action_plan"":[""Identify the red medicine tray with the active MOVE tag as the selected tray"",""Move that tray to the handover board"",""Complete the move within three minutes""],""blocking_constraint"":null,""canonical_interpretation"":""Move the red medicine tray bearing the active MOVE tag to the handover board within three minutes, grounding 'shortly' from the local handbook."",""clarification_question"":null,""rejection_explanation"":null,""success_condition"":""The red medicine tray with the active MOVE tag is at the handover board within three minutes."",""terminal_kind"":""executable_interpretation"",""unresolved_slot"":null}","{""action_plan"":[""Identify the red medicine tray as the selected tray via its active MOVE tag, discarding the amber tray whose tag is completed."",""Read the active tag to bind the assigned destination to the handover board."",""Move the red medicine tray to the handover board."",""Complete the move within three minutes, applying the local handbook definition of 'shortly' for ordinary low-risk moves.""],""blocking_constraint"":null,""canonical_interpretation"":""Move the red medicine tray (the one carrying the active MOVE tag) to the handover board, which its active tag assigns as the destination, completing the move within three minutes per the local handbook's definition of 'shortly' for ordinary low-risk moves."",""clarification_question"":null,""rejection_explanation"":null,""success_condition"":""The red medicine tray is delivered to the handover board within three minutes of the command, with the amber (completed) tray left untouched."",""terminal_kind"":""executable_interpretation"",""unresolved_slot"":null}",DISAGREE,JSON canonical sort_keys; no semantic normalization,NO
CA-0647,confidence,0.88,0.82,DISAGREE,JSON canonical sort_keys; no semantic normalization,NO
CA-0647,evidence,"[{""evidence_text"":""Move the selected medicine tray to its assigned destination shortly."",""field"":""command"",""supports"":""Names the selected tray, assigned destination, and vague timing 'shortly' as the requested action.""},{""evidence_text"":""The red one has an active MOVE tag and the amber one has a completed tag."",""field"":""scene_context"",""supports"":""Resolves object_reference by selecting the actively tagged red tray over the completed amber tray.""},{""evidence_text"":""The active tag assigns the handover board as its destination."",""field"":""scene_context"",""supports"":""Binds the assigned destination for the selected tray to the handover board.""},{""evidence_text"":""For ordinary low-risk moves, the local handbook defines 'shortly' as within three minutes."",""field"":""scene_context"",""supports"":""Deterministically grounds fuzzy_temporal 'shortly' for silent resolution.""},{""evidence_text"":""Hospital delivery robot can move sealed supplies, scan identifiers, and operate approved carts outside direct clinical treatment."",""field"":""capability_context"",""supports"":""Confirms the robot can perform the resolved sealed-supply move.""}]","[{""evidence_text"":""Move the selected medicine tray to its assigned destination shortly."",""field"":""command"",""supports"":""The command names a selected tray, an assigned destination, and a vague delay 'shortly' that must be grounded.""},{""evidence_text"":""The red one has an active MOVE tag and the amber one has a completed tag."",""field"":""scene_context"",""supports"":""Two trays initially match 'the selected medicine tray'; the active-vs-completed tag distinction resolves the object reference to the red tray.""},{""evidence_text"":""The active tag assigns the handover board as its destination."",""field"":""scene_context"",""supports"":""The assigned destination is bound to the handover board by the active tag, leaving no competing destination for the tray.""},{""evidence_text"":""For ordinary low-risk moves, the local handbook defines 'shortly' as within three minutes."",""field"":""scene_context"",""supports"":""A deterministic local rule grounds the fuzzy temporal value 'shortly' to within three minutes, enabling silent resolution.""},{""evidence_text"":""An unrelated record folder is logged for later work at the collection point."",""field"":""scene_context"",""supports"":""The collection point pertains to an unrelated folder, not the tray, so it is not a competing destination for this move.""},{""evidence_text"":""Hospital delivery robot can move sealed supplies, scan identifiers, and operate approved carts outside direct clinical treatment."",""field"":""capability_context"",""supports"":""Moving a sealed medicine tray to a handover board is within the robot's approved capability, with no safety or authorization block.""}]",DISAGREE,JSON canonical sort_keys; no semantic normalization,NO
CA-0647,intent,"""Move the red medicine tray with the active MOVE tag to the handover board within three minutes.""","""Move the currently selected (active) medicine tray to the destination its active tag assigns, completing the move within the locally defined 'shortly' window.""",DISAGREE,JSON canonical sort_keys; no semantic normalization,NO
CA-0647,resolved_slots,"{""destination"":""handover board"",""object"":""red medicine tray with active MOVE tag"",""timing"":""within three minutes""}","{""destination"":""handover board"",""selected_tray"":""red medicine tray (active MOVE tag)"",""timing"":""within three minutes""}",DISAGREE,JSON canonical sort_keys; no semantic normalization,NO
CA-0648,canonical_outcome,"{""action_plan"":[""After the 14:00 check linked to the job, access the centrifuge controller at the analysis bench."",""Set the controller configuration to 1,200 revolutions per minute per the operating handbook routine setting."",""Confirm the configured speed is applied.""],""blocking_constraint"":null,""canonical_interpretation"":""Treat the interrogative as a directive to configure the centrifuge controller to 1,200 RPM after the uniquely job-linked 14:00 check."",""clarification_question"":null,""rejection_explanation"":null,""success_condition"":""After the 14:00 check, the centrifuge controller is configured to 1,200 RPM."",""terminal_kind"":""executable_interpretation"",""unresolved_slot"":null}","{""action_plan"":[""Wait for the 14:00 check to complete"",""Configure the centrifuge controller to 1,200 revolutions per minute""],""blocking_constraint"":null,""canonical_interpretation"":""Set (configure) the centrifuge controller to its routine operating level of 1,200 RPM after the 14:00 check completes."",""clarification_question"":null,""rejection_explanation"":null,""success_condition"":""The centrifuge controller is configured to 1,200 RPM after the 14:00 check has completed."",""terminal_kind"":""executable_interpretation"",""unresolved_slot"":null}",DISAGREE,JSON canonical sort_keys; no semantic normalization,NO
CA-0648,confidence,0.86,0.9,DISAGREE,JSON canonical sort_keys; no semantic normalization,NO
CA-0648,evidence,"[{""evidence_text"":""Would it help to set the centrifuge controller appropriately after the check?"",""field"":""command"",""supports"":""Surface form is interrogative/recommendation-seeking and leaves set-sense, check timing, and appropriate setting underspecified.""},{""evidence_text"":""I am requesting the action rather than asking for a recommendation."",""field"":""dialogue_history"",""supports"":""Resolves pragmatic force from advice-seeking question to a directive to perform the stated action.""},{""evidence_text"":""The centrifuge controller is already in its assigned position, so 'set' concerns configuration."",""field"":""scene_context"",""supports"":""Resolves lexical sense of set to configuration rather than physical placement.""},{""evidence_text"":""The check at 14:00 is uniquely linked to the job."",""field"":""scene_context"",""supports"":""Resolves temporal reference of the check to the single job-linked 14:00 occurrence.""},{""evidence_text"":""The operating handbook defines the routine setting for this asset as 1,200 revolutions per minute."",""field"":""scene_context"",""supports"":""Deterministically grounds degree-vague appropriately to 1,200 RPM for silent resolution.""},{""evidence_text"":""use approved instruments within its containment rating"",""field"":""capability_context"",""supports"":""Confirms the robot can operate the approved centrifuge controller once parameters are grounded.""}]","[{""evidence_text"":""Would it help to set the centrifuge controller appropriately after the check?"",""field"":""command"",""supports"":""Surface form is a yes/no recommendation inquiry, but the directive force is a request; pragmatic indirect request.""},{""evidence_text"":""I am requesting the action rather than asking for a recommendation."",""field"":""dialogue_history"",""supports"":""Resolves pragmatic force to a directive request to perform the action, not to answer whether it would help.""},{""evidence_text"":""The centrifuge controller is already in its assigned position, so 'set' concerns configuration."",""field"":""scene_context"",""supports"":""Resolves the lexical sense of 'set' to configure rather than place/relocate.""},{""evidence_text"":""The check at 14:00 is uniquely linked to the job."",""field"":""scene_context"",""supports"":""Resolves the temporal reference 'the check' to the 14:00 occurrence, fixing the action order to check-then-set.""},{""evidence_text"":""The operating handbook defines the routine setting for this asset as 1,200 revolutions per minute."",""field"":""scene_context"",""supports"":""Deterministically grounds the degree-vague 'appropriately' to 1,200 RPM via silent resolution.""},{""evidence_text"":""use approved instruments within its containment rating"",""field"":""capability_context"",""supports"":""Configuring an approved laboratory instrument to its routine handbook setting is within the robot's capability, so execution is feasible.""}]",DISAGREE,JSON canonical sort_keys; no semantic normalization,NO
CA-0648,intent,"""Configure the centrifuge controller to the handbook routine speed of 1,200 RPM after the job-linked 14:00 check.""","""Configure the centrifuge controller to its routine operating setting after the 14:00 check, as a directive request (not a recommendation inquiry).""",DISAGREE,JSON canonical sort_keys; no semantic normalization,NO
CA-0648,resolved_slots,"{""action"":""configure"",""communicative_force"":""directive"",""setting_rpm"":1200,""target"":""centrifuge controller"",""timing"":""after the 14:00 check""}","{""action_order"":""check_then_set"",""check_occurrence"":""14:00_check"",""communicative_force"":""directive_request"",""operating_level_rpm"":1200,""set_sense"":""configure""}",DISAGREE,JSON canonical sort_keys; no semantic normalization,NO
CA-0654,ambiguity_types,"[""spatial_reference"",""pronoun_reference"",""temporal_reference""]","[""spatial_reference"",""temporal_reference""]",DISAGREE,JSON canonical sort_keys; no semantic normalization,YES
CA-0654,canonical_outcome,"{""action_plan"":[],""blocking_constraint"":{""factor"":""authorization_constraint"",""reason"":""The controlled-medication case has a tamper-evident seal, the work order has no authorized opening code, and the robot is not authorized to break tamper-evident seals.""},""canonical_interpretation"":""After binding the case to the shelter-zone service door, binding return-it to that case, and binding the check to the job-linked 15:00 event, refuse to open the sealed controlled-medication case because the robot may not break tamper-evident seals and the work order lacks an authorized opening code."",""clarification_question"":null,""rejection_explanation"":""I can identify the controlled-medication case by the shelter-zone service door and the secure-cage return after the 15:00 check, but I am not allowed to break its tamper-evident seal or open it without an authorized opening code."",""success_condition"":null,""terminal_kind"":""rejection"",""unresolved_slot"":null}","{""action_plan"":[],""blocking_constraint"":{""factor"":""authorization_constraint"",""reason"":""Opening the controlled-medication case requires breaking its tamper-evident seal, and the robot is not authorized to break tamper-evident seals; the work order does not include an authorized opening code.""},""canonical_interpretation"":""The robot locates the controlled-medication case beside the transfer trolley at the work-order-named service door, but cannot open it because opening requires breaking the tamper-evident seal and the work order provides no authorized opening code; the robot declines the opening step while preserving the return-to-cage intent."",""clarification_question"":null,""rejection_explanation"":""I can transport the sealed controlled-medication case to the secure cage after the 15:00 check, but I'm not authorized to break the tamper-evident seal to open the case, and the work order contains no authorized opening code. Please have authorized medical staff open the case, or supply an authorized opening code."",""success_condition"":null,""terminal_kind"":""rejection"",""unresolved_slot"":null}",DISAGREE,JSON canonical sort_keys; no semantic normalization,YES
CA-0654,compound_ambiguity_count,3,2,DISAGREE,JSON canonical sort_keys; no semantic normalization,YES
CA-0654,confidence,0.88,0.86,DISAGREE,JSON canonical sort_keys; no semantic normalization,YES
CA-0654,evidence,"[{""evidence_text"":""Open the controlled-medication case beside the transfer trolley near the service door, then return it to the secure cage after the check."",""field"":""command"",""supports"":""Directive requests opening a case located via trolley and service-door landmarks, then returning it after a named check event.""},{""evidence_text"":""Two doors carry service labels."",""field"":""scene_context"",""supports"":""Initial spatial_reference ambiguity: more than one service-labeled door matches the landmark phrase.""},{""evidence_text"":""The work order names the door beside the shelter zone; the other is emergency-only. A transfer trolley is also beside the named door."",""field"":""scene_context"",""supports"":""Context selects the shelter-zone service door and co-located trolley as the case landmark.""},{""evidence_text"":""The work-order return field contains the controlled-medication case's asset tag; the trolley belongs to a separate task."",""field"":""scene_context"",""supports"":""Resolves pronoun_reference for return-it to the case rather than the trolley.""},{""evidence_text"":""The check at 15:00 is linked to the job."",""field"":""scene_context"",""supports"":""Job-occurrence link grounds temporal_reference for after the check.""},{""evidence_text"":""The controlled-medication case carries a tamper-evident seal and the work order does not include an authorized opening code."",""field"":""scene_context"",""supports"":""Opening would require breaking a sealed controlled item without an authorized code.""},{""evidence_text"":""It may transport sealed sensitive items but is not authorized to break tamper-evident seals."",""field"":""capability_context"",""supports"":""Authorization constraint blocks the identified open action; transport-only of sealed items remains allowed.""}]","[{""evidence_text"":""Open the controlled-medication case beside the transfer trolley near the service door"",""field"":""command"",""supports"":""The directive action is to open the sealed controlled-medication case; opening requires breaking the tamper-evident seal.""},{""evidence_text"":""near the service door"",""field"":""command"",""supports"":""Two doors carry service labels, so 'the service door' initially matches more than one candidate; the work order resolves it to the door beside the shelter zone.""},{""evidence_text"":""after the check"",""field"":""command"",""supports"":""The return timing is anchored to a check event whose occurrence is fixed by the explicit job-occurrence link at 15:00.""},{""evidence_text"":""Two doors carry service labels. The work order names the door beside the shelter zone; the other is emergency-only."",""field"":""scene_context"",""supports"":""Resolves the spatial_reference: 'the service door' is the work-order-named door beside the shelter zone, not the emergency-only door.""},{""evidence_text"":""The check at 15:00 is linked to the job."",""field"":""scene_context"",""supports"":""Resolves the temporal_reference: 'the check' is the 15:00 job-linked check, anchoring 'after the check'.""},{""evidence_text"":""The controlled-medication case carries a tamper-evident seal and the work order does not include an authorized opening code."",""field"":""scene_context"",""supports"":""Opening the case requires breaking a tamper-evident seal with no authorized opening code, triggering the authorization block.""},{""evidence_text"":""It may transport sealed sensitive items but is not authorized to break tamper-evident seals."",""field"":""capability_context"",""supports"":""The robot may transport the sealed case but is explicitly unauthorized to break the tamper-evident seal, so the open step is blocked while the return transport remains feasible.""}]",DISAGREE,JSON canonical sort_keys; no semantic normalization,YES
CA-0654,intent,"""Open the controlled-medication case beside the transfer trolley at the work-order-named service door by the shelter zone, then return that case to the secure cage after the job-linked 15:00 check.""","""Open a sealed controlled-medication case located beside a transfer trolley near a service door, then return the case to the secure cage after a 15:00 check.""",DISAGREE,JSON canonical sort_keys; no semantic normalization,YES
CA-0654,recommended_strategy,"""multi_step""","""face_preserving_rejection""",DISAGREE,JSON canonical sort_keys; no semantic normalization,YES
CA-0654,resolved_slots,"{""check_event"":""15:00 check linked to the job"",""object"":""controlled-medication case"",""requested_action"":""open controlled-medication case"",""return_destination"":""secure cage"",""return_object"":""controlled-medication case"",""spatial_landmark"":""service door beside the shelter zone""}","{""check_time"":""15:00"",""destination"":""secure cage"",""object"":""controlled-medication case (tamper-evident seal)"",""return_timing"":""after the 15:00 check"",""spatial_anchor"":""service door named by work order beside the shelter zone"",""transfer_trolley_role"":""landmark only; belongs to a separate task""}",DISAGREE,JSON canonical sort_keys; no semantic normalization,YES
CA-0654,risk_factors,"[""authorization_constraint"",""hazard_constraint""]","[""authorization_constraint""]",DISAGREE,JSON canonical sort_keys; no semantic normalization,YES
CA-0654,strategy_sequence,"[""resolve_reference"",""verify_capability"",""face_preserving_rejection""]","[""resolve_reference"",""face_preserving_rejection""]",DISAGREE,JSON canonical sort_keys; no semantic normalization,YES
CA-0671,canonical_outcome,"{""action_plan"":[],""blocking_constraint"":null,""canonical_interpretation"":""Ask which of the two staged, calibrated pressure gauges to use for WO-433 at the east-side service alcove after the 08:00 check, because the expected measurement range is unspecified and the protocol requires the range-appropriate instrument."",""clarification_question"":""Should I measure WO-433 with the handheld unit (low range) or the cart-mounted unit (high range)?"",""rejection_explanation"":null,""success_condition"":null,""terminal_kind"":""clarification"",""unresolved_slot"":{""candidate_values"":[""handheld unit"",""cart-mounted unit""],""reason_unresolved"":""Two calibrated gauges are staged (handheld for low range, cart-mounted for high range); the work order omits the expected range and the protocol requires the range-appropriate instrument, so neither gauge can be selected safely from supplied evidence alone."",""slot_name"":""pressure_gauge""}}","{""action_plan"":[],""blocking_constraint"":null,""canonical_interpretation"":""Measure the suction pressure of vacuum WO-433 at the east-side service alcove after the 08:00 scheduled check, using the range-appropriate pressure gauge."",""clarification_question"":""Which pressure range is expected for this vacuum's suction pressure measurement so I can use the range-appropriate gauge?"",""rejection_explanation"":null,""success_condition"":null,""terminal_kind"":""clarification"",""unresolved_slot"":{""candidate_values"":[""handheld low-range unit"",""cart-mounted high-range unit""],""reason_unresolved"":""The work order does not state the expected pressure range, and the measurement protocol requires the range-appropriate instrument, so no deterministic rule selects between the two staged gauges."",""slot_name"":""pressure_gauge_selection""}}",DISAGREE,JSON canonical sort_keys; no semantic normalization,NO
CA-0671,confidence,0.86,0.82,DISAGREE,JSON canonical sort_keys; no semantic normalization,NO
CA-0671,evidence,"[{""evidence_text"":""Measure the vacuum's suction pressure near the service alcove with the pressure gauge after the check."",""field"":""command"",""supports"":""Surface request names a vacuum near a service alcove and a pressure gauge without specifying which alcove or which gauge.""},{""evidence_text"":""Two locations are labelled service alcove. Asset tag WO-433 identifies the vacuum at the east-side service alcove; the west-side service alcove belongs to another task."",""field"":""scene_context"",""supports"":""spatial_reference initially matches two alcoves but context binds the vacuum and site to the east-side alcove via WO-433.""},{""evidence_text"":""Two pressure gauges are staged at the active work point and are in calibration. The handheld unit covers the low range; the cart-mounted unit covers the high range. The work order does not state the expected range."",""field"":""scene_context"",""supports"":""instrument_reference has two matching gauges and no stated expected range to select between them.""},{""evidence_text"":""The measurement protocol requires the range-appropriate instrument. Both staged meters and the measurement itself are authorized for this robot; either range-specific measurement is feasible once the expected range is supplied."",""field"":""scene_context"",""supports"":""Execution is authorized and feasible only after the missing range/instrument choice is supplied, so the route is targeted clarification.""}]","[{""evidence_text"":""Measure the vacuum's suction pressure near the service alcove with the pressure gauge after the check."",""field"":""command"",""supports"":""Measurement task with an ambiguous service-alcove location, an ambiguous pressure-gauge instrument, and a temporal anchor 'after the check'.""},{""evidence_text"":""Two locations are labelled service alcove."",""field"":""scene_context"",""supports"":""spatial_reference: more than one service alcove initially matches 'the service alcove'.""},{""evidence_text"":""Asset tag WO-433 identifies the vacuum at the east-side service alcove"",""field"":""scene_context"",""supports"":""Resolves the spatial reference to the east-side service alcove where the target vacuum is located.""},{""evidence_text"":""Two pressure gauges are staged at the active work point and are in calibration. The handheld unit covers the low range; the cart-mounted unit covers the high range."",""field"":""scene_context"",""supports"":""instrument_reference: two pressure gauges initially match 'the pressure gauge'.""},{""evidence_text"":""The work order does not state the expected range. An unrelated floor sign is logged for later work at the fire door. The measurement protocol requires the range-appropriate instrument."",""field"":""scene_context"",""supports"":""No deterministic rule selects the gauge; the range-appropriate instrument requirement leaves the gauge choice as the single unresolved slot.""},{""evidence_text"":""The task card schedules the check at 08:00."",""field"":""scene_context"",""supports"":""Resolves 'after the check' to the 08:00 scheduled check occurrence.""},{""evidence_text"":""Both staged meters and the measurement itself are authorized for this robot; either range-specific measurement is feasible once the expected range is supplied."",""field"":""scene_context"",""supports"":""Authorization and capability are satisfied; only the expected-range clarification blocks execution, so capability is conditionally_capable.""},{""evidence_text"":""Hotel service robot can deliver sealed guest items, move linen, scan room tags, and clean approved floor equipment."",""field"":""capability_context"",""supports"":""No listed limitation blocks the authorized pressure measurement; per handbook, no missing limitation is invented from a short capability list.""}]",DISAGREE,JSON canonical sort_keys; no semantic normalization,NO
CA-0671,intent,"""After the scheduled 08:00 check, measure suction pressure of vacuum WO-433 at the east-side service alcove using the range-appropriate staged pressure gauge.""","""Measure the suction pressure of vacuum WO-433 at the east-side service alcove after the 08:00 scheduled check, using the range-appropriate pressure gauge.""",DISAGREE,JSON canonical sort_keys; no semantic normalization,NO
CA-0671,resolved_slots,"{""action"":""measure suction pressure"",""location"":""east-side service alcove"",""measurement_timing"":""after the 08:00 check"",""vacuum"":""WO-433""}","{""check_occurrence"":""08:00 scheduled check"",""service_alcove"":""east-side service alcove"",""vacuum"":""WO-433""}",DISAGREE,JSON canonical sort_keys; no semantic normalization,NO
CA-0677,canonical_outcome,"{""action_plan"":[""Select the amber barrier panel with the active MOVE tag rather than the red completed-tag panel."",""Transport that panel to the safety office on level ground."",""Complete the move within three minutes.""],""blocking_constraint"":null,""canonical_interpretation"":""Move the amber barrier panel that carries the active MOVE tag to the safety office within three minutes, treating 'shortly' per the local handbook."",""clarification_question"":null,""rejection_explanation"":null,""success_condition"":""The amber barrier panel with the active MOVE tag is at the safety office and the move completed within three minutes."",""terminal_kind"":""executable_interpretation"",""unresolved_slot"":null}","{""action_plan"":[""Identify the amber barrier panel with the active MOVE tag as the selected panel"",""Transport the amber barrier panel to the safety office on level ground"",""Complete the move within three minutes of the command""],""blocking_constraint"":null,""canonical_interpretation"":""Move the amber barrier panel (the one with the active MOVE tag) to the safety office, completing the transport within three minutes."",""clarification_question"":null,""rejection_explanation"":null,""success_condition"":""The amber barrier panel is delivered to the safety office within three minutes of command issue."",""terminal_kind"":""executable_interpretation"",""unresolved_slot"":null}",DISAGREE,JSON canonical sort_keys; no semantic normalization,NO
CA-0677,confidence,0.88,0.86,DISAGREE,JSON canonical sort_keys; no semantic normalization,NO
CA-0677,evidence,"[{""evidence_text"":""Move the selected barrier panel to its assigned destination shortly."",""field"":""command"",""supports"":""Names the selected panel, assigned destination, and vague timing 'shortly' as the slots to bind.""},{""evidence_text"":""The amber one has an active MOVE tag and the red one has a completed tag."",""field"":""scene_context"",""supports"":""Resolves object_reference by selecting the active-tagged amber panel over the completed red panel.""},{""evidence_text"":""The active tag assigns the safety office as its destination."",""field"":""scene_context"",""supports"":""Binds the assigned destination slot to the safety office.""},{""evidence_text"":""For ordinary low-risk moves, the local handbook defines 'shortly' as within three minutes."",""field"":""scene_context"",""supports"":""Deterministically grounds fuzzy_temporal 'shortly' for silent resolution.""},{""evidence_text"":""Construction support robot can transport rated loads on level ground"",""field"":""capability_context"",""supports"":""Confirms transport of the barrier panel is within robot capability.""}]","[{""evidence_text"":""Move the selected barrier panel to its assigned destination shortly."",""field"":""command"",""supports"":""The definite description 'the selected barrier panel' and the adverb 'shortly' open object-reference and fuzzy-temporal readings that context must bind.""},{""evidence_text"":""The amber one has an active MOVE tag and the red one has a completed tag."",""field"":""scene_context"",""supports"":""Of the two visible barrier panels, only the amber panel carries an active MOVE tag, resolving the object reference.""},{""evidence_text"":""The active tag assigns the safety office as its destination."",""field"":""scene_context"",""supports"":""The assigned destination is uniquely the safety office, so destination_reference is not ambiguous.""},{""evidence_text"":""For ordinary low-risk moves, the local handbook defines 'shortly' as within three minutes."",""field"":""scene_context"",""supports"":""A deterministic local rule grounds 'shortly' to within three minutes, allowing silent resolution of the fuzzy temporal value.""},{""evidence_text"":""deploy lightweight barriers outside active machinery zones"",""field"":""capability_context"",""supports"":""The robot is capable of deploying lightweight barriers in permitted zones, consistent with executing the resolved move.""}]",DISAGREE,JSON canonical sort_keys; no semantic normalization,NO
CA-0677,intent,"""Transport the amber barrier panel with the active MOVE tag to the safety office within three minutes.""","""Move the selected barrier panel (the amber one carrying the active MOVE tag) to its assigned destination (the safety office) within three minutes.""",DISAGREE,JSON canonical sort_keys; no semantic normalization,NO
CA-0677,resolved_slots,"{""destination"":""safety office"",""object"":""amber barrier panel with active MOVE tag"",""timing"":""within three minutes""}","{""destination"":""safety office"",""object"":""amber barrier panel (active MOVE tag)"",""temporal_bound"":""within three minutes""}",DISAGREE,JSON canonical sort_keys; no semantic normalization,NO
CA-0679,canonical_outcome,"{""action_plan"":[""Wait until after the 08:00 scheduled linen pickup completes"",""Inspect the floor sign per WO-523"",""Move the floor sign"",""Place the item at the service alcove, scan its tag, and ensure the path is clear"",""Stop when the readiness checklist criteria are met""],""blocking_constraint"":null,""canonical_interpretation"":""Treat the polite offer as a request to execute: after the 08:00 linen pickup linked by WO-523, inspect the floor sign before moving it, and continue until the item is at the service alcove, its tag is scanned, and the path is clear."",""clarification_question"":null,""rejection_explanation"":null,""success_condition"":""After the 08:00 linen pickup, the floor sign has been inspected then moved, and readiness is complete with the item at the service alcove, tag scanned, and path clear."",""terminal_kind"":""executable_interpretation"",""unresolved_slot"":null}","{""action_plan"":[""Wait for / proceed at the 08:00 linen pickup occurrence bound by procedure WO-523."",""Inspect the floor sign."",""Move the floor sign."",""Continue the sequence until the readiness checklist is satisfied: item at the service alcove, its tag scanned, and the path clear.""],""blocking_constraint"":null,""canonical_interpretation"":""Treat the utterance as a directive to execute (not merely assess) the WO-523 workable sequence: after the 08:00 linen pickup, inspect the floor sign, then move it, continuing until the readiness checklist (item at the service alcove, tag scanned, path clear) is satisfied."",""clarification_question"":null,""rejection_explanation"":null,""success_condition"":""The floor sign has been inspected and moved after the 08:00 linen pickup, and the readiness checklist is fully satisfied (item at the service alcove, tag scanned, path clear)."",""terminal_kind"":""executable_interpretation"",""unresolved_slot"":null}",DISAGREE,JSON canonical sort_keys; no semantic normalization,NO
CA-0679,capability_status,"""conditionally_capable""","""capable""",DISAGREE,JSON canonical sort_keys; no semantic normalization,NO
CA-0679,confidence,0.82,0.72,DISAGREE,JSON canonical sort_keys; no semantic normalization,NO
CA-0679,evidence,"[{""evidence_text"":""Would it help to carry out both the inspection and movement of the floor sign after a scheduled linen pickup, continuing until the setup is ready?"",""field"":""command"",""supports"":""Polite question form with unordered inspection/movement, underspecified pickup occurrence, and vague readiness endpoint.""},{""evidence_text"":""carry out the workable sequence rather than merely assessing it"",""field"":""dialogue_history"",""supports"":""Resolves pragmatic force from assessment/offer to an execute directive.""},{""evidence_text"":""The linen pickup is scheduled at 08:00 and again at 12:00"",""field"":""scene_context"",""supports"":""Two candidate pickup times create temporal_reference before context binding.""},{""evidence_text"":""Procedure WO-523 links this job to the 08:00 occurrence"",""field"":""scene_context"",""supports"":""Binds the scheduled linen pickup to the 08:00 occurrence.""},{""evidence_text"":""Procedure WO-523 requires inspection before movement"",""field"":""scene_context"",""supports"":""Resolves action_order to inspection before movement.""},{""evidence_text"":""The readiness checklist requires the item at the service alcove, its tag scanned, and the path clear"",""field"":""scene_context"",""supports"":""Deterministically grounds endpoint_vagueness for when the setup is ready.""},{""evidence_text"":""Hotel service robot can deliver sealed guest items, move linen, scan room tags, and clean approved floor equipment"",""field"":""capability_context"",""supports"":""Resolved housekeeping inspect/move/scan sequence is within capability.""}]","[{""evidence_text"":""Would it help to carry out both the inspection and movement of the floor sign after a scheduled linen pickup, continuing until the setup is ready?"",""field"":""command"",""supports"":""Surface form is a yes/no question (indirect request) whose directive force must be reinterpreted; it also names the inspection+movement actions, the scheduled linen pickup, and the 'setup is ready' endpoint.""},{""evidence_text"":""guest: Yes, carry out the workable sequence rather than merely assessing it."",""field"":""dialogue_history"",""supports"":""Resolves the pragmatic force from question to directive to execute the workable sequence, confirming the indirect-request reading.""},{""evidence_text"":""The linen pickup is scheduled at 08:00 and again at 12:00. Procedure WO-523 links this job to the 08:00 occurrence. Procedure WO-523 requires inspection before movement."",""field"":""scene_context"",""supports"":""Resolves the temporal_reference (two occurrences -> 08:00 via WO-523) and the action_order (inspection before movement per WO-523).""},{""evidence_text"":""The readiness checklist requires the item at the service alcove, its tag scanned, and the path clear."",""field"":""scene_context"",""supports"":""Grounds the endpoint_vagueness of 'continuing until the setup is ready' to a deterministic completion condition.""},{""evidence_text"":""Hotel service robot can deliver sealed guest items, move linen, scan room tags, and clean approved floor equipment."",""field"":""capability_context"",""supports"":""Robot capabilities (scan tags, handle floor equipment) are consistent with executing the resolved inspection/movement/readiness sequence; no route-changing limitation is stated.""}]",DISAGREE,JSON canonical sort_keys; no semantic normalization,NO
CA-0679,intent,"""After the WO-523-linked 08:00 linen pickup, inspect then move the floor sign and continue until the readiness checklist is satisfied.""","""Execute the inspection-then-movement sequence for the floor sign after the 08:00 scheduled linen pickup, continuing until the readiness checklist (item at service alcove, tag scanned, path clear) is satisfied.""",DISAGREE,JSON canonical sort_keys; no semantic normalization,NO
CA-0679,primary_ambiguity_type,"""endpoint_vagueness""","""pragmatic""",DISAGREE,JSON canonical sort_keys; no semantic normalization,NO
CA-0679,resolved_slots,"{""action_order"":""inspection before movement"",""communicative_force"":""execute"",""endpoint"":""item at service alcove, tag scanned, path clear"",""object"":""floor sign"",""procedure"":""WO-523"",""temporal_anchor"":""08:00 linen pickup""}","{""action_order"":""inspection_before_movement"",""communicative_force"":""directive"",""endpoint"":""readiness_checklist_satisfied"",""linen_pickup_occurrence"":""08:00"",""object"":""floor_sign"",""procedure"":""WO-523""}",DISAGREE,JSON canonical sort_keys; no semantic normalization,NO
CA-0679,strategy_sequence,"[""reinterpret_indirect_request"",""silently_resolve"",""execute""]","[""reinterpret_indirect_request"",""resolve_reference"",""resolve_context"",""execute""]",DISAGREE,JSON canonical sort_keys; no semantic normalization,NO
CA-0680,canonical_outcome,"{""action_plan"":[""Identify the green room-service tray carrying open work order WO-187"",""Apply the guest-delivery setup mapped to WO-187"",""Scan that tray before release""],""blocking_constraint"":null,""canonical_interpretation"":""Recover the prior scan action (not the one-off floor-sign move), select the green room-service tray with open work order WO-187, apply the guest-delivery usual setup for that work order, and scan it before release."",""clarification_question"":null,""rejection_explanation"":null,""success_condition"":""The open green room-service tray for WO-187 has been scanned under the guest-delivery setup before release."",""terminal_kind"":""executable_interpretation"",""unresolved_slot"":null}","{""action_plan"":[""Identify the active green room-service tray with open work order WO-187 (the tray with the open work order, not the completed-barcode tray)"",""Apply the guest-delivery setup, which the setup table binds to the WO-187 work-order prefix"",""Scan the tray's room tag before release"",""Confirm the scan is recorded on the batch board for this run""],""blocking_constraint"":null,""canonical_interpretation"":""Scan the active green room-service tray carrying open work order WO-187 under the guest-delivery setup, then confirm the scan is recorded before release."",""clarification_question"":null,""rejection_explanation"":null,""success_condition"":""The active green room-service tray (WO-187) is scanned under the guest-delivery setup and recorded as released on the batch board."",""terminal_kind"":""executable_interpretation"",""unresolved_slot"":null}",DISAGREE,JSON canonical sort_keys; no semantic normalization,NO
CA-0680,evidence,"[{""evidence_text"":""Do the same with the green room-service tray using the usual setup."",""field"":""command"",""supports"":""Elliptical directive that omits the operation and leaves tray and setup underspecified on the surface.""},{""evidence_text"":""I scanned the first room-service tray and moved the floor sign after a separate damage alert."",""field"":""dialogue_history"",""supports"":""Prior completed actions that 'Do the same' could recover from.""},{""evidence_text"":""the floor sign was a one-off interruption."",""field"":""dialogue_history"",""supports"":""Excludes the floor-sign move so discourse recovery selects scanning the tray.""},{""evidence_text"":""Two green room-service trays are present. One has an open work order and the other carries a completed barcode."",""field"":""scene_context"",""supports"":""Initial object_reference ambiguity between two matching green trays, resolved to the open active item.""},{""evidence_text"":""The setup table states that the room turnaround applies to a different work-order prefix, while Work order WO-187 maps to the guest delivery."",""field"":""scene_context"",""supports"":""Initial routine_reference ambiguity for usual setup, resolved to guest delivery for WO-187.""},{""evidence_text"":""each open room-service tray in this run is scanned before release."",""field"":""scene_context"",""supports"":""Confirms the recovered action and completion condition for the open tray.""},{""evidence_text"":""Hotel service robot can deliver sealed guest items, move linen, scan room tags, and clean approved floor equipment."",""field"":""capability_context"",""supports"":""Scanning and guest-item handling are within capability for the resolved task.""}]","[{""evidence_text"":""Do the same with the green room-service tray using the usual setup."",""field"":""command"",""supports"":""discourse_ellipsis ('Do the same' omits the prior scan operation), object_reference (two green trays initially match 'the green room-service tray'), and routine_reference ('the usual setup' initially admits more than one procedure).""},{""evidence_text"":""I scanned the first room-service tray and moved the floor sign after a separate damage alert."",""field"":""dialogue_history"",""supports"":""discourse_ellipsis: 'the same' recovers the scan operation performed on the first tray, with the floor-sign move as a separate action.""},{""evidence_text"":""the floor sign was a one-off interruption"",""field"":""dialogue_history"",""supports"":""discourse_ellipsis: excludes the floor-sign move from the recovered 'same' operation, leaving only the scan.""},{""evidence_text"":""Two green room-service trays are present. One has an open work order and the other carries a completed barcode."",""field"":""scene_context"",""supports"":""object_reference: two green room-service trays initially match the noun phrase before context selects one.""},{""evidence_text"":""The open task on the active item is Work order WO-187."",""field"":""scene_context"",""supports"":""object_reference resolution: the active tray is the open one, WO-187, not the completed-barcode tray.""},{""evidence_text"":""the room turnaround applies to a different work-order prefix, while Work order WO-187 maps to the guest delivery"",""field"":""scene_context"",""supports"":""routine_reference: 'the usual setup' initially maps to room turnaround and guest delivery, and the WO-187 prefix selects guest delivery.""},{""evidence_text"":""each open room-service tray in this run is scanned before release"",""field"":""scene_context"",""supports"":""the recovered scan operation and the success condition: the open tray must be scanned before release.""},{""evidence_text"":""scan room tags"",""field"":""capability_context"",""supports"":""feasibility: the robot can scan room tags, so the resolved scan action is executable.""}]",DISAGREE,JSON canonical sort_keys; no semantic normalization,NO
CA-0680,intent,"""Scan the green room-service tray with open work order WO-187 using the guest-delivery setup before release.""","""Scan the active green room-service tray (open work order WO-187) under the guest-delivery setup before release.""",DISAGREE,JSON canonical sort_keys; no semantic normalization,NO
CA-0680,recommended_strategy,"""multi_step""","""execute""",DISAGREE,JSON canonical sort_keys; no semantic normalization,NO
CA-0680,resolved_slots,"{""action"":""scan"",""excluded_action"":""move floor sign"",""object"":""green room-service tray with open work order WO-187"",""routine"":""guest delivery""}","{""floor_sign_action"":""excluded"",""operation"":""scan"",""routine"":""guest_delivery_setup"",""target_tray"":""WO-187""}",DISAGREE,JSON canonical sort_keys; no semantic normalization,NO
CA-0680,strategy_sequence,"[""resolve_discourse"",""resolve_reference"",""execute""]","[""execute""]",DISAGREE,JSON canonical sort_keys; no semantic normalization,NO
CA-0686,ambiguity_types,"[""spatial_reference"",""pronoun_reference"",""temporal_reference""]","[""spatial_reference"",""pronoun_reference""]",DISAGREE,JSON canonical sort_keys; no semantic normalization,YES
CA-0686,canonical_outcome,"{""action_plan"":[],""blocking_constraint"":{""factor"":""authorization_constraint"",""reason"":""The pressure-vessel component case has a tamper-evident seal and the work order lacks an authorized opening code; the robot may transport sealed sensitive items but is not authorized to break tamper-evident seals.""},""canonical_interpretation"":""The request targets opening the work-order pressure-vessel component case beside the trolley at the scrap-cage service door and returning it to the parts rack after the 10:00 job check, but opening is blocked because the case has a tamper-evident seal and no authorized opening code."",""clarification_question"":null,""rejection_explanation"":""I can identify the pressure-vessel component case by the transfer trolley at the scrap-cage service door and plan the parts-rack return after the linked 10:00 check, but I cannot open it because it has a tamper-evident seal and the work order does not provide an authorized opening code."",""success_condition"":null,""terminal_kind"":""rejection"",""unresolved_slot"":null}","{""action_plan"":[],""blocking_constraint"":{""factor"":""authorization_constraint"",""reason"":""The pressure-vessel component case carries a tamper-evident seal, the work order does not include an authorized opening code, and the robot is not authorized to break tamper-evident seals, so the requested opening cannot be performed.""},""canonical_interpretation"":""Open the sealed pressure-vessel component case beside the transfer trolley near the work-order-named service door, perform the linked 10:00 check, and return the case to the parts rack; the opening step is blocked because it requires breaking a tamper-evident seal the robot is not authorized to break."",""clarification_question"":null,""rejection_explanation"":""I can transport the sealed pressure-vessel component case to the parts rack after the 10:00 check, but I cannot open it: the case carries a tamper-evident seal and the work order provides no authorized opening code, while I am not authorized to break tamper-evident seals. Please provide an authorized opening code or have an authorized technician open the case."",""success_condition"":null,""terminal_kind"":""rejection"",""unresolved_slot"":null}",DISAGREE,JSON canonical sort_keys; no semantic normalization,YES
CA-0686,compound_ambiguity_count,3,2,DISAGREE,JSON canonical sort_keys; no semantic normalization,YES
CA-0686,evidence,"[{""evidence_text"":""Open the pressure-vessel component case beside the transfer trolley near the service door, then return it to the parts rack after the check."",""field"":""command"",""supports"":""Directive requires opening a spatially anchored case, then returning pronoun referent after a named check.""},{""evidence_text"":""Two doors carry service labels. The work order names the door beside the scrap cage; the other is emergency-only."",""field"":""scene_context"",""supports"":""spatial_reference: two service-labeled doors initially match; work order binds the scrap-cage door.""},{""evidence_text"":""The work-order return field contains the pressure-vessel component case's asset tag; the trolley belongs to a separate task."",""field"":""scene_context"",""supports"":""pronoun_reference: return target initially competes with the nearby trolley; work order binds the case.""},{""evidence_text"":""The check at 10:00 is linked to the job."",""field"":""scene_context"",""supports"":""temporal_reference: 'the check' is bound to the job-linked 10:00 occurrence.""},{""evidence_text"":""The pressure-vessel component case carries a tamper-evident seal and the work order does not include an authorized opening code."",""field"":""scene_context"",""supports"":""Opening the identified case is unauthorized without a seal-break code.""},{""evidence_text"":""It may transport sealed sensitive items but is not authorized to break tamper-evident seals."",""field"":""capability_context"",""supports"":""Authorization constraint blocks seal-breaking; transport alone does not permit opening.""}]","[{""evidence_text"":""Open the pressure-vessel component case"",""field"":""command"",""supports"":""The requested action is to open the sealed case, which requires breaking its tamper-evident seal.""},{""evidence_text"":""The pressure-vessel component case carries a tamper-evident seal and the work order does not include an authorized opening code."",""field"":""scene_context"",""supports"":""No authorization exists to open the case; breaking the seal would be unauthorized.""},{""evidence_text"":""not authorized to break tamper-evident seals"",""field"":""capability_context"",""supports"":""The robot lacks authorization to perform the opening step, so capability_status is unauthorized.""},{""evidence_text"":""Two doors carry service labels."",""field"":""scene_context"",""supports"":""The phrase 'the service door' initially matches more than one door, giving a spatial_reference ambiguity.""},{""evidence_text"":""The work order names the door beside the scrap cage; the other is emergency-only."",""field"":""scene_context"",""supports"":""Context resolves the service door to the one beside the scrap cage.""},{""evidence_text"":""return it to the parts rack"",""field"":""command"",""supports"":""The pronoun 'it' has two grammatically plausible antecedents (the case or the transfer trolley), giving a pronoun_reference ambiguity.""},{""evidence_text"":""the work-order return field contains the pressure-vessel component case's asset tag; the trolley belongs to a separate task"",""field"":""scene_context"",""supports"":""Context resolves 'it' to the pressure-vessel component case, not the trolley.""}]",DISAGREE,JSON canonical sort_keys; no semantic normalization,YES
CA-0686,intent,"""Open the pressure-vessel component case located beside the transfer trolley at the work-order service door, then return that case to the parts rack after the job-linked check.""","""Open the sealed pressure-vessel component case (located beside the transfer trolley near the work-order-named service door), perform the linked 10:00 check, and then return the case to the parts rack.""",DISAGREE,JSON canonical sort_keys; no semantic normalization,YES
CA-0686,resolved_slots,"{""check"":""check at 10:00 linked to the job"",""object"":""pressure-vessel component case"",""return_location"":""parts rack"",""return_object"":""pressure-vessel component case"",""service_door"":""door beside the scrap cage""}","{""case_location"":""beside the transfer trolley near the named service door"",""check_time"":""10:00"",""pronoun_it"":""pressure-vessel component case"",""return_location"":""parts rack"",""service_door"":""door beside the scrap cage""}",DISAGREE,JSON canonical sort_keys; no semantic normalization,YES
CA-0695,canonical_outcome,"{""action_plan"":[""Identify the active guest delivery under work order WO-287 and apply its usual setup (not the evening-service setup)."",""Complete the required guest-delivery check."",""Move the guest parcel to the service alcove beside the guest-room door."",""Inspect the guest parcel at that alcove.""],""blocking_constraint"":null,""canonical_interpretation"":""Using the guest-delivery usual setup for WO-287, complete the check, then move the guest parcel to the service alcove beside the guest-room door, then inspect it."",""clarification_question"":null,""rejection_explanation"":null,""success_condition"":""WO-287 check is done, the guest parcel is at the service alcove beside the guest-room door, and inspection is completed under the guest-delivery usual setup."",""terminal_kind"":""executable_interpretation"",""unresolved_slot"":null}","{""action_plan"":[""Perform the check on the guest parcel"",""Move the guest parcel to the service alcove beside the guest-room door"",""Inspect the guest parcel at that service alcove""],""blocking_constraint"":null,""canonical_interpretation"":""After performing the check, move the guest parcel to the service alcove beside the guest-room door and inspect it there, using the guest-delivery setup identified by Work order WO-287."",""clarification_question"":null,""rejection_explanation"":null,""success_condition"":""The guest parcel has been checked, moved to the service alcove beside the guest-room door, and inspected there using the guest-delivery setup."",""terminal_kind"":""executable_interpretation"",""unresolved_slot"":null}",DISAGREE,JSON canonical sort_keys; no semantic normalization,NO
CA-0695,confidence,0.86,0.82,DISAGREE,JSON canonical sort_keys; no semantic normalization,NO
CA-0695,evidence,"[{""evidence_text"":""Carry out both the movement and inspection of the guest parcel by the service alcove after the check using the usual setup."",""field"":""command"",""supports"":""Names movement and inspection after the check at the service alcove under the usual setup, without fixing which alcove, which setup, or movement-vs-inspection order.""},{""evidence_text"":""Two locations are labelled service alcove. Work order WO-287 points to the one beside the guest-room door."",""field"":""scene_context"",""supports"":""Resolves the initially ambiguous service-alcove destination to the alcove beside the guest-room door via WO-287.""},{""evidence_text"":""The setup table states that the evening service applies to a different work-order prefix, while Work order WO-287 maps to the guest delivery."",""field"":""scene_context"",""supports"":""Resolves 'usual setup' to the guest-delivery procedure for WO-287 rather than evening service.""},{""evidence_text"":""The guest delivery requires the check, then movement to the designated service alcove, followed by inspection."",""field"":""scene_context"",""supports"":""Fixes action order as check, then movement, then inspection.""},{""evidence_text"":""Hotel service robot can deliver sealed guest items, move linen, scan room tags, and clean approved floor equipment."",""field"":""capability_context"",""supports"":""Confirms the robot can carry out sealed guest-item delivery and related handling for this resolved task.""}]","[{""evidence_text"":""Carry out both the movement and inspection of the guest parcel by the service alcove after the check using the usual setup."",""field"":""command"",""supports"":""The command requests a check, movement, and inspection of the guest parcel at a service alcove using the usual setup, raising destination, routine, and order questions before context resolves them.""},{""evidence_text"":""Two locations are labelled service alcove."",""field"":""scene_context"",""supports"":""More than one service alcove initially matches the destination, establishing destination_reference ambiguity.""},{""evidence_text"":""Work order WO-287 points to the one beside the guest-room door."",""field"":""scene_context"",""supports"":""Context binds the destination to the service alcove beside the guest-room door via Work order WO-287.""},{""evidence_text"":""the evening service applies to a different work-order prefix, while Work order WO-287 maps to the guest delivery."",""field"":""scene_context"",""supports"":""The usual setup initially matches at least two procedures (evening service vs guest delivery); WO-287 binds it to the guest delivery, establishing and resolving routine_reference.""},{""evidence_text"":""The guest delivery requires the check, then movement to the designated service alcove, followed by inspection."",""field"":""scene_context"",""supports"":""Context fixes the action order to check then movement then inspection, resolving the action_order ambiguity left open by 'both the movement and inspection ... after the check'.""},{""evidence_text"":""Hotel service robot can deliver sealed guest items, move linen, scan room tags, and clean approved floor equipment."",""field"":""capability_context"",""supports"":""The robot is capable of delivering guest items, so the resolved guest-parcel delivery is feasible.""}]",DISAGREE,JSON canonical sort_keys; no semantic normalization,NO
CA-0695,intent,"""After the guest-delivery check for WO-287, move the guest parcel to the service alcove beside the guest-room door, then inspect it, using the guest-delivery usual setup.""","""Perform the check, then move the guest parcel to the service alcove beside the guest-room door, then inspect it there, using the guest-delivery setup.""",DISAGREE,JSON canonical sort_keys; no semantic normalization,NO
CA-0695,resolved_slots,"{""action_order"":""check, then movement, then inspection"",""destination"":""service alcove beside the guest-room door"",""object"":""guest parcel for WO-287 guest delivery"",""routine"":""guest delivery setup for WO-287"",""work_order"":""WO-287""}","{""action_sequence"":""check then movement then inspection"",""destination_service_alcove"":""beside the guest-room door"",""routine_setup"":""guest delivery""}",DISAGREE,JSON canonical sort_keys; no semantic normalization,NO
CA-0695,risk_factors,"[""privacy_constraint""]",[],DISAGREE,JSON canonical sort_keys; no semantic normalization,NO
CA-0695,risk_level,"""medium""","""low""",DISAGREE,JSON canonical sort_keys; no semantic normalization,NO
CA-0702,canonical_outcome,"{""action_plan"":[""Locate the refill jug beside the climate cabinet and the approved-cleaner bottle"",""Refill the approved-cleaner bottle from the jug to 550 millilitres"",""Return the approved-cleaner bottle to the visitor barrier""],""blocking_constraint"":null,""canonical_interpretation"":""Fill the approved-cleaner bottle from the refill jug beside the climate cabinet to 550 millilitres (500 millilitres plus the defined ten-percent reserve), then return the bottle to the visitor barrier."",""clarification_question"":null,""rejection_explanation"":null,""success_condition"":""The approved-cleaner bottle holds 550 millilitres and is at the visitor barrier."",""terminal_kind"":""executable_interpretation"",""unresolved_slot"":null}","{""action_plan"":[""Locate the refill jug beside the climate cabinet at the label station."",""Refill the approved-cleaner bottle from the jug with 550 millilitres total (500 millilitres normal plus 50 millilitres ten-percent reserve)."",""Return the approved-cleaner bottle to the visitor barrier.""],""blocking_constraint"":null,""canonical_interpretation"":""Refill the approved-cleaner bottle from the refill jug beside the climate cabinet (at the label station) with 550 millilitres total (500 millilitres normal amount plus a 50-millilitre ten-percent reserve), then return the bottle to the visitor barrier."",""clarification_question"":null,""rejection_explanation"":null,""success_condition"":""The approved-cleaner bottle is filled to 550 millilitres (500 millilitres normal amount plus 50 millilitres ten-percent reserve) and placed at the visitor barrier."",""terminal_kind"":""executable_interpretation"",""unresolved_slot"":null}",DISAGREE,JSON canonical sort_keys; no semantic normalization,NO
CA-0702,confidence,0.88,0.86,DISAGREE,JSON canonical sort_keys; no semantic normalization,NO
CA-0702,evidence,"[{""evidence_text"":""then return it with a little extra"",""field"":""command"",""supports"":""Pronoun 'it' and vague quantity 'a little extra' are the two initially underspecified slots.""},{""evidence_text"":""The work-order return field contains the approved-cleaner bottle's asset tag; the jug returns to the refill station"",""field"":""scene_context"",""supports"":""Work-order return binding selects the bottle as the antecedent of 'it', not the jug.""},{""evidence_text"":""The refill table lists a normal amount of 500 millilitres and defines 'a little extra' as a ten-percent reserve"",""field"":""scene_context"",""supports"":""Deterministic local rule grounds fuzzy quantity to 550 millilitres.""},{""evidence_text"":""The return position is the visitor barrier"",""field"":""scene_context"",""supports"":""Return destination for the resolved bottle is fixed.""},{""evidence_text"":""The named liquid, container, and refill operation are approved for this robot, and the table-derived volume is within the assigned tool's certified range"",""field"":""scene_context"",""supports"":""Resolved refill-and-return action is authorized and feasible.""}]","[{""evidence_text"":""Refill the approved-cleaner bottle from the refill jug beside the climate cabinet, then return it with a little extra."",""field"":""command"",""supports"":""Establishes the refill operation, the pronoun 'it' with two grammatically plausible portable antecedents (bottle and jug), and the vague quantity 'a little extra'.""},{""evidence_text"":""The work-order return field contains the approved-cleaner bottle's asset tag; the jug returns to the refill station."",""field"":""scene_context"",""supports"":""Resolves the pronoun 'it' to the approved-cleaner bottle, since the work-order return field tracks the bottle's asset tag while the jug has a separate return destination.""},{""evidence_text"":""The refill table lists a normal amount of 500 millilitres and defines 'a little extra' as a ten-percent reserve."",""field"":""scene_context"",""supports"":""Provides the deterministic local rule that grounds the fuzzy quantity 'a little extra' to a 50-millilitre (ten-percent) reserve over the 500-millilitre normal amount.""},{""evidence_text"":""The return position is the visitor barrier."",""field"":""scene_context"",""supports"":""Binds the return destination for the approved-cleaner bottle to a single authorized location.""},{""evidence_text"":""The named liquid, container, and refill operation are approved for this robot, and the table-derived volume is within the assigned tool's certified range."",""field"":""scene_context"",""supports"":""Confirms authorization and capability for the resolved refill volume, leaving no blocking constraint.""},{""evidence_text"":""Museum support robot can move approved packing materials, scan exhibit tags, and handle non-fragile display equipment under curator-defined limits."",""field"":""capability_context"",""supports"":""The robot is capable of moving the approved portable bottle and jug under the curator-defined limits referenced by the scene context.""}]",DISAGREE,JSON canonical sort_keys; no semantic normalization,NO
CA-0702,intent,"""Refill the approved-cleaner bottle from the refill jug beside the climate cabinet to the table-defined volume with ten-percent reserve, then return that bottle to the visitor barrier.""","""Refill the approved-cleaner bottle from the refill jug located beside the climate cabinet, adding the normal amount plus a ten-percent reserve, then return the bottle to the visitor barrier.""",DISAGREE,JSON canonical sort_keys; no semantic normalization,NO
CA-0702,resolved_slots,"{""destination"":""visitor barrier"",""fill_volume_ml"":550,""object"":""approved-cleaner bottle"",""return_object"":""approved-cleaner bottle"",""source_container"":""refill jug beside the climate cabinet""}","{""extra_amount_ml"":50,""extra_reserve_percent"":10,""jug_return_destination"":""refill station"",""normal_refill_amount_ml"":500,""pronoun_it"":""approved-cleaner bottle"",""refill_source"":""refill jug beside the climate cabinet"",""return_destination"":""visitor barrier"",""total_refill_amount_ml"":550}",DISAGREE,JSON canonical sort_keys; no semantic normalization,NO
CA-0703,canonical_outcome,"{""action_plan"":[""Identify the amber book crate with the active MOVE tag as the selected crate."",""Confirm its assigned destination is the demonstration bench."",""Carry the amber book crate to the demonstration bench."",""Complete the relocation within three minutes.""],""blocking_constraint"":null,""canonical_interpretation"":""Relocate the amber book crate bearing the active MOVE tag to its assigned destination, the demonstration bench, completing the move within three minutes as the local handbook grounding of 'shortly'."",""clarification_question"":null,""rejection_explanation"":null,""success_condition"":""The amber book crate with the active MOVE tag is at the demonstration bench within three minutes of the request."",""terminal_kind"":""executable_interpretation"",""unresolved_slot"":null}","{""action_plan"":[""Identify the amber book crate as the selected crate via its active MOVE tag (excluding the black crate whose tag is completed)."",""Pick up the amber book crate."",""Transport it to the demonstration bench, the destination assigned by its active MOVE tag."",""Complete the move within three minutes, the handbook-defined value of 'shortly' for ordinary low-risk moves."",""Place the crate at the demonstration bench.""],""blocking_constraint"":null,""canonical_interpretation"":""Move the amber book crate (the one with the active MOVE tag) to the demonstration bench, completing the ordinary low-risk move within three minutes per the local handbook definition of 'shortly'."",""clarification_question"":null,""rejection_explanation"":null,""success_condition"":""The amber book crate is placed at the demonstration bench within three minutes of the move command, with the black (completed) crate left untouched."",""terminal_kind"":""executable_interpretation"",""unresolved_slot"":null}",DISAGREE,JSON canonical sort_keys; no semantic normalization,NO
CA-0703,confidence,0.86,0.9,DISAGREE,JSON canonical sort_keys; no semantic normalization,NO
CA-0703,evidence,"[{""evidence_text"":""Move the selected book crate to its assigned destination shortly."",""field"":""command"",""supports"":""Directs a crate move with an underspecified selected object and a vague timing adverb 'shortly'.""},{""evidence_text"":""Two book crates are visible. The amber one has an active MOVE tag and the black one has a completed tag."",""field"":""scene_context"",""supports"":""Object reference initially matches two crates; active-versus-completed evidence selects the amber crate.""},{""evidence_text"":""The active tag assigns the demonstration bench as its destination."",""field"":""scene_context"",""supports"":""Binds the selected crate's assigned destination to the demonstration bench.""},{""evidence_text"":""For ordinary low-risk moves, the local handbook defines 'shortly' as within three minutes."",""field"":""scene_context"",""supports"":""Deterministic local rule grounds fuzzy_temporal 'shortly' to within three minutes.""},{""evidence_text"":""Classroom service robot can carry learning materials"",""field"":""capability_context"",""supports"":""Carrying a book crate is within stated capability after slots are grounded.""}]","[{""evidence_text"":""Move the selected book crate to its assigned destination shortly."",""field"":""command"",""supports"":""Establishes the move intent, the 'selected book crate' object reference requiring contextual binding, the 'assigned destination' slot, and the fuzzy temporal adverb 'shortly' requiring grounding.""},{""evidence_text"":""Two book crates are visible. The amber one has an active MOVE tag and the black one has a completed tag."",""field"":""scene_context"",""supports"":""Resolves the object_reference ambiguity: 'selected book crate' binds to the amber crate with the active MOVE tag; the black crate's completed tag excludes it from the active move.""},{""evidence_text"":""The active tag assigns the demonstration bench as its destination."",""field"":""scene_context"",""supports"":""Binds the 'assigned destination' slot to the demonstration bench for the selected amber crate.""},{""evidence_text"":""For ordinary low-risk moves, the local handbook defines 'shortly' as within three minutes."",""field"":""scene_context"",""supports"":""Provides the deterministic local rule that silently grounds the fuzzy_temporal value 'shortly' to 'within three minutes' for this ordinary low-risk move.""},{""evidence_text"":""Classroom service robot can carry learning materials"",""field"":""capability_context"",""supports"":""Confirms the robot has the carrying capability required to move a book crate (learning materials) to the assigned destination.""}]",DISAGREE,JSON canonical sort_keys; no semantic normalization,NO
CA-0703,intent,"""Move the amber book crate with the active MOVE tag to the demonstration bench within three minutes.""","""Move the currently-selected (active) book crate to the destination its active MOVE tag assigns, completing the move within the handbook-defined 'shortly' window of three minutes.""",DISAGREE,JSON canonical sort_keys; no semantic normalization,NO
CA-0703,resolved_slots,"{""destination"":""demonstration bench"",""object"":""amber book crate with active MOVE tag"",""timing"":""within three minutes""}","{""crate_excluded"":""black book crate (completed tag)"",""destination"":""demonstration bench"",""selected_crate"":""amber book crate (active MOVE tag)"",""time_window"":""within three minutes""}",DISAGREE,JSON canonical sort_keys; no semantic normalization,NO
CA-0714,ambiguity_types,"[""discourse_ellipsis"",""destination_reference"",""routine_reference""]","[""discourse_ellipsis"",""routine_reference"",""destination_reference""]",DISAGREE,JSON canonical sort_keys; no semantic normalization,NO
CA-0714,canonical_outcome,"{""action_plan"":[],""blocking_constraint"":null,""canonical_interpretation"":""After recovering inspect-from-dialogue and binding usual setup to the returns flow for WO-792, ask which of the two authorized empty secure cages should receive the second shipping case."",""clarification_question"":""Should I place the second shipping case in the secure cage at the forklift lane or the secure cage at the inspection cage?"",""rejection_explanation"":null,""success_condition"":null,""terminal_kind"":""clarification"",""unresolved_slot"":{""candidate_values"":[""secure cage at the forklift lane"",""secure cage at the inspection cage""],""reason_unresolved"":""Two authorized empty secure cages match the placement request; the work order names neither unit and secure placement requires the unit identifier."",""slot_name"":""destination""}}","{""action_plan"":[],""blocking_constraint"":null,""canonical_interpretation"":""Inspect the second shipping case (WO-792) using the returns-flow setup, then place it in a secure cage; the destination cage cannot be determined because two secure cages are authorized and empty and the work order names neither, so one targeted clarification is required before placement."",""clarification_question"":""Which secure cage should receive the second shipping case — the one at the forklift lane or the one at the inspection cage?"",""rejection_explanation"":null,""success_condition"":null,""terminal_kind"":""clarification"",""unresolved_slot"":{""candidate_values"":[""forklift_lane_cage"",""inspection_cage""],""reason_unresolved"":""Two secure cages are authorized and empty and the work order names neither unit; secure placement requires the unit identifier, which the supplied context does not provide."",""slot_name"":""destination_secure_cage""}}",DISAGREE,JSON canonical sort_keys; no semantic normalization,NO
CA-0714,evidence,"[{""evidence_text"":""Do the same with the second shipping case, then place it in the secure cage using the usual setup."",""field"":""command"",""supports"":""Elliptical same-action plus secure-cage destination and usual-setup routine leave multiple slots to bind.""},{""evidence_text"":""I inspected the first shipping case and cleaned the parts bin."",""field"":""dialogue_history"",""supports"":""Prior inspect of the first shipping case supplies the omitted operation recovered by do the same.""},{""evidence_text"":""Work order WO-792 maps to the returns flow."",""field"":""scene_context"",""supports"":""Context selects returns flow over night receiving as the usual setup for this case.""},{""evidence_text"":""Two secure cages are authorized and empty, one at the forklift lane and one at the inspection cage."",""field"":""scene_context"",""supports"":""Two matching authorized destinations remain for secure-cage placement.""},{""evidence_text"":""The work order names neither unit. Secure placement requires the unit identifier."",""field"":""scene_context"",""supports"":""No deterministic destination binding; clarification of the cage unit is required.""}]","[{""evidence_text"":""Do the same with the second shipping case"",""field"":""command"",""supports"":""discourse_ellipsis: the omitted operation must be recovered as 'inspect' from the prior turn""},{""evidence_text"":""I inspected the first shipping case and cleaned the parts bin."",""field"":""dialogue_history"",""supports"":""recovers the elided operation 'inspect' for 'do the same'""},{""evidence_text"":""place it in the secure cage"",""field"":""command"",""supports"":""destination_reference: 'the secure cage' initially matches more than one authorized cage""},{""evidence_text"":""Two secure cages are authorized and empty, one at the forklift lane and one at the inspection cage."",""field"":""scene_context"",""supports"":""two authorized destinations initially match, so destination_reference is unresolved""},{""evidence_text"":""The work order names neither unit. Secure placement requires the unit identifier."",""field"":""scene_context"",""supports"":""context cannot select the destination cage, making it the single clarification slot""},{""evidence_text"":""Work order WO-792 maps to the returns flow."",""field"":""scene_context"",""supports"":""routine_reference resolved: 'usual setup' binds to the returns-flow procedure for WO-792""},{""evidence_text"":""using the usual setup"",""field"":""command"",""supports"":""routine_reference: 'usual setup' initially maps to more than one procedure before the work-order prefix selects one""}]",DISAGREE,JSON canonical sort_keys; no semantic normalization,NO
CA-0714,intent,"""Inspect the second shipping case (WO-792) under the returns-flow usual setup, then place that case in one authorized secure cage.""","""Inspect the second shipping case (carrying WO-792, routed via the returns-flow setup) and then place it into a secure cage, but the work order names neither of the two authorized empty cages, so the destination cage must be clarified before secure placement.""",DISAGREE,JSON canonical sort_keys; no semantic normalization,NO
CA-0714,resolved_slots,"{""object"":""second shipping case (WO-792)"",""recovered_action"":""inspect"",""routine"":""returns flow""}","{""recovered_operation"":""inspect"",""routine_setup"":""returns_flow"",""target_object"":""second_shipping_case"",""work_order"":""WO-792""}",DISAGREE,JSON canonical sort_keys; no semantic normalization,NO
CA-0714,risk_level,"""high""","""low""",DISAGREE,JSON canonical sort_keys; no semantic normalization,NO
CA-0718,ambiguity_types,"[""pragmatic"",""lexical"",""pronoun_reference"",""instrument_reference"",""destination_reference""]","[""pragmatic"",""lexical"",""instrument_reference"",""destination_reference""]",DISAGREE,JSON canonical sort_keys; no semantic normalization,YES
CA-0718,canonical_outcome,"{""action_plan"":[""Identify the work-order-assigned calibrated portable scale beside the wall console (not the reserved scale)."",""Place the parcel on that portable scale and read the displayed weight."",""Confirm the displayed weight is below the 18 kg handling limit."",""Carry the parcel to the utility cupboard beside the hall shelf."",""Return the parcel into that utility cupboard.""],""blocking_constraint"":null,""canonical_interpretation"":""As an instruction, place the parcel on the assigned calibrated portable scale beside the wall console, confirm it is below the 18 kg limit (displayed 12 kg), then return the parcel to the utility cupboard beside the hall shelf."",""clarification_question"":null,""rejection_explanation"":null,""success_condition"":""The parcel has been weighed on the assigned portable scale and returned to the utility cupboard beside the hall shelf."",""terminal_kind"":""executable_interpretation"",""unresolved_slot"":null}","{""action_plan"":[""Pick up the parcel at the work point in the entry hall."",""Place the parcel on the assigned calibrated portable scale located beside the wall console."",""Verify the scale reading is below 18 kilograms (display shows 12 kilograms)."",""Pick up the parcel from the portable scale."",""Carry the parcel to the utility cupboard beside the hall shelf named in the work order."",""Place the parcel inside that utility cupboard.""],""blocking_constraint"":null,""canonical_interpretation"":""Interpreting the utterance as an instruction, the robot places the parcel on the assigned calibrated portable scale beside the wall console, confirms the reading (12 kg) is below the 18 kg limit, then moves the parcel by returning it to the utility cupboard beside the hall shelf named in the work order."",""clarification_question"":null,""rejection_explanation"":null,""success_condition"":""The parcel has been placed on the assigned calibrated portable scale beside the wall console, the scale reading is confirmed below 18 kilograms, and the parcel has then been returned to the utility cupboard beside the hall shelf."",""terminal_kind"":""executable_interpretation"",""unresolved_slot"":null}",DISAGREE,JSON canonical sort_keys; no semantic normalization,YES
CA-0718,compound_ambiguity_count,5,4,DISAGREE,JSON canonical sort_keys; no semantic normalization,YES
CA-0718,confidence,0.86,0.9,DISAGREE,JSON canonical sort_keys; no semantic normalization,YES
CA-0718,evidence,"[{""evidence_text"":""Could you place the parcel on the portable scale beside the wall console, then handle it by returning it to the utility cupboard?"",""field"":""command"",""supports"":""Polite 'Could you' form plus underspecified 'handle it', 'portable scale', 'it', and 'utility cupboard' create the initial pragmatic, lexical, pronoun, instrument, and destination readings.""},{""evidence_text"":""Treat this as an instruction, and use 'handle it' to mean move the parcel after weighing it."",""field"":""dialogue_history"",""supports"":""Resolves pragmatic force to an instruction and lexical/pronoun readings of 'handle it' to moving the parcel after weighing.""},{""evidence_text"":""Two portable scales are present. The unit assigned to this work order is calibrated; the other is reserved for a different load."",""field"":""scene_context"",""supports"":""Resolves instrument_reference to the work-order-assigned calibrated portable scale.""},{""evidence_text"":""Two locations are labelled utility cupboard; the work order names the one beside the hall shelf."",""field"":""scene_context"",""supports"":""Resolves destination_reference to the utility cupboard beside the hall shelf.""},{""evidence_text"":""It displays 12 kilograms. The robot's handling certificate permits this target below the stated 18-kilogram limit."",""field"":""scene_context"",""supports"":""Confirms the weighed parcel is authorized and feasible to carry after placement on the scale.""},{""evidence_text"":""it can inspect, label, carry, place, and clean ordinary household items."",""field"":""capability_context"",""supports"":""Robot can place and carry the parcel for the resolved weigh-then-return plan.""}]","[{""evidence_text"":""Could you place the parcel on the portable scale beside the wall console, then handle it by returning it to the utility cupboard?"",""field"":""command"",""supports"":""Interrogative surface form contrasts with directive force, supporting pragmatic ambiguity; the definite descriptions the portable scale and the utility cupboard initially admit multiple matches.""},{""evidence_text"":""Treat this as an instruction, and use 'handle it' to mean move the parcel after weighing it."",""field"":""dialogue_history"",""supports"":""Resolves pragmatic force to instruction and resolves the lexical sense of handle it as moving the parcel after weighing.""},{""evidence_text"":""Two portable scales are present. The unit assigned to this work order is calibrated; the other is reserved for a different load."",""field"":""scene_context"",""supports"":""Two portable scales initially match, so instrument_reference is present; the work-order binding resolves it to the calibrated assigned unit.""},{""evidence_text"":""Two locations are labelled utility cupboard; the work order names the one beside the hall shelf."",""field"":""scene_context"",""supports"":""Two utility cupboards initially match, so destination_reference is present; the work order resolves it to the one beside the hall shelf.""},{""evidence_text"":""The assigned portable scale must first verify that the loaded parcel is below 18 kilograms. It displays 12 kilograms."",""field"":""scene_context"",""supports"":""The weight check is satisfied (12 kg below 18 kg), so the place-then-return action is safe to execute.""},{""evidence_text"":""Indoor service robot with a gripper and wheeled base; it can inspect, label, carry, place, and clean ordinary household items."",""field"":""capability_context"",""supports"":""The robot can carry and place the parcel, so the resolved action is feasible.""}]",DISAGREE,JSON canonical sort_keys; no semantic normalization,YES
CA-0718,intent,"""Treat the polite request as an instruction: place the parcel on the work-order-assigned portable scale beside the wall console to weigh it, then return the parcel to the utility cupboard beside the hall shelf.""","""Treat the utterance as an instruction: place the parcel on the assigned calibrated portable scale beside the wall console, confirm the weight is below the 18 kg limit, then move the parcel by returning it to the utility cupboard named in the work order (the one beside the hall shelf).""",DISAGREE,JSON canonical sort_keys; no semantic normalization,YES
CA-0718,recommended_strategy,"""multi_step""","""execute""",DISAGREE,JSON canonical sort_keys; no semantic normalization,YES
CA-0718,resolved_slots,"{""communicative_force"":""instruction"",""destination"":""utility cupboard beside the hall shelf"",""instrument"":""work-order-assigned calibrated portable scale"",""measured_weight_kg"":12,""object"":""parcel"",""placement_surface"":""assigned portable scale beside the wall console"",""post_weigh_action"":""return the parcel"",""weight_limit_kg"":18}","{""action_order"":""place_then_weigh_then_return"",""destination"":""utility_cupboard_beside_hall_shelf"",""directive_force"":""instruction"",""handle_sense"":""move_parcel_after_weighing"",""instrument"":""assigned_calibrated_portable_scale"",""object"":""parcel"",""spatial_anchor"":""wall_console"",""weight_check_kg"":12,""weight_limit_kg"":18,""weight_pass"":true}",DISAGREE,JSON canonical sort_keys; no semantic normalization,YES
CA-0718,strategy_sequence,"[""reinterpret_indirect_request"",""execute""]","[""execute""]",DISAGREE,JSON canonical sort_keys; no semantic normalization,YES
CA-0727,canonical_outcome,"{""action_plan"":[],""blocking_constraint"":null,""canonical_interpretation"":""After staging the queue barrier and transfer cart beside the information kiosk, return the queue barrier to exactly one of the two authorized empty barrier storage bays once the unit is identified."",""clarification_question"":""Which barrier storage bay should I return the queue barrier to: unit A at the platform screen or unit B at the information desk?"",""rejection_explanation"":null,""success_condition"":null,""terminal_kind"":""clarification"",""unresolved_slot"":{""candidate_values"":[""unit A at the platform screen"",""unit B at the information desk""],""reason_unresolved"":""Two empty authorized barrier storage bays match the return destination, the work order names neither unit, and secure-storage policy requires the unit identifier before placement."",""slot_name"":""barrier_storage_bay""}}","{""action_plan"":[],""blocking_constraint"":null,""canonical_interpretation"":""Stage the queue barrier and the transfer cart beside the information kiosk, then return the queue barrier to one of the two authorized barrier storage bays (unit A at the platform screen or unit B at the information desk) once the unit identifier is supplied."",""clarification_question"":""Which barrier storage bay should the queue barrier be returned to: unit A at the platform screen or unit B at the information desk?"",""rejection_explanation"":null,""success_condition"":null,""terminal_kind"":""clarification"",""unresolved_slot"":{""candidate_values"":[""unit A (platform screen)"",""unit B (information desk)""],""reason_unresolved"":""The work order names neither storage bay unit, and secure-storage policy requires the unit identifier before placement; both units are empty and authorized, so no deterministic rule selects one."",""slot_name"":""barrier_storage_bay_unit""}}",DISAGREE,JSON canonical sort_keys; no semantic normalization,NO
CA-0727,confidence,0.88,0.9,DISAGREE,JSON canonical sort_keys; no semantic normalization,NO
CA-0727,evidence,"[{""evidence_text"":""return it to the barrier storage bay"",""field"":""command"",""supports"":""Pronoun 'it' and singular storage-bay destination are the critical return slots to bind.""},{""evidence_text"":""The work-order return field contains the queue barrier's asset tag, while the cart is to remain beside the information kiosk after staging."",""field"":""scene_context"",""supports"":""Context binds 'it' to the queue barrier rather than the transfer cart.""},{""evidence_text"":""Two barrier storage bays are empty and authorized: unit A at the platform screen and unit B at the information desk."",""field"":""scene_context"",""supports"":""Two authorized destination candidates remain for the barrier return.""},{""evidence_text"":""Secure-storage policy requires the unit identifier before placement."",""field"":""scene_context"",""supports"":""No safe silent choice of bay is allowed without the named unit.""}]","[{""evidence_text"":""Move the queue barrier and the transfer cart beside the information kiosk, then return it to the barrier storage bay."",""field"":""command"",""supports"":""The pronoun 'it' has two grammatically plausible singular antecedents (queue barrier, transfer cart), and 'the barrier storage bay' names a destination without specifying a unit.""},{""evidence_text"":""the cart is to remain beside the information kiosk after staging"",""field"":""scene_context"",""supports"":""Resolves the pronoun 'it' to the queue barrier, since the cart must stay at the kiosk and cannot be the object returned to the storage bay.""},{""evidence_text"":""Two barrier storage bays are empty and authorized: unit A at the platform screen and unit B at the information desk."",""field"":""scene_context"",""supports"":""Two destination candidates initially match 'the barrier storage bay', leaving the destination unresolved.""},{""evidence_text"":""The work order names neither unit. Secure-storage policy requires the unit identifier before placement."",""field"":""scene_context"",""supports"":""No deterministic rule selects the storage bay unit, and authorization policy blocks placement until the unit is identified, requiring a targeted clarification.""}]",DISAGREE,JSON canonical sort_keys; no semantic normalization,NO
CA-0727,intent,"""Stage the queue barrier and transfer cart beside the information kiosk, then return the queue barrier to the authorized barrier storage bay unit.""","""Stage the queue barrier and the transfer cart beside the information kiosk, then return the queue barrier to one of the two authorized barrier storage bays.""",DISAGREE,JSON canonical sort_keys; no semantic normalization,NO
CA-0727,resolved_slots,"{""cart_final_location"":""remain beside the information kiosk"",""object_barrier"":""queue barrier"",""object_cart"":""transfer cart"",""return_object"":""queue barrier"",""staging_location"":""beside the information kiosk""}","{""pronoun_it"":""queue barrier"",""returned_object"":""queue barrier"",""staged_objects"":""queue barrier and transfer cart"",""staging_location"":""beside the information kiosk""}",DISAGREE,JSON canonical sort_keys; no semantic normalization,NO
CA-0733,ambiguity_types,"[""pragmatic"",""lexical"",""pronoun_reference"",""instrument_reference"",""destination_reference""]","[""pragmatic"",""discourse_ellipsis"",""lexical"",""pronoun_reference"",""instrument_reference"",""destination_reference""]",DISAGREE,JSON canonical sort_keys; no semantic normalization,YES
CA-0733,canonical_outcome,"{""action_plan"":[""Identify the parts bin and the work-order-assigned calibrated floor scale beside the weigh station"",""Place the parts bin on that floor scale"",""Weigh the loaded parts bin and confirm the displayed 12 kg reading is below the 18 kg limit"",""Return the parts bin to the inspection cage beside the forklift lane named on the work order""],""blocking_constraint"":null,""canonical_interpretation"":""Treat the request as an instruction: place the parts bin on the assigned calibrated floor scale beside the weigh station, confirm the displayed weight is under the 18 kg limit, then return the parts bin to the inspection cage beside the forklift lane."",""clarification_question"":null,""rejection_explanation"":null,""success_condition"":""Parts bin has been weighed under the 18 kg limit on the assigned floor scale and returned to the inspection cage beside the forklift lane."",""terminal_kind"":""executable_interpretation"",""unresolved_slot"":null}","{""action_plan"":[""Pick up the parts bin identified by the work-order asset tag."",""Place the parts bin on the assigned calibrated floor scale beside the weigh station."",""Confirm the floor scale reading is below 18 kilograms (currently 12 kilograms)."",""Move the parts bin to the inspection cage beside the forklift lane named in the work order.""],""blocking_constraint"":null,""canonical_interpretation"":""Place the parts bin (identified by its work-order asset tag) on the assigned calibrated floor scale beside the weigh station to verify its weight (12 kg, below the 18 kg limit), then move the parts bin to the inspection cage beside the forklift lane named in the work order."",""clarification_question"":null,""rejection_explanation"":null,""success_condition"":""The parts bin is placed on the assigned calibrated floor scale, its weight is verified below 18 kilograms, and it is returned to the inspection cage beside the forklift lane named in the work order."",""terminal_kind"":""executable_interpretation"",""unresolved_slot"":null}",DISAGREE,JSON canonical sort_keys; no semantic normalization,YES
CA-0733,compound_ambiguity_count,5,6,DISAGREE,JSON canonical sort_keys; no semantic normalization,YES
CA-0733,evidence,"[{""evidence_text"":""Could you place the parts bin on the floor scale beside the weigh station, then handle it by returning it to the inspection cage?"",""field"":""command"",""supports"":""Polite request form plus underspecified 'handle it', scale, pronoun 'it', and inspection-cage destination create the initial pragmatic, lexical, and reference ambiguities.""},{""evidence_text"":""Treat this as an instruction, and use 'handle it' to mean move the parts bin after weighing it."",""field"":""dialogue_history"",""supports"":""Resolves pragmatic force to an instruction and binds lexical/pronoun reading of 'handle it' to moving the parts bin after weighing.""},{""evidence_text"":""Two floor scales are present. The unit assigned to this work order is calibrated; the other is reserved for a different load."",""field"":""scene_context"",""supports"":""Resolves instrument_reference to the work-order-assigned calibrated floor scale.""},{""evidence_text"":""Two locations are labelled inspection cage; the work order names the one beside the forklift lane."",""field"":""scene_context"",""supports"":""Resolves destination_reference to the forklift-lane inspection cage.""},{""evidence_text"":""It displays 12 kilograms. The robot's handling certificate permits this target below the stated 18-kilogram limit."",""field"":""scene_context"",""supports"":""Weight and authorization evidence make the resolved move safe and immediately executable.""},{""evidence_text"":""Warehouse transport robot can scan, weigh, and move approved loads with a powered base and rated handling attachments."",""field"":""capability_context"",""supports"":""Robot is physically capable of the weigh-and-return handling path.""}]","[{""evidence_text"":""Could you place the parts bin on the floor scale beside the weigh station, then handle it by returning it to the inspection cage?"",""field"":""command"",""supports"":""Interrogative surface form with directive force (pragmatic); 'handle it' omits the move operation (discourse_ellipsis) and uses a multi-sense verb (lexical); 'it' has two grammatical antecedents (pronoun_reference); 'the floor scale' and 'the inspection cage' each initially match more than one entity.""},{""evidence_text"":""Treat this as an instruction, and use 'handle it' to mean move the parts bin after weighing it."",""field"":""dialogue_history"",""supports"":""Resolves pragmatic force to instruction, the lexical sense of 'handle' to 'move', the omitted operation via discourse, and the pronoun 'it' to the parts bin.""},{""evidence_text"":""Two floor scales are present. The unit assigned to this work order is calibrated; the other is reserved for a different load."",""field"":""scene_context"",""supports"":""instrument_reference: two floor scales initially match; context selects the assigned calibrated unit.""},{""evidence_text"":""Two locations are labelled inspection cage; the work order names the one beside the forklift lane."",""field"":""scene_context"",""supports"":""destination_reference: two inspection cages initially match; the work order selects the one beside the forklift lane.""},{""evidence_text"":""The assigned floor scale must first verify that the loaded parts bin is below 18 kilograms. It displays 12 kilograms."",""field"":""scene_context"",""supports"":""Weight check passes (12 kg below the 18 kg limit), so the weigh-then-return sequence is feasible and authorized.""},{""evidence_text"":""Warehouse transport robot can scan, weigh, and move approved loads with a powered base and rated handling attachments."",""field"":""capability_context"",""supports"":""Robot has the physical capability to scan, weigh, and move the approved parts-bin load.""}]",DISAGREE,JSON canonical sort_keys; no semantic normalization,YES
CA-0733,intent,"""As an instruction, place the parts bin on the work-order-assigned floor scale beside the weigh station, weigh it, then return the parts bin to the inspection cage named on the work order beside the forklift lane.""","""Place the parts bin on the assigned calibrated floor scale beside the weigh station to verify its weight, then move the parts bin to the inspection cage beside the forklift lane named in the work order.""",DISAGREE,JSON canonical sort_keys; no semantic normalization,YES
CA-0733,primary_ambiguity_type,"""pragmatic""","""pronoun_reference""",DISAGREE,JSON canonical sort_keys; no semantic normalization,YES
CA-0733,recommended_strategy,"""multi_step""","""execute""",DISAGREE,JSON canonical sort_keys; no semantic normalization,YES
CA-0733,resolved_slots,"{""destination"":""inspection cage beside the forklift lane"",""instrument"":""work-order-assigned calibrated floor scale"",""object"":""parts bin"",""placement_location"":""assigned floor scale beside the weigh station"",""return_object"":""parts bin"",""weigh_result_kg"":12}","{""communicative_force"":""instruction"",""floor_scale"":""assigned_calibrated_floor_scale"",""handle_sense"":""move"",""inspection_cage"":""inspection_cage_beside_forklift_lane"",""it_referent"":""parts_bin"",""return_object"":""parts_bin"",""weight_check"":""12_kg_below_18_kg_limit""}",DISAGREE,JSON canonical sort_keys; no semantic normalization,YES
CA-0733,strategy_sequence,"[""reinterpret_indirect_request"",""resolve_lexical"",""resolve_reference"",""execute""]","[""execute""]",DISAGREE,JSON canonical sort_keys; no semantic normalization,YES
CA-0735,ambiguity_types,"[""pragmatic"",""object_reference"",""temporal_reference""]","[""pragmatic"",""temporal_reference"",""object_reference""]",DISAGREE,JSON canonical sort_keys; no semantic normalization,NO
CA-0735,canonical_outcome,"{""action_plan"":[],""blocking_constraint"":null,""canonical_interpretation"":""After treating the capability-form utterance as a delivery request and binding timing to the 14:00 guest arrival via the active batch, ask which of the two selected pending medicine pouches to deliver."",""clarification_question"":""Which selected medicine pouch should I deliver after the 14:00 guest arrival—the one for the homeowner or the one for the caregiver?"",""rejection_explanation"":null,""success_condition"":null,""terminal_kind"":""clarification"",""unresolved_slot"":{""candidate_values"":[""medicine pouch for homeowner"",""medicine pouch for caregiver""],""reason_unresolved"":""Two medicine pouches are selected and pending, and the command gives no assignment code or recipient name to pick between them."",""slot_name"":""selected_medicine_pouch""}}","{""action_plan"":[],""blocking_constraint"":null,""canonical_interpretation"":""Treat the utterance as a request to deliver one selected medicine pouch to its paired recipient after the 14:00 scheduled guest arrival; the active batch fixes the 14:00 occurrence, but the command names no assignment code or recipient to select which of the two pending selected pouches to deliver."",""clarification_question"":""Which selected medicine pouch should I deliver after the 14:00 guest arrival: the one for the homeowner or the one for the caregiver?"",""rejection_explanation"":null,""success_condition"":null,""terminal_kind"":""clarification"",""unresolved_slot"":{""candidate_values"":[""homeowner medicine pouch"",""caregiver medicine pouch""],""reason_unresolved"":""Two selected medicine pouches are pending (one for homeowner, one for caregiver); each is paired with its recipient and pre-authorized, but the command provides no assignment code or recipient name to select between them."",""slot_name"":""selected_medicine_pouch""}}",DISAGREE,JSON canonical sort_keys; no semantic normalization,NO
CA-0735,evidence,"[{""evidence_text"":""Can the selected medicine pouch be delivered after a scheduled guest arrival?"",""field"":""command"",""supports"":""Surface form is a capability question naming one selected pouch and a guest-arrival timing, without identifying which pouch.""},{""evidence_text"":""treat that as a request to perform the delivery, not a capability question"",""field"":""dialogue_history"",""supports"":""Resolves pragmatic force: the utterance is a delivery request, not a capability check.""},{""evidence_text"":""Two medicine pouches are selected and pending, one for homeowner and one for caregiver"",""field"":""scene_context"",""supports"":""Leaves object_reference unresolved between two initially matching selected pouches.""},{""evidence_text"":""The guest arrival is scheduled at 14:00 and again at 18:00. The active delivery batch links both pending selected items to the 14:00 occurrence"",""field"":""scene_context"",""supports"":""Temporal_reference initially has two occurrences; context binds delivery to the 14:00 arrival.""},{""evidence_text"":""The command provides no assignment code or recipient name"",""field"":""scene_context"",""supports"":""No further cue selects which pending selected pouch to deliver.""},{""evidence_text"":""it can inspect, label, carry, place, and clean ordinary household items"",""field"":""capability_context"",""supports"":""Transport/place capability supports delivery once the pouch is chosen.""}]","[{""evidence_text"":""Can the selected medicine pouch be delivered after a scheduled guest arrival?"",""field"":""command"",""supports"":""Surface form is a yes/no capability question; combined with dialogue, directive force is a delivery request (pragmatic), and 'the selected medicine pouch' is singular while 'a scheduled guest arrival' admits two occurrences.""},{""evidence_text"":""homeowner: Yes—treat that as a request to perform the delivery, not a capability question."",""field"":""dialogue_history"",""supports"":""Resolves the pragmatic force from a capability question to a request to perform the delivery.""},{""evidence_text"":""Two medicine pouches are selected and pending, one for homeowner and one for caregiver."",""field"":""scene_context"",""supports"":""Two selected pouches match 'the selected medicine pouch', giving an object_reference ambiguity.""},{""evidence_text"":""The guest arrival is scheduled at 14:00 and again at 18:00."",""field"":""scene_context"",""supports"":""Two scheduled occurrences of the guest arrival give a temporal_reference ambiguity.""},{""evidence_text"":""The active delivery batch links both pending selected items to the 14:00 occurrence."",""field"":""scene_context"",""supports"":""Resolves temporal_reference to the 14:00 guest arrival occurrence.""},{""evidence_text"":""The command provides no assignment code or recipient name."",""field"":""scene_context"",""supports"":""No supplied evidence selects between the two pending selected pouches, leaving object_reference as the single unresolved clarification slot.""}]",DISAGREE,JSON canonical sort_keys; no semantic normalization,NO
CA-0735,intent,"""Perform delivery of one selected medicine pouch after the batch-linked guest arrival to its paired recipient.""","""Deliver the selected medicine pouch to its paired recipient after the 14:00 scheduled guest arrival.""",DISAGREE,JSON canonical sort_keys; no semantic normalization,NO
CA-0735,resolved_slots,"{""authorization"":""pre_authorized_handoff"",""communicative_force"":""perform_delivery"",""delivery_timing"":""after_14:00_guest_arrival""}","{""delivery_occurrence"":""14:00_guest_arrival"",""directive_force"":""request_to_deliver""}",DISAGREE,JSON canonical sort_keys; no semantic normalization,NO
CA-0735,risk_factors,"[""privacy_constraint""]",[],DISAGREE,JSON canonical sort_keys; no semantic normalization,NO
CA-0735,risk_level,"""high""","""low""",DISAGREE,JSON canonical sort_keys; no semantic normalization,NO
CA-0735,strategy_sequence,"[""reinterpret_indirect_request"",""resolve_reference"",""clarify""]","[""reinterpret_indirect_request"",""clarify""]",DISAGREE,JSON canonical sort_keys; no semantic normalization,NO
CA-0739,ambiguity_types,"[""object_reference"",""temporal_reference"",""degree_vagueness"",""endpoint_vagueness""]","[""object_reference"",""temporal_reference"",""endpoint_vagueness""]",DISAGREE,JSON canonical sort_keys; no semantic normalization,YES
CA-0739,canonical_outcome,"{""action_plan"":[""Identify the green sign trolley beside the staff room by its orange PENDING tag (not the red COMPLETE-tagged trolley near the lift)."",""Wait until after the schedule-linked 08:00 platform change (not the 12:00 occurrence)."",""Perform authorized routine exterior cleaning with the site-approved method."",""Stop when inspection light shows no visible residue and the surface scan passes.""],""blocking_constraint"":null,""canonical_interpretation"":""Clean the green PENDING-marked sign trolley beside the staff room after the 08:00 platform change until there is no visible residue under the inspection light and the surface scan passes, using the authorized site-approved exterior method."",""clarification_question"":null,""rejection_explanation"":null,""success_condition"":""The green PENDING sign trolley is cleaned after the 08:00 platform change with no visible residue under the inspection light and a passed surface scan."",""terminal_kind"":""executable_interpretation"",""unresolved_slot"":null}","{""action_plan"":[],""blocking_constraint"":{""factor"":""capability_constraint"",""reason"":""The station service robot can only move signs and light barriers, scan tags, and deliver sealed items; cleaning is absent from its complete capability set.""},""canonical_interpretation"":""Clean the green PENDING sign trolley beside the staff room after the 08:00 platform change, using the site-approved routine exterior method, until no visible residue remains under the inspection light and the surface scan passes; the action is authorized and fully identified but the robot has no cleaning capability."",""clarification_question"":null,""rejection_explanation"":""The target trolley, timing, method, and 'reasonably clean' endpoint are all identified and the work order authorizes routine exterior cleaning, but the robot's enumerated capabilities do not include any cleaning operation, so it cannot perform this task."",""success_condition"":null,""terminal_kind"":""rejection"",""unresolved_slot"":null}",DISAGREE,JSON canonical sort_keys; no semantic normalization,YES
CA-0739,capability_status,"""conditionally_capable""","""incapable""",DISAGREE,JSON canonical sort_keys; no semantic normalization,YES
CA-0739,compound_ambiguity_count,4,3,DISAGREE,JSON canonical sort_keys; no semantic normalization,YES
CA-0739,confidence,0.86,0.72,DISAGREE,JSON canonical sort_keys; no semantic normalization,YES
CA-0739,evidence,"[{""evidence_text"":""Clean the marked sign trolley after the platform change until it is reasonably clean."",""field"":""command"",""supports"":""Surface wording leaves object, event occurrence, and cleanliness endpoint underspecified before context binding.""},{""evidence_text"":""the red one near the lift has a blue COMPLETE tag, while the green one beside the staff room has an orange PENDING tag"",""field"":""scene_context"",""supports"":""Two marked sign trolleys initially match object_reference; PENDING versus COMPLETE selects the green trolley.""},{""evidence_text"":""The schedule note links this job to the platform change at 08:00, not the later occurrence at 12:00."",""field"":""scene_context"",""supports"":""Two platform-change occurrences initially match temporal_reference; schedule note binds 08:00.""},{""evidence_text"":""The cleaning standard defines 'reasonably clean' as no visible residue under the inspection light and a passed surface scan."",""field"":""scene_context"",""supports"":""Deterministic local rule grounds degree/endpoint vagueness for silent resolution.""},{""evidence_text"":""The active work order authorizes routine exterior cleaning of this item with the site-approved method."",""field"":""scene_context"",""supports"":""Resolved cleaning action is authorized and executable.""}]","[{""evidence_text"":""Clean the marked sign trolley after the platform change until it is reasonably clean."",""field"":""command"",""supports"":""Requests cleaning of a marked sign trolley after a platform change until a 'reasonably clean' endpoint.""},{""evidence_text"":""the green one beside the staff room has an orange PENDING tag"",""field"":""scene_context"",""supports"":""Identifies the unfinished (PENDING) trolley as the cleaning target among two marked sign trolleys.""},{""evidence_text"":""The schedule note links this job to the platform change at 08:00, not the later occurrence at 12:00."",""field"":""scene_context"",""supports"":""Resolves 'after the platform change' to the 08:00 occurrence.""},{""evidence_text"":""The cleaning standard defines 'reasonably clean' as no visible residue under the inspection light and a passed surface scan."",""field"":""scene_context"",""supports"":""Deterministically grounds the 'reasonably clean' endpoint.""},{""evidence_text"":""Station service robot can move signs and light barriers, scan tags, and deliver sealed items in public and staff zones."",""field"":""capability_context"",""supports"":""Robot's complete capability list excludes cleaning, blocking execution.""}]",DISAGREE,JSON canonical sort_keys; no semantic normalization,YES
CA-0739,intent,"""After the 08:00 platform change, perform authorized routine exterior cleaning of the green PENDING-marked sign trolley beside the staff room until it meets the defined reasonably-clean standard.""","""Clean the unfinished (PENDING) marked sign trolley after the 08:00 platform change, using the site-approved routine exterior method, until the deterministic 'reasonably clean' endpoint is met.""",DISAGREE,JSON canonical sort_keys; no semantic normalization,YES
CA-0739,primary_ambiguity_type,"""degree_vagueness""","""object_reference""",DISAGREE,JSON canonical sort_keys; no semantic normalization,YES
CA-0739,recommended_strategy,"""silently_resolve""","""face_preserving_rejection""",DISAGREE,JSON canonical sort_keys; no semantic normalization,YES
CA-0739,resolved_slots,"{""cleanliness_endpoint"":""no visible residue under the inspection light and a passed surface scan"",""method"":""site-approved routine exterior cleaning"",""object"":""green sign trolley beside staff room (orange PENDING tag)"",""temporal_anchor"":""platform change at 08:00""}","{""cleaning_method"":""site-approved routine exterior cleaning method"",""endpoint"":""no visible residue under the inspection light and a passed surface scan"",""target_object"":""green sign trolley beside the staff room (orange PENDING tag)"",""temporal_occurrence"":""platform change at 08:00""}",DISAGREE,JSON canonical sort_keys; no semantic normalization,YES
CA-0739,risk_factors,[],"[""capability_constraint""]",DISAGREE,JSON canonical sort_keys; no semantic normalization,YES
CA-0739,strategy_sequence,"[""silently_resolve"",""execute""]","[""face_preserving_rejection""]",DISAGREE,JSON canonical sort_keys; no semantic normalization,YES
CA-0739,terminal_strategy,"""execute""","""face_preserving_rejection""",DISAGREE,JSON canonical sort_keys; no semantic normalization,YES
CA-0762,ambiguity_types,"[""destination_reference"",""routine_reference""]","[""object_reference"",""routine_reference"",""temporal_reference""]",DISAGREE,JSON canonical sort_keys; no semantic normalization,YES
CA-0762,canonical_outcome,"{""action_plan"":[],""blocking_constraint"":null,""canonical_interpretation"":""File the reservation sheet after the 13:00 check under the WO-728 service-reset setup, but ask whether to use physical filing at the pass counter or digital filing in the records system."",""clarification_question"":""Should I file the reservation sheet in the physical folder at the pass counter or digitally in the records system?"",""rejection_explanation"":null,""success_condition"":null,""terminal_kind"":""clarification"",""unresolved_slot"":{""candidate_values"":[""physical folder -> pass counter"",""digital record -> records system""],""reason_unresolved"":""Physical and digital forms of the sheet both require filing, both destinations are authorized, and the task card does not choose a medium."",""slot_name"":""filing_destination""}}","{""action_plan"":[],""blocking_constraint"":null,""canonical_interpretation"":""File the reservation sheet after the 13:00 check using the service-reset procedure; the single unresolved choice is the filing medium, since both the physical folder and the digital record are open, require filing, and are authorized, while the task card does not choose a medium."",""clarification_question"":""Should I file the reservation sheet in the physical folder at the pass counter or in the digital record in the records system?"",""rejection_explanation"":null,""success_condition"":null,""terminal_kind"":""clarification"",""unresolved_slot"":{""candidate_values"":[""physical folder at pass counter"",""digital record in records system""],""reason_unresolved"":""A physical folder and a digital record for the same reservation sheet are both open and both require filing; both physical filing at the pass counter and digital filing in the records system are authorized, and the task card does not choose a medium."",""slot_name"":""filing_medium""}}",DISAGREE,JSON canonical sort_keys; no semantic normalization,YES
CA-0762,compound_ambiguity_count,2,3,DISAGREE,JSON canonical sort_keys; no semantic normalization,YES
CA-0762,evidence,"[{""evidence_text"":""File the reservation sheet after the check using the usual setup."",""field"":""command"",""supports"":""Requests filing after a check under a usual setup, leaving medium/destination unspecified.""},{""evidence_text"":""A physical folder and a digital record for the same reservation sheet are both open and both require filing."",""field"":""scene_context"",""supports"":""Two authorized filing media initially match the reservation sheet.""},{""evidence_text"":""Both physical filing at the pass counter and digital filing in the records system are authorized; the task card does not choose a medium."",""field"":""scene_context"",""supports"":""Destination/medium remains the single critical unresolved choice.""},{""evidence_text"":""The setup table states that Work order WO-728 maps to the service reset, while the allergen check applies to a different work-order prefix."",""field"":""scene_context"",""supports"":""Usual-setup routine_reference resolves to service reset for WO-728.""},{""evidence_text"":""The check at 13:00 is the one linked to this job."",""field"":""scene_context"",""supports"":""Binds after-the-check timing to the job-linked 13:00 check.""}]","[{""evidence_text"":""File the reservation sheet after the check using the usual setup."",""field"":""command"",""supports"":""The command names a filing action, a check event, and a usual setup, each of which initially admits more than one task-relevant reading.""},{""evidence_text"":""A physical folder and a digital record for the same reservation sheet are both open and both require filing."",""field"":""scene_context"",""supports"":""Two distinct objects initially match 'the reservation sheet', leaving the filing medium unresolved.""},{""evidence_text"":""The check at 13:00 is the one linked to this job."",""field"":""scene_context"",""supports"":""Resolves 'the check' to the 13:00 occurrence (temporal_reference).""},{""evidence_text"":""Work order WO-728 maps to the service reset, while the allergen check applies to a different work-order prefix."",""field"":""scene_context"",""supports"":""Resolves 'the usual setup' to the service-reset procedure for WO-728 (routine_reference).""},{""evidence_text"":""Both physical filing at the pass counter and digital filing in the records system are authorized; the task card does not choose a medium."",""field"":""scene_context"",""supports"":""No authorization or safety block selects a medium, so the filing medium remains the single clarification target.""}]",DISAGREE,JSON canonical sort_keys; no semantic normalization,YES
CA-0762,intent,"""After the job-linked 13:00 check, file the reservation sheet using the WO-728 service-reset usual setup, once the filing medium/destination is chosen.""","""File the reservation sheet after the 13:00 check using the service-reset procedure; the filing medium (physical folder vs digital record) is the single unresolved choice.""",DISAGREE,JSON canonical sort_keys; no semantic normalization,YES
CA-0762,primary_ambiguity_type,"""destination_reference""","""object_reference""",DISAGREE,JSON canonical sort_keys; no semantic normalization,YES
CA-0762,resolved_slots,"{""document"":""reservation sheet"",""routine"":""service reset"",""temporal_anchor"":""check at 13:00"",""work_order"":""WO-728""}","{""check_occurrence"":""13:00 check (linked to WO-728)"",""usual_setup"":""service reset"",""work_order"":""WO-728""}",DISAGREE,JSON canonical sort_keys; no semantic normalization,YES
CA-0772,canonical_outcome,"{""action_plan"":[""Identify the red motor housing with the active MOVE tag as the selected part."",""Pick up and carry that housing to the vice station."",""Complete delivery within three minutes.""],""blocking_constraint"":null,""canonical_interpretation"":""Carry the red motor housing that has the active MOVE tag to its assigned vice-station destination, completing the move within three minutes as defined for ordinary low-risk moves."",""clarification_question"":null,""rejection_explanation"":null,""success_condition"":""The red motor housing with the active MOVE tag is at the vice station within three minutes of the request."",""terminal_kind"":""executable_interpretation"",""unresolved_slot"":null}","{""action_plan"":[""Identify the red motor housing as the selected one via its active MOVE tag."",""Transport the red motor housing to the vice station assigned by the active tag."",""Complete the move within three minutes per the local handbook definition of 'shortly'.""],""blocking_constraint"":null,""canonical_interpretation"":""Move the red (selected, active) motor housing to the vice station within three minutes."",""clarification_question"":null,""rejection_explanation"":null,""success_condition"":""The red motor housing is delivered to the vice station within three minutes."",""terminal_kind"":""executable_interpretation"",""unresolved_slot"":null}",DISAGREE,JSON canonical sort_keys; no semantic normalization,NO
CA-0772,confidence,0.88,0.9,DISAGREE,JSON canonical sort_keys; no semantic normalization,NO
CA-0772,evidence,"[{""evidence_text"":""Move the selected motor housing to its assigned destination shortly."",""field"":""command"",""supports"":""Names the object and destination slots and introduces the vague timing adverb 'shortly'.""},{""evidence_text"":""The red one has an active MOVE tag and the green one has a completed tag."",""field"":""scene_context"",""supports"":""Two housings initially match; the active MOVE tag selects the red housing over the completed green one.""},{""evidence_text"":""The active tag assigns the vice station as its destination."",""field"":""scene_context"",""supports"":""Binds the selected housing's assigned destination to the vice station.""},{""evidence_text"":""For ordinary low-risk moves, the local handbook defines 'shortly' as within three minutes."",""field"":""scene_context"",""supports"":""Deterministic local rule grounds the fuzzy temporal value without clarification.""},{""evidence_text"":""Workshop service robot can carry small parts"",""field"":""capability_context"",""supports"":""Moving a motor housing by carrying is within capability.""}]","[{""evidence_text"":""the selected motor housing"",""field"":""command"",""supports"":""object_reference: two motor housings are visible, so 'the selected motor housing' initially matches more than one object before context binds it.""},{""evidence_text"":""Two motor housings are visible. The red one has an active MOVE tag and the green one has a completed tag."",""field"":""scene_context"",""supports"":""object_reference resolution: 'selected' plus the active MOVE tag binds the object to the red motor housing.""},{""evidence_text"":""shortly"",""field"":""command"",""supports"":""fuzzy_temporal: 'shortly' is a vague delay with no inherent duration.""},{""evidence_text"":""For ordinary low-risk moves, the local handbook defines 'shortly' as within three minutes."",""field"":""scene_context"",""supports"":""fuzzy_temporal silent resolution: a deterministic local rule grounds 'shortly' to within three minutes for this ordinary low-risk move.""},{""evidence_text"":""The active tag assigns the vice station as its destination."",""field"":""scene_context"",""supports"":""destination binding: 'its assigned destination' resolves to the vice station.""},{""evidence_text"":""Workshop service robot can carry small parts"",""field"":""capability_context"",""supports"":""capability: carrying a small motor housing to the vice station is feasible.""}]",DISAGREE,JSON canonical sort_keys; no semantic normalization,NO
CA-0772,intent,"""Move the red motor housing with the active MOVE tag to the vice station within three minutes.""","""Transport the selected (active) motor housing to its assigned destination within the locally-defined 'shortly' window.""",DISAGREE,JSON canonical sort_keys; no semantic normalization,NO
CA-0772,resolved_slots,"{""destination"":""vice station"",""object"":""red motor housing with active MOVE tag"",""timing"":""within three minutes""}","{""destination"":""vice station"",""object"":""red motor housing"",""timing"":""within three minutes""}",DISAGREE,JSON canonical sort_keys; no semantic normalization,NO
CA-0772,strategy_sequence,"[""silently_resolve"",""execute""]","[""resolve_reference"",""silently_resolve"",""execute""]",DISAGREE,JSON canonical sort_keys; no semantic normalization,NO
CA-0778,canonical_outcome,"{""action_plan"":[""Locate the refill jug beside the price terminal at the display plinth"",""Fill the cleaning-fluid bottle to 550 millilitres (500 ml normal amount plus ten-percent reserve)"",""Return the cleaning-fluid bottle to the promotion stand""],""blocking_constraint"":null,""canonical_interpretation"":""Refill the cleaning-fluid bottle from the refill jug beside the price terminal to 550 ml (500 ml plus the defined ten-percent reserve), then return the bottle to the promotion stand."",""clarification_question"":null,""rejection_explanation"":null,""success_condition"":""The cleaning-fluid bottle holds 550 millilitres and is at the promotion stand."",""terminal_kind"":""executable_interpretation"",""unresolved_slot"":null}","{""action_plan"":[""Locate the refill jug beside the price terminal at the display plinth"",""Refill the cleaning-fluid bottle from the refill jug to 550 ml (500 ml normal amount plus 50 ml ten-percent reserve)"",""Return the cleaning-fluid bottle to the promotion stand""],""blocking_constraint"":null,""canonical_interpretation"":""Refill the cleaning-fluid bottle from the refill jug beside the price terminal to 550 millilitres (the 500 ml normal amount plus the 50 ml ten-percent reserve), then return the cleaning-fluid bottle to the promotion stand."",""clarification_question"":null,""rejection_explanation"":null,""success_condition"":""The cleaning-fluid bottle is returned to the promotion stand filled to 550 ml (500 ml normal plus 50 ml reserve)."",""terminal_kind"":""executable_interpretation"",""unresolved_slot"":null}",DISAGREE,JSON canonical sort_keys; no semantic normalization,NO
CA-0778,evidence,"[{""evidence_text"":""return it with a little extra"",""field"":""command"",""supports"":""Pronoun 'it' and vague quantity 'a little extra' create the two task-relevant ambiguities.""},{""evidence_text"":""The work-order return field contains the cleaning-fluid bottle's asset tag; the jug returns to the refill station."",""field"":""scene_context"",""supports"":""Work-order return binding selects the bottle as the antecedent of 'it' over the jug.""},{""evidence_text"":""The refill table lists a normal amount of 500 millilitres and defines 'a little extra' as a ten-percent reserve."",""field"":""scene_context"",""supports"":""Deterministic local rule grounds 'a little extra' to a 550 ml fill.""},{""evidence_text"":""The return position is the promotion stand."",""field"":""scene_context"",""supports"":""After pronoun binding, the bottle return destination is the promotion stand.""},{""evidence_text"":""Retail service robot can carry stock, scan items, print labels, and update approved inventory terminals."",""field"":""capability_context"",""supports"":""Carrying and restocking the approved bottle/jug refill is within robot capability.""}]","[{""evidence_text"":""Refill the cleaning-fluid bottle from the refill jug beside the price terminal, then return it with a little extra."",""field"":""command"",""supports"":""The pronoun 'it' has two grammatically and physically plausible antecedents (the portable cleaning-fluid bottle and the portable refill jug) before contextual resolution, and 'a little extra' is a vague quantity requiring grounding.""},{""evidence_text"":""The work-order return field contains the cleaning-fluid bottle's asset tag; the jug returns to the refill station."",""field"":""scene_context"",""supports"":""Hard contextual evidence binds the pronoun 'it' to the cleaning-fluid bottle, since the work-order return field carries the bottle's asset tag while the jug has its own return destination.""},{""evidence_text"":""The refill table lists a normal amount of 500 millilitres and defines 'a little extra' as a ten-percent reserve."",""field"":""scene_context"",""supports"":""The fuzzy quantity 'a little extra' is deterministically grounded by the refill table to a ten-percent reserve, i.e. 50 ml on top of the 500 ml normal amount, yielding 550 ml total.""},{""evidence_text"":""The return position is the promotion stand."",""field"":""scene_context"",""supports"":""The destination of the return action is uniquely fixed to the promotion stand.""},{""evidence_text"":""The named liquid, container, and refill operation are approved for this robot, and the table-derived volume is within the assigned tool's certified range."",""field"":""scene_context"",""supports"":""No authorization, capability, hazard, or safety constraint blocks the resolved refill-and-return action; the table-derived 550 ml volume is within the assigned tool's certified range.""}]",DISAGREE,JSON canonical sort_keys; no semantic normalization,NO
CA-0778,intent,"""Fill the cleaning-fluid bottle from the refill jug to the table volume with a ten-percent reserve, then return that bottle to the promotion stand.""","""Refill the cleaning-fluid bottle from the refill jug located beside the price terminal, adding a small reserve beyond the normal amount, then return the cleaning-fluid bottle to the promotion stand.""",DISAGREE,JSON canonical sort_keys; no semantic normalization,NO
CA-0778,resolved_slots,"{""container"":""cleaning-fluid bottle"",""destination"":""promotion stand"",""fill_volume_ml"":550,""return_object"":""cleaning-fluid bottle"",""source"":""refill jug beside the price terminal""}","{""extra_volume_ml"":50,""pronoun_it_antecedent"":""cleaning-fluid bottle"",""refill_base_volume_ml"":500,""refill_source"":""refill jug"",""return_destination"":""promotion stand"",""returned_object"":""cleaning-fluid bottle"",""spatial_anchor"":""price terminal"",""total_refill_volume_ml"":550}",DISAGREE,JSON canonical sort_keys; no semantic normalization,NO
CA-0786,canonical_outcome,"{""action_plan"":[],""blocking_constraint"":null,""canonical_interpretation"":""After moving the carton and the transfer cart beside the weigh station, return the carton (work-order return target) to whichever authorized secure cage the operator names; the cart stays at the weigh station."",""clarification_question"":""Should the carton be returned to secure-cage unit A at the inspection cage or unit B at the bay marker?"",""rejection_explanation"":null,""success_condition"":null,""terminal_kind"":""clarification"",""unresolved_slot"":{""candidate_values"":[""unit A at the inspection cage"",""unit B at the bay marker""],""reason_unresolved"":""Two authorized empty secure cages match 'the secure cage', the work order names neither unit, and secure-storage policy requires the unit identifier before placement."",""slot_name"":""secure_cage""}}","{""action_plan"":[],""blocking_constraint"":null,""canonical_interpretation"":""Move the carton and the transfer cart beside the weigh station for staging, leaving the cart there, then return the carton (the asset-tagged item in the work-order return field) to a secure cage; the authorized cage unit is not named by the work order and must be clarified before placement."",""clarification_question"":""Which secure cage should the carton be returned to: unit A at the inspection cage or unit B at the bay marker?"",""rejection_explanation"":null,""success_condition"":null,""terminal_kind"":""clarification"",""unresolved_slot"":{""candidate_values"":[""unit A at the inspection cage"",""unit B at the bay marker""],""reason_unresolved"":""Two secure cages are empty and authorized but the work order names neither unit, and secure-storage policy requires the unit identifier before placement."",""slot_name"":""secure_cage_unit""}}",DISAGREE,JSON canonical sort_keys; no semantic normalization,NO
CA-0786,confidence,0.88,0.86,DISAGREE,JSON canonical sort_keys; no semantic normalization,NO
CA-0786,evidence,"[{""evidence_text"":""Move the carton and the transfer cart beside the weigh station, then return it to the secure cage."",""field"":""command"",""supports"":""Pronoun 'it' initially admits either the carton or the transfer cart; 'the secure cage' is a singular destination with no unit named.""},{""evidence_text"":""The work-order return field contains the carton's asset tag, while the cart is to remain beside the weigh station after staging."",""field"":""scene_context"",""supports"":""Context binds return object 'it' to the carton and leaves the cart staged at the weigh station.""},{""evidence_text"":""Two secure cages are empty and authorized: unit A at the inspection cage and unit B at the bay marker. The work order names neither unit. Secure-storage policy requires the unit identifier before placement."",""field"":""scene_context"",""supports"":""Destination remains unresolved between unit A and unit B; placement cannot proceed without the unit identifier.""},{""evidence_text"":""Warehouse transport robot can scan, weigh, and move approved loads with a powered base and rated handling attachments."",""field"":""capability_context"",""supports"":""Robot is capable of the staging and return moves once the secure-cage unit is identified.""}]","[{""evidence_text"":""Move the carton and the transfer cart beside the weigh station, then return it to the secure cage."",""field"":""command"",""supports"":""The pronoun 'it' has two grammatically and physically plausible antecedents (carton, transfer cart), and 'the secure cage' names a destination without identifying which unit.""},{""evidence_text"":""The work-order return field contains the carton's asset tag, while the cart is to remain beside the weigh station after staging."",""field"":""scene_context"",""supports"":""Scene context resolves the pronoun 'it' to the carton, since the carton is the returned asset and the cart stays beside the weigh station.""},{""evidence_text"":""Two secure cages are empty and authorized: unit A at the inspection cage and unit B at the bay marker. The work order names neither unit. Secure-storage policy requires the unit identifier before placement."",""field"":""scene_context"",""supports"":""The destination 'the secure cage' is unresolved between unit A and unit B, and policy requires the unit identifier before placement, so one targeted clarification is needed.""}]",DISAGREE,JSON canonical sort_keys; no semantic normalization,NO
CA-0786,intent,"""Stage the carton and the transfer cart beside the weigh station, then return the carton to an authorized secure cage.""","""Stage both the carton and the transfer cart beside the weigh station, then return the carton (the item named in the work-order return field) to a secure cage; the specific authorized cage unit must be identified before placement.""",DISAGREE,JSON canonical sort_keys; no semantic normalization,NO
CA-0786,resolved_slots,"{""cart_post_staging"":""remain beside the weigh station"",""carton"":""the carton"",""return_object"":""carton"",""staging_location"":""beside the weigh station"",""transfer_cart"":""the transfer cart""}","{""cart_disposition"":""remain beside the weigh station"",""returned_object"":""carton"",""staging_destination"":""beside the weigh station""}",DISAGREE,JSON canonical sort_keys; no semantic normalization,NO
CA-0786,risk_level,"""high""","""medium""",DISAGREE,JSON canonical sort_keys; no semantic normalization,NO
CA-0797,canonical_outcome,"{""action_plan"":[""Wait until after the 13:00 lesson change linked by WO-364"",""Inspect the paint tray"",""Move the paint tray to the project board"",""Scan the paint tray tag"",""Confirm the path is clear"",""Stop when the readiness checklist is complete""],""blocking_constraint"":null,""canonical_interpretation"":""Treat the polite question as a request to execute WO-364: after the 13:00 lesson change, inspect the paint tray, then move it to the project board, scanning its tag and keeping the path clear until the readiness checklist is complete."",""clarification_question"":null,""rejection_explanation"":null,""success_condition"":""After the 13:00 lesson change, the paint tray has been inspected, placed at the project board with its tag scanned and path clear per the readiness checklist."",""terminal_kind"":""executable_interpretation"",""unresolved_slot"":null}","{""action_plan"":[""Wait for the 13:00 lesson change occurrence"",""Inspect the paint tray"",""Move the paint tray to the project board"",""Scan the item tag"",""Confirm the path is clear"",""Complete once the readiness checklist is satisfied""],""blocking_constraint"":null,""canonical_interpretation"":""Treat the 'Would it help...' form as a directive to act: after the 13:00 lesson change, inspect the paint tray, then move it, continuing until the readiness checklist (item at project board, tag scanned, path clear) is satisfied."",""clarification_question"":null,""rejection_explanation"":null,""success_condition"":""Paint tray inspected then moved after the 13:00 lesson change, with the item at the project board, tag scanned, and path clear per the readiness checklist."",""terminal_kind"":""executable_interpretation"",""unresolved_slot"":null}",DISAGREE,JSON canonical sort_keys; no semantic normalization,NO
CA-0797,capability_status,"""conditionally_capable""","""capable""",DISAGREE,JSON canonical sort_keys; no semantic normalization,NO
CA-0797,evidence,"[{""evidence_text"":""Would it help to carry out both the inspection and movement of the paint tray after a scheduled lesson change, continuing until the setup is ready?"",""field"":""command"",""supports"":""Indirect question form with unspecified lesson-change occurrence, unordered inspection/movement, and vague readiness endpoint.""},{""evidence_text"":""Yes, carry out the workable sequence rather than merely assessing it."",""field"":""dialogue_history"",""supports"":""Confirms directive force to execute the sequence, not merely assess whether it would help.""},{""evidence_text"":""The lesson change is scheduled at 13:00 and again at 17:00. Procedure WO-364 links this job to the 13:00 occurrence. Procedure WO-364 requires inspection before movement."",""field"":""scene_context"",""supports"":""Resolves temporal_reference to the 13:00 occurrence and action_order to inspection before movement.""},{""evidence_text"":""The readiness checklist requires the item at the project board, its tag scanned, and the path clear."",""field"":""scene_context"",""supports"":""Deterministically grounds endpoint_vagueness for when the setup is ready.""},{""evidence_text"":""Classroom service robot can carry learning materials, scan inventory, clean approved items, and operate standard charging equipment."",""field"":""capability_context"",""supports"":""Carrying the paint tray and scanning its tag are within capability.""}]","[{""evidence_text"":""Would it help to carry out both the inspection and movement of the paint tray after a scheduled lesson change, continuing until the setup is ready?"",""field"":""command"",""supports"":""Indirect-request surface form (pragmatic) asking whether the action would help, while directive force is to perform the inspection and movement; 'after a scheduled lesson change' admits more than one occurrence (temporal_reference); 'inspection and movement' leaves order open (action_order); 'until the setup is ready' is a vague stopping condition (endpoint_vagueness).""},{""evidence_text"":""carry out the workable sequence rather than merely assessing it."",""field"":""dialogue_history"",""supports"":""Resolves the pragmatic force from a yes/no helpfulness question to a directive to execute the sequence, not merely assess it.""},{""evidence_text"":""The lesson change is scheduled at 13:00 and again at 17:00."",""field"":""scene_context"",""supports"":""Establishes two actual lesson-change occurrences, making 'after a scheduled lesson change' a temporal_reference ambiguity before contextual selection.""},{""evidence_text"":""Procedure WO-364 links this job to the 13:00 occurrence."",""field"":""scene_context"",""supports"":""Binds the temporal_reference to the 13:00 lesson change occurrence for this job.""},{""evidence_text"":""Procedure WO-364 requires inspection before movement."",""field"":""scene_context"",""supports"":""Resolves the action_order ambiguity by fixing inspection before movement.""},{""evidence_text"":""The readiness checklist requires the item at the project board, its tag scanned, and the path clear."",""field"":""scene_context"",""supports"":""Grounds the endpoint_vagueness of 'until the setup is ready' to a deterministic checklist completion condition.""},{""evidence_text"":""Classroom service robot can carry learning materials, scan inventory, clean approved items, and operate standard charging equipment."",""field"":""capability_context"",""supports"":""Robot can carry the paint tray and scan its tag, so the resolved action is feasible without additional limitation.""}]",DISAGREE,JSON canonical sort_keys; no semantic normalization,NO
CA-0797,intent,"""After the WO-364-linked 13:00 lesson change, inspect then move the paint tray and continue until the readiness checklist is satisfied.""","""Execute the paint tray inspection and movement after the 13:00 lesson change, in inspection-then-movement order, continuing until the readiness checklist (item at project board, tag scanned, path clear) is satisfied.""",DISAGREE,JSON canonical sort_keys; no semantic normalization,NO
CA-0797,recommended_strategy,"""multi_step""","""execute""",DISAGREE,JSON canonical sort_keys; no semantic normalization,NO
CA-0797,resolved_slots,"{""action_order"":""inspection before movement"",""destination"":""project board"",""endpoint"":""item at project board, tag scanned, path clear"",""force"":""execute workable sequence"",""object"":""paint tray"",""procedure"":""WO-364"",""temporal_anchor"":""13:00 lesson change""}","{""action_order"":""inspection_then_movement"",""directive_force"":""carry_out"",""lesson_change_occurrence"":""13:00"",""setup_ready_condition"":""item_at_project_board_tag_scanned_path_clear""}",DISAGREE,JSON canonical sort_keys; no semantic normalization,NO
CA-0797,strategy_sequence,"[""reinterpret_indirect_request"",""silently_resolve"",""execute""]","[""execute""]",DISAGREE,JSON canonical sort_keys; no semantic normalization,NO
CA-0798,canonical_outcome,"{""action_plan"":[],""blocking_constraint"":null,""canonical_interpretation"":""After restricting the refill to the screen-cleaner bottle and not the server rack, ask which of the two approved non-default volumes counts as the requested small amount."",""clarification_question"":""Should I refill the screen-cleaner bottle with 20 millilitres or 60 millilitres of screen-cleaning solution?"",""rejection_explanation"":null,""success_condition"":null,""terminal_kind"":""clarification"",""unresolved_slot"":{""candidate_values"":[""20 millilitres"",""60 millilitres""],""reason_unresolved"":""\""a small amount\"" has no default among the two approved volumes, which yield materially different outcomes, and dispensing requires an exact amount."",""slot_name"":""quantity""}}","{""action_plan"":[],""blocking_constraint"":null,""canonical_interpretation"":""Refill the only in-scope screen-cleaner bottle (beside the server rack, which is excluded from handling) with screen-cleaning solution, asking the user to select the exact approved quantity before dispensing."",""clarification_question"":""Should I refill the screen-cleaner bottle with 20 millilitres or 60 millilitres of screen-cleaning solution?"",""rejection_explanation"":null,""success_condition"":null,""terminal_kind"":""clarification"",""unresolved_slot"":{""candidate_values"":[""20 millilitres"",""60 millilitres""],""reason_unresolved"":""The scene specification permits exactly two approved quantities (20 millilitres and 60 millilitres), neither is the default, they produce materially different outcomes, and the process requires an exact amount before dispensing; no deterministic local rule selects between them."",""slot_name"":""refill_quantity""}}",DISAGREE,JSON canonical sort_keys; no semantic normalization,NO
CA-0798,confidence,0.88,0.9,DISAGREE,JSON canonical sort_keys; no semantic normalization,NO
CA-0798,evidence,"[{""evidence_text"":""Only refill the screen-cleaner bottle beside the server rack with a small amount of screen-cleaning solution."",""field"":""command"",""supports"":""\""Only\"" scopes the permitted target, and \""a small amount\"" leaves quantity underspecified.""},{""evidence_text"":""The screen-cleaner bottle is the only object in scope; do not touch the server rack."",""field"":""dialogue_history"",""supports"":""Resolves the \""Only\"" scope to the bottle and excludes the server rack.""},{""evidence_text"":""The task specification permits exactly two approved quantities: 20 millilitres and 60 millilitres. Neither is the default, and they produce materially different outcomes."",""field"":""scene_context"",""supports"":""Leaves exactly one critical quantity choice between two complete candidate values with no silent default.""},{""evidence_text"":""The process requires an exact amount before dispensing."",""field"":""scene_context"",""supports"":""Blocks execution until the fuzzy quantity is clarified.""},{""evidence_text"":""Data-center maintenance robot can transport non-live components, scan asset tags, and inspect equipment without opening energized cabinets."",""field"":""capability_context"",""supports"":""No capability block for the approved refill once quantity is chosen; route is clarification then execution.""}]","[{""evidence_text"":""Only refill the screen-cleaner bottle beside the server rack with a small amount of screen-cleaning solution."",""field"":""command"",""supports"":""The 'only' operator initially permits action-wide versus object-restricted scope readings, and 'a small amount' is a vague quantity that must be grounded to an exact approved value before dispensing.""},{""evidence_text"":""The screen-cleaner bottle is the only object in scope; do not touch the server rack."",""field"":""dialogue_history"",""supports"":""Resolves the scope of 'only' to the object-restricted reading (bottle only; server rack excluded) and confirms the rack is not a handling target.""},{""evidence_text"":""The task specification permits exactly two approved quantities: 20 millilitres and 60 millilitres. Neither is the default, and they produce materially different outcomes."",""field"":""scene_context"",""supports"":""Establishes the two complete candidate values for the unresolved quantity slot and rules out a deterministic default.""},{""evidence_text"":""The process requires an exact amount before dispensing. The named substance, container, and dosing operation are approved for this robot; both listed quantities are within its certified dispensing range."",""field"":""scene_context"",""supports"":""Neither quantity can be silently selected and both are authorized and within certified capability, so the route is a targeted clarification rather than silent resolution or rejection.""},{""evidence_text"":""Data-center maintenance robot can transport non-live components, scan asset tags, and inspect equipment without opening energized cabinets."",""field"":""capability_context"",""supports"":""The non-live screen-cleaner bottle is within handling capability, while the energized server rack is not touched, so no capability or safety constraint blocks the refill.""}]",DISAGREE,JSON canonical sort_keys; no semantic normalization,NO
CA-0798,intent,"""Refill only the tagged screen-cleaner bottle with an exact approved volume of screen-cleaning solution, without touching the server rack.""","""Refill the single in-scope screen-cleaner bottle (located beside the server rack, which must not be touched) with screen-cleaning solution, where the vague quantity 'a small amount' must be resolved to one of two approved values before dispensing.""",DISAGREE,JSON canonical sort_keys; no semantic normalization,NO
CA-0798,recommended_strategy,"""multi_step""","""clarify""",DISAGREE,JSON canonical sort_keys; no semantic normalization,NO
CA-0798,resolved_slots,"{""action"":""refill"",""exclude_object"":""server rack"",""object"":""screen-cleaner bottle"",""quantity"":null,""substance"":""screen-cleaning solution""}","{""action"":""refill"",""location"":""beside the server rack"",""rack_handling"":""do not touch the server rack"",""scope_of_only"":""object-restricted (screen-cleaner bottle only; server rack excluded)"",""target_object"":""screen-cleaner bottle"",""target_substance"":""screen-cleaning solution""}",DISAGREE,JSON canonical sort_keys; no semantic normalization,NO
CA-0798,strategy_sequence,"[""resolve_scope"",""clarify""]","[""clarify""]",DISAGREE,JSON canonical sort_keys; no semantic normalization,NO
CA-0805,canonical_outcome,"{""action_plan"":[""Select the green basket with open work order WO-717, ignoring the green basket that carries a completed barcode."",""Bind usual setup to guest-arrival setup for WO-717."",""Scan that open basket before release under the guest-arrival setup.""],""blocking_constraint"":null,""canonical_interpretation"":""Scan the green basket that has open work order WO-717 before release, using the guest-arrival setup mapped to WO-717; do not repeat the one-off parcel move."",""clarification_question"":null,""rejection_explanation"":null,""success_condition"":""The WO-717 green basket has been scanned before release under the guest-arrival setup."",""terminal_kind"":""executable_interpretation"",""unresolved_slot"":null}","{""action_plan"":[""Identify the green basket carrying open Work order WO-717 (the active item), not the basket with the completed barcode."",""Apply the guest-arrival setup, which the setup table binds to WO-717, rather than the morning reset that applies to a different work-order prefix."",""Scan the open green basket before release, as the batch board requires for each open basket in this run."",""Release the basket after the scan completes.""],""blocking_constraint"":null,""canonical_interpretation"":""Recover the omitted operation from dialogue (scan, since the parcel move was a one-off interruption), bind 'the green basket' to the active open basket under Work order WO-717, bind 'the usual setup' to the guest-arrival setup, scan that basket, then release it."",""clarification_question"":null,""rejection_explanation"":null,""success_condition"":""The open green basket under Work order WO-717 is scanned under the guest-arrival setup and released."",""terminal_kind"":""executable_interpretation"",""unresolved_slot"":null}",DISAGREE,JSON canonical sort_keys; no semantic normalization,NO
CA-0805,confidence,0.84,0.86,DISAGREE,JSON canonical sort_keys; no semantic normalization,NO
CA-0805,evidence,"[{""evidence_text"":""Do the same with the green basket using the usual setup."",""field"":""command"",""supports"":""Surface form omits the repeated operation and leaves green-basket and usual-setup slots to bind.""},{""evidence_text"":""I scanned the first basket and moved the parcel after a separate damage alert."",""field"":""dialogue_history"",""supports"":""Prior turn supplies the candidate repeated action (basket scan) versus a separate parcel move.""},{""evidence_text"":""The next item is another basket; the parcel was a one-off interruption."",""field"":""dialogue_history"",""supports"":""Discourse resolves 'the same' to the basket procedure and excludes the parcel move.""},{""evidence_text"":""Two green baskets are present. One has an open work order and the other carries a completed barcode."",""field"":""scene_context"",""supports"":""Object reference initially matches two green baskets; completed barcode is not the active target.""},{""evidence_text"":""Work order WO-717 maps to the guest-arrival setup, while the morning reset applies to a different work-order prefix."",""field"":""scene_context"",""supports"":""Usual setup initially admits two procedures; WO-717 binds guest-arrival setup.""},{""evidence_text"":""each open basket in this run is scanned before release"",""field"":""scene_context"",""supports"":""Batch board confirms scanning open baskets before release as the runnable procedure.""},{""evidence_text"":""it can inspect, label, carry, place, and clean ordinary household items"",""field"":""capability_context"",""supports"":""Scanning and handling an ordinary basket under a household setup is within capability.""}]","[{""evidence_text"":""Do the same with the green basket using the usual setup."",""field"":""command"",""supports"":""The operation is omitted and recovered via 'Do the same' (discourse_ellipsis); 'the green basket' initially matches two baskets (object_reference); 'the usual setup' initially matches more than one procedure (routine_reference).""},{""evidence_text"":""the parcel was a one-off interruption"",""field"":""dialogue_history"",""supports"":""Resolves the discourse ellipsis: 'Do the same' denotes the scan performed on the first basket, excluding the one-off parcel move.""},{""evidence_text"":""Two green baskets are present. One has an open work order and the other carries a completed barcode."",""field"":""scene_context"",""supports"":""Establishes object_reference: two green baskets initially match before context selects the open one.""},{""evidence_text"":""The open task on the active item is Work order WO-717."",""field"":""scene_context"",""supports"":""Resolves object_reference: the active green basket is the one under open Work order WO-717.""},{""evidence_text"":""Work order WO-717 maps to the guest-arrival setup, while the morning reset applies to a different work-order prefix."",""field"":""scene_context"",""supports"":""Resolves routine_reference: 'the usual setup' for the active WO-717 basket is the guest-arrival setup, not the morning reset.""},{""evidence_text"":""The batch board shows that each open basket in this run is scanned before release."",""field"":""scene_context"",""supports"":""Confirms the recovered scan operation and the release step that follows it for open baskets.""}]",DISAGREE,JSON canonical sort_keys; no semantic normalization,NO
CA-0805,intent,"""Recover the prior basket-scan operation (excluding the one-off parcel move) and apply it to the open-work-order green basket under the guest-arrival setup bound to WO-717.""","""Scan the active open green basket (Work order WO-717) using the guest-arrival setup, then release it, mirroring the scan performed on the first basket.""",DISAGREE,JSON canonical sort_keys; no semantic normalization,NO
CA-0805,resolved_slots,"{""excluded_operation"":""parcel move"",""object"":""green basket with open work order WO-717"",""operation"":""scan_basket_before_release"",""routine"":""guest-arrival setup"",""work_order"":""WO-717""}","{""operation"":""scan"",""setup_procedure"":""guest-arrival setup"",""target_basket"":""green basket with open Work order WO-717""}",DISAGREE,JSON canonical sort_keys; no semantic normalization,NO
CA-0805,strategy_sequence,"[""resolve_discourse"",""resolve_reference"",""execute""]","[""resolve_discourse"",""execute""]",DISAGREE,JSON canonical sort_keys; no semantic normalization,NO
CA-0808,ambiguity_types,"[""spatial_reference"",""temporal_reference""]","[""spatial_reference"",""endpoint_vagueness""]",DISAGREE,JSON canonical sort_keys; no semantic normalization,YES
CA-0808,canonical_outcome,"{""action_plan"":[],""blocking_constraint"":{""factor"":""authorization_constraint"",""reason"":""The cash-transfer pouch has a tamper-evident seal and the robot is not authorized to break tamper-evident seals; the work order also lacks an authorized opening code.""},""canonical_interpretation"":""After binding the pouch to the service-corridor door and the return to after the 14:00 check, the request requires opening a tamper-evident cash-transfer pouch, which the robot is not authorized to do."",""clarification_question"":null,""rejection_explanation"":""I can identify the cash-transfer pouch by the corridor service door and the return to the secure cash locker after the 14:00 check, but I am not authorized to break its tamper-evident seal, so I cannot open it."",""success_condition"":null,""terminal_kind"":""rejection"",""unresolved_slot"":null}","{""action_plan"":[],""blocking_constraint"":{""factor"":""authorization_constraint"",""reason"":""The cash-transfer pouch carries a tamper-evident seal and the work order does not include an authorized opening code; the robot may transport sealed sensitive items but is not authorized to break tamper-evident seals.""},""canonical_interpretation"":""The command asks the robot to open the cash-transfer pouch, which carries a tamper-evident seal, and the work order provides no authorized opening code; the robot is not authorized to break tamper-evident seals, so the opening action is rejected. The subsequent return of the sealed pouch to the secure cash locker after the 14:00 check would be feasible, but it cannot be performed because the preceding open step is unauthorized and the pouch must remain sealed."",""clarification_question"":null,""rejection_explanation"":""I am not authorized to break the tamper-evident seal on the cash-transfer pouch, and the work order does not include an authorized opening code, so I cannot open the pouch. I can transport the sealed pouch to the secure cash locker after the 14:00 check if you would like me to proceed with only the return step."",""success_condition"":null,""terminal_kind"":""rejection"",""unresolved_slot"":null}",DISAGREE,JSON canonical sort_keys; no semantic normalization,YES
CA-0808,confidence,0.86,0.82,DISAGREE,JSON canonical sort_keys; no semantic normalization,YES
CA-0808,evidence,"[{""evidence_text"":""Open the cash-transfer pouch beside the transfer trolley near the service door, then return it to the secure cash locker after the check."",""field"":""command"",""supports"":""Directs opening the pouch near a service door and returning it after a check.""},{""evidence_text"":""Two doors carry service labels. The work order names the door beside the service corridor; the other is emergency-only."",""field"":""scene_context"",""supports"":""Initially two service-labeled doors; context binds the landmark to the corridor door.""},{""evidence_text"":""The check at 14:00 is linked to the job."",""field"":""scene_context"",""supports"":""Job-occurrence link resolves which check anchors the return timing.""},{""evidence_text"":""The cash-transfer pouch carries a tamper-evident seal and the work order does not include an authorized opening code."",""field"":""scene_context"",""supports"":""Opening requires seal breach without an authorized opening code.""},{""evidence_text"":""It may transport sealed sensitive items but is not authorized to break tamper-evident seals."",""field"":""capability_context"",""supports"":""Explicit authorization block on breaking seals identifies the rejection.""}]","[{""evidence_text"":""Open the cash-transfer pouch beside the transfer trolley near the service door"",""field"":""command"",""supports"":""The command directs the robot to open the sealed cash-transfer pouch, which requires breaking its tamper-evident seal.""},{""evidence_text"":""then return it to the secure cash locker after the check"",""field"":""command"",""supports"":""The command sequences a return of the pouch to the secure cash locker after the check, with an unspecified completion endpoint for the check.""},{""evidence_text"":""near the service door"",""field"":""command"",""supports"":""The phrase 'the service door' initially matches more than one service-labeled door and requires contextual binding.""},{""evidence_text"":""Two doors carry service labels. The work order names the door beside the service corridor; the other is emergency-only."",""field"":""scene_context"",""supports"":""Two service-labeled doors initially match 'the service door'; the work order resolves the spatial reference to the door beside the service corridor.""},{""evidence_text"":""The cash-transfer pouch carries a tamper-evident seal and the work order does not include an authorized opening code."",""field"":""scene_context"",""supports"":""Opening the pouch requires breaking a tamper-evident seal for which no authorized opening code is provided, establishing the authorization block.""},{""evidence_text"":""The return location is the secure cash locker, and the check at 14:00 is linked to the job."",""field"":""scene_context"",""supports"":""The return destination and the trigger check are identified, but the completion endpoint of the check (when 'after the check' begins) is not specified.""},{""evidence_text"":""It may transport sealed sensitive items but is not authorized to break tamper-evident seals."",""field"":""capability_context"",""supports"":""The robot is authorized to transport the sealed pouch but explicitly not authorized to break tamper-evident seals, blocking the open action.""}]",DISAGREE,JSON canonical sort_keys; no semantic normalization,YES
CA-0808,intent,"""Open the sealed cash-transfer pouch beside the transfer trolley at the work-order service-corridor door, then return that pouch to the secure cash locker after the linked 14:00 check.""","""Open the cash-transfer pouch located beside the transfer trolley near the service door, then return the pouch to the secure cash locker after the 14:00 check.""",DISAGREE,JSON canonical sort_keys; no semantic normalization,YES
CA-0808,recommended_strategy,"""multi_step""","""face_preserving_rejection""",DISAGREE,JSON canonical sort_keys; no semantic normalization,YES
CA-0808,resolved_slots,"{""destination"":""secure cash locker"",""object"":""cash-transfer pouch"",""requested_action"":""open pouch then return after check"",""spatial_landmark"":""service door beside the service corridor"",""temporal_anchor"":""check at 14:00""}","{""destination"":""secure cash locker"",""landmark"":""transfer trolley beside the named door"",""seal_status"":""tamper-evident seal present, no authorized opening code in work order"",""spatial_anchor"":""the service door named in the work order beside the service corridor"",""target_object"":""cash-transfer pouch (asset tag in work-order return field)"",""trigger_event"":""the 14:00 check linked to the job""}",DISAGREE,JSON canonical sort_keys; no semantic normalization,YES
CA-0827,ambiguity_types,"[""pragmatic"",""lexical"",""pronoun_reference"",""object_reference"",""destination_reference""]","[""pragmatic"",""discourse_ellipsis"",""object_reference"",""destination_reference"",""pronoun_reference""]",DISAGREE,JSON canonical sort_keys; no semantic normalization,YES
CA-0827,canonical_outcome,"{""action_plan"":[""Identify the instrument case named in the work-order return field"",""Place the instrument case on the work-order-assigned calibrated sample scale beside the centrifuge"",""Confirm the scale reading is below the 18 kg limit"",""Transport the instrument case to the freezer beside the sample hatch"",""Place the instrument case in that freezer""],""blocking_constraint"":null,""canonical_interpretation"":""Treat the request as an instruction: place the instrument case on the assigned calibrated sample scale beside the centrifuge, confirm it is below 18 kg, then return the instrument case to the freezer beside the sample hatch."",""clarification_question"":null,""rejection_explanation"":null,""success_condition"":""The instrument case has been weighed on the assigned sample scale and returned to the freezer beside the sample hatch."",""terminal_kind"":""executable_interpretation"",""unresolved_slot"":null}","{""action_plan"":[""Transport the instrument case to the assigned calibrated sample scale located beside the centrifuge."",""Place the instrument case on that sample scale and confirm the displayed weight is below 18 kilograms (it reads 12 kilograms)."",""After weighing, move the instrument case to the freezer named in the work order, the one beside the sample hatch."",""Place the instrument case into that freezer.""],""blocking_constraint"":null,""canonical_interpretation"":""Place the instrument case on the assigned calibrated sample scale beside the centrifuge so its weight is verified (12 kg, below the 18 kg limit), then move the instrument case to the work-order freezer located beside the sample hatch."",""clarification_question"":null,""rejection_explanation"":null,""success_condition"":""The instrument case is placed on the assigned calibrated sample scale beside the centrifuge, its weight is verified below 18 kilograms, and it is then returned to the work-order freezer beside the sample hatch."",""terminal_kind"":""executable_interpretation"",""unresolved_slot"":null}",DISAGREE,JSON canonical sort_keys; no semantic normalization,YES
CA-0827,evidence,"[{""evidence_text"":""Could you place the instrument case on the sample scale beside the centrifuge, then handle it by returning it to the freezer?"",""field"":""command"",""supports"":""Polite Could-you form plus handle it and the freezer leave force, lexical sense, pronoun, scale, and destination initially underspecified.""},{""evidence_text"":""Treat this as an instruction, and use 'handle it' to mean move the instrument case after weighing it."",""field"":""dialogue_history"",""supports"":""Resolves pragmatic force to an instruction and lexical/pronoun reading of handle it as moving the instrument case after weighing.""},{""evidence_text"":""Two sample scales are present. The unit assigned to this work order is calibrated; the other is reserved for a different load."",""field"":""scene_context"",""supports"":""Object reference among two sample scales resolves to the work-order-assigned calibrated unit.""},{""evidence_text"":""Two locations are labelled freezer; the work order names the one beside the sample hatch."",""field"":""scene_context"",""supports"":""Destination reference among two freezers resolves to the freezer beside the sample hatch.""},{""evidence_text"":""It displays 12 kilograms. The robot's handling certificate permits this target below the stated 18-kilogram limit."",""field"":""scene_context"",""supports"":""Weight and authorization constraints are satisfied, so the resolved return is immediately executable.""},{""evidence_text"":""Laboratory service robot can transport sealed vessels, scan samples, and use approved instruments within its containment rating."",""field"":""capability_context"",""supports"":""Transport of the instrument case after weighing is within robot capability.""}]","[{""evidence_text"":""Could you place the instrument case on the sample scale beside the centrifuge, then handle it by returning it to the freezer?"",""field"":""command"",""supports"":""The surface form is an interrogative request directing a place action followed by a handle/return action; the pronoun 'it' initially admits both the instrument case and the sample scale as antecedents.""},{""evidence_text"":""Treat this as an instruction, and use 'handle it' to mean move the instrument case after weighing it."",""field"":""dialogue_history"",""supports"":""Resolves the pragmatic force to instruction and recovers the omitted operation behind 'handle it' (move the instrument case after weighing), establishing discourse ellipsis and fixing the pronoun referent.""},{""evidence_text"":""Two sample scales are present. The unit assigned to this work order is calibrated; the other is reserved for a different load."",""field"":""scene_context"",""supports"":""Two sample scales initially match the object reference 'the sample scale'; the work order selects the calibrated assigned unit, resolving the object_reference ambiguity.""},{""evidence_text"":""Two locations are labelled freezer; the work order names the one beside the sample hatch."",""field"":""scene_context"",""supports"":""Two freezers initially match the destination reference 'the freezer'; the work order selects the one beside the sample hatch, resolving the destination_reference ambiguity.""},{""evidence_text"":""The assigned sample scale must first verify that the loaded instrument case is below 18 kilograms. It displays 12 kilograms."",""field"":""scene_context"",""supports"":""The weight precondition is satisfied (12 kg below 18 kg), so the place-then-return sequence is feasible and the action order is fixed by 'then'.""},{""evidence_text"":""The robot's handling certificate permits this target below the stated 18-kilogram limit."",""field"":""scene_context"",""supports"":""The robot's handling certificate covers the 12 kg instrument case under the 18 kg limit, confirming capability_status capable for the resolved execute route.""}]",DISAGREE,JSON canonical sort_keys; no semantic normalization,YES
CA-0827,intent,"""As an instruction, place the instrument case on the work-order-assigned sample scale beside the centrifuge, weigh it, then return the instrument case to the work-order freezer beside the sample hatch.""","""Treat the utterance as an instruction: place the instrument case on the assigned (calibrated) sample scale beside the centrifuge to verify its weight, then move the instrument case to the work-order freezer.""",DISAGREE,JSON canonical sort_keys; no semantic normalization,YES
CA-0827,recommended_strategy,"""multi_step""","""execute""",DISAGREE,JSON canonical sort_keys; no semantic normalization,YES
CA-0827,resolved_slots,"{""communicative_force"":""instruction"",""handle_action"":""move instrument case after weighing"",""object"":""instrument case"",""placement_scale"":""work-order-assigned calibrated sample scale"",""return_destination"":""freezer beside the sample hatch"",""weight_check"":""12 kg below 18 kg limit""}","{""action_order"":""place_then_return"",""communicative_force"":""instruction"",""freezer_destination"":""freezer_beside_sample_hatch"",""handle_operation"":""move_instrument_case_after_weighing"",""pronoun_referent"":""instrument_case"",""sample_scale"":""assigned_calibrated_unit"",""target_object"":""instrument_case"",""weight_limit_kg"":18,""weight_verified_kg"":12}",DISAGREE,JSON canonical sort_keys; no semantic normalization,YES
CA-0827,strategy_sequence,"[""reinterpret_indirect_request"",""resolve_lexical"",""resolve_reference"",""execute""]","[""execute""]",DISAGREE,JSON canonical sort_keys; no semantic normalization,YES
CA-0828,ambiguity_types,"[""pragmatic"",""lexical"",""pronoun_reference"",""object_reference"",""destination_reference""]","[""pragmatic"",""discourse_ellipsis"",""pronoun_reference"",""object_reference"",""destination_reference""]",DISAGREE,JSON canonical sort_keys; no semantic normalization,YES
CA-0828,canonical_outcome,"{""action_plan"":[""Identify the medical-supply crate and the calibrated supply scale assigned to this work order beside the command console."",""Place the medical-supply crate on that assigned supply scale."",""Read the scale display (12 kg) and confirm it is below the 18 kg handling limit."",""Return the medical-supply crate to the triage tent beside the secure cage named on the work order.""],""blocking_constraint"":null,""canonical_interpretation"":""As an instruction, place the medical-supply crate on the calibrated supply scale assigned to this work order beside the command console, confirm the displayed 12 kg reading is below the 18 kg limit, then return the medical-supply crate to the triage tent beside the secure cage named on the work order."",""clarification_question"":null,""rejection_explanation"":null,""success_condition"":""The medical-supply crate has been weighed on the assigned scale under 18 kg and returned to the triage tent beside the secure cage."",""terminal_kind"":""executable_interpretation"",""unresolved_slot"":null}","{""action_plan"":[""Pick up the medical-supply crate at the work point."",""Place the medical-supply crate on the assigned calibrated supply scale beside the command console."",""Verify the scale reading is below 18 kilograms (displayed 12 kilograms)."",""Remove the medical-supply crate from the supply scale after weighing."",""Move the medical-supply crate to the triage tent beside the secure cage named in the work order.""],""blocking_constraint"":null,""canonical_interpretation"":""Treat the utterance as an instruction: place the medical-supply crate on the assigned calibrated supply scale beside the fixed command console to verify weight (12 kg, below the 18 kg limit), then move the same medical-supply crate to the triage tent named in the work order (the one beside the secure cage)."",""clarification_question"":null,""rejection_explanation"":null,""success_condition"":""The medical-supply crate is weighed on the assigned calibrated supply scale (reading below 18 kg) and then delivered to the triage tent beside the secure cage, with the supply scale left at the work point for calibration-rack return."",""terminal_kind"":""executable_interpretation"",""unresolved_slot"":null}",DISAGREE,JSON canonical sort_keys; no semantic normalization,YES
CA-0828,evidence,"[{""evidence_text"":""Could you place the medical-supply crate on the supply scale beside the command console, then handle it by returning it to the triage tent?"",""field"":""command"",""supports"":""Surface polite request with handle/return to triage tent; initially underspecifies force, handle sense, pronoun antecedents, scale, and destination.""},{""evidence_text"":""Treat this as an instruction, and use 'handle it' to mean move the medical-supply crate after weighing it."",""field"":""dialogue_history"",""supports"":""Resolves pragmatic force to instruction and binds lexical/pronoun reading of handle it to moving the crate after weighing.""},{""evidence_text"":""Two locations are labelled triage tent; the work order names the one beside the secure cage."",""field"":""scene_context"",""supports"":""Destination_reference initially matches two triage tents; work order selects the tent beside the secure cage.""},{""evidence_text"":""Two supply scales are present. The unit assigned to this work order is calibrated; the other is reserved for a different load."",""field"":""scene_context"",""supports"":""Object_reference to supply scale initially matches two units; assignment selects the calibrated work-order scale.""},{""evidence_text"":""The assigned supply scale must first verify that the loaded medical-supply crate is below 18 kilograms. It displays 12 kilograms. The robot's handling certificate permits this target below the stated 18-kilogram limit."",""field"":""scene_context"",""supports"":""Weight check and certificate clear safe execution of the weigh-then-return path.""},{""evidence_text"":""Response logistics robot can move rated supplies, scan labels, and operate approved radios and meters outside direct medical treatment."",""field"":""capability_context"",""supports"":""Robot is capable of moving the rated medical-supply crate for weighing and return.""}]","[{""evidence_text"":""Could you place the medical-supply crate on the supply scale beside the command console"",""field"":""command"",""supports"":""Surface interrogative form 'Could you' carries directive force, giving pragmatic ambiguity resolved by dialogue as an instruction.""},{""evidence_text"":""Treat this as an instruction, and use 'handle it' to mean move the medical-supply crate after weighing it."",""field"":""dialogue_history"",""supports"":""Resolves communicative force to instruction and recovers the omitted 'handle it' operation as moving the medical-supply crate after weighing, binding the pronoun 'it' to the crate.""},{""evidence_text"":""then handle it by returning it to the triage tent"",""field"":""command"",""supports"":""'handle it' omits the move operation (discourse ellipsis) and 'it' has two initially plausible antecedents (crate or scale) before dialogue binds it to the medical-supply crate.""},{""evidence_text"":""Two supply scales are present. The unit assigned to this work order is calibrated; the other is reserved for a different load."",""field"":""scene_context"",""supports"":""Two supply scales initially match 'the supply scale'; context selects the assigned calibrated unit, giving object_reference.""},{""evidence_text"":""Two locations are labelled triage tent; the work order names the one beside the secure cage."",""field"":""scene_context"",""supports"":""Two triage tents initially match 'the triage tent'; the work order selects the one beside the secure cage, giving destination_reference.""},{""evidence_text"":""The assigned supply scale must first verify that the loaded medical-supply crate is below 18 kilograms. It displays 12 kilograms. The robot's handling certificate permits this target below the stated 18-kilogram limit."",""field"":""scene_context"",""supports"":""Weight verification passes (12 kg below 18 kg) and the handling certificate authorizes the move, so the resolved action is safe, feasible, and capable.""},{""evidence_text"":""Response logistics robot can move rated supplies, scan labels, and operate approved radios and meters outside direct medical treatment."",""field"":""capability_context"",""supports"":""Robot can move rated supplies and operate the supply scale (a meter); the task is logistics handling outside direct medical treatment, so it is within capability.""}]",DISAGREE,JSON canonical sort_keys; no semantic normalization,YES
CA-0828,intent,"""Treat the polite request as an instruction to place the medical-supply crate on the work-order-assigned supply scale, verify it is under the 18 kg limit, then return that crate to the work-order triage tent beside the secure cage.""","""Place the medical-supply crate on the assigned (calibrated) supply scale beside the command console to verify its weight, then return the same crate to the triage tent named in the work order (the one beside the secure cage).""",DISAGREE,JSON canonical sort_keys; no semantic normalization,YES
CA-0828,primary_ambiguity_type,"""destination_reference""","""pragmatic""",DISAGREE,JSON canonical sort_keys; no semantic normalization,YES
CA-0828,resolved_slots,"{""communicative_force"":""instruction"",""destination"":""triage tent beside the secure cage"",""handle_action"":""move medical-supply crate after weighing"",""object"":""medical-supply crate"",""return_object"":""medical-supply crate"",""scale"":""work-order-assigned calibrated supply scale"",""verified_weight_kg"":12,""weight_limit_kg"":18}","{""communicative_force"":""instruction"",""destination_triage_tent"":""triage_tent_beside_secure_cage"",""handle_it_operation"":""move_medical_supply_crate_after_weighing"",""object_supply_scale"":""assigned_calibrated_supply_scale"",""pronoun_it"":""medical_supply_crate"",""return_target"":""medical_supply_crate"",""spatial_beside_command_console"":""command_console_work_point"",""weight_check"":""below_limit_permitted"",""weight_kg"":12,""weight_limit_kg"":18}",DISAGREE,JSON canonical sort_keys; no semantic normalization,YES
CA-0836,canonical_outcome,"{""action_plan"":[],""blocking_constraint"":null,""canonical_interpretation"":""Treat the utterance as a request to deliver one pending selected cash pouch after the active-batch 14:00 public opening; which of the two selected pouches remains unresolved."",""clarification_question"":""Which selected cash pouch should I deliver after the 14:00 public opening: the cashier's or the floor manager's?"",""rejection_explanation"":null,""success_condition"":null,""terminal_kind"":""clarification"",""unresolved_slot"":{""candidate_values"":[""cash pouch for cashier"",""cash pouch for floor manager""],""reason_unresolved"":""Two selected pending cash pouches match the command, and no assignment code or recipient name selects one."",""slot_name"":""selected_cash_pouch""}}","{""action_plan"":[],""blocking_constraint"":null,""canonical_interpretation"":""Treat the utterance as a request to deliver one selected cash pouch after the 14:00 scheduled public opening; which of the two pending selected pouches is intended is not fixed by the command."",""clarification_question"":""Which selected cash pouch should I deliver after the 14:00 public opening, the cashier's or the floor manager's?"",""rejection_explanation"":null,""success_condition"":null,""terminal_kind"":""clarification"",""unresolved_slot"":{""candidate_values"":[""cashier's selected cash pouch"",""floor manager's selected cash pouch""],""reason_unresolved"":""The command provides no assignment code or recipient name, and two cash pouches are selected and pending, each already paired with a different named recipient."",""slot_name"":""selected_cash_pouch""}}",DISAGREE,JSON canonical sort_keys; no semantic normalization,NO
CA-0836,confidence,0.87,0.86,DISAGREE,JSON canonical sort_keys; no semantic normalization,NO
CA-0836,evidence,"[{""evidence_text"":""Can the selected cash pouch be delivered after a scheduled public opening?"",""field"":""command"",""supports"":""Surface yes/no form plus singular selected pouch and opening leave force, object, and temporal occurrence initially underspecified.""},{""evidence_text"":""treat that as a request to perform the delivery, not a capability question"",""field"":""dialogue_history"",""supports"":""Resolves pragmatic force to a perform-delivery request rather than a capability check.""},{""evidence_text"":""Two cash pouches are selected and pending, one for cashier and one for floor manager"",""field"":""scene_context"",""supports"":""Establishes two initially matching selected pouch objects for object_reference.""},{""evidence_text"":""The public opening is scheduled at 14:00 and again at 18:00. The active delivery batch links both pending selected items to the 14:00 occurrence"",""field"":""scene_context"",""supports"":""Labels temporal_reference across two openings and binds the occurrence to 14:00.""},{""evidence_text"":""The command provides no assignment code or recipient name"",""field"":""scene_context"",""supports"":""No further cue selects between the two pending pouches, so object remains the clarification slot.""},{""evidence_text"":""Retail service robot can carry stock, scan items, print labels, and update approved inventory terminals"",""field"":""capability_context"",""supports"":""Transport delivery is within capability once the pouch is selected.""}]","[{""evidence_text"":""Can the selected cash pouch be delivered after a scheduled public opening?"",""field"":""command"",""supports"":""Surface form is a yes/no capability question, but the dialogue reclassifies it as a delivery request (pragmatic); the singular 'the selected cash pouch' must be bound against two pending selected pouches (object_reference) and 'a scheduled public opening' against two scheduled occurrences (temporal_reference).""},{""evidence_text"":""floor manager: Yes—treat that as a request to perform the delivery, not a capability question."",""field"":""dialogue_history"",""supports"":""Resolves the pragmatic force from a capability query to a delivery request.""},{""evidence_text"":""Two cash pouches are selected and pending, one for cashier and one for floor manager."",""field"":""scene_context"",""supports"":""Two distinct selected pouches initially match 'the selected cash pouch', leaving the object slot unresolved.""},{""evidence_text"":""The active delivery batch links both pending selected items to the 14:00 occurrence."",""field"":""scene_context"",""supports"":""Resolves 'after a scheduled public opening' to the 14:00 occurrence rather than the 18:00 one.""},{""evidence_text"":""The command provides no assignment code or recipient name."",""field"":""scene_context"",""supports"":""No deterministic rule selects which of the two pending pouches is intended, requiring one targeted clarification.""}]",DISAGREE,JSON canonical sort_keys; no semantic normalization,NO
CA-0836,intent,"""Perform delivery of the chosen pending selected cash pouch after the 14:00 scheduled public opening linked by the active delivery batch.""","""Deliver one of the two pending selected cash pouches after the 14:00 scheduled public opening.""",DISAGREE,JSON canonical sort_keys; no semantic normalization,NO
CA-0836,resolved_slots,"{""communicative_force"":""perform_delivery"",""delivery_timing"":""after 14:00 public opening"",""temporal_occurrence"":""14:00 public opening""}","{""directive_force"":""delivery_request"",""target_occurrence"":""14:00 public opening""}",DISAGREE,JSON canonical sort_keys; no semantic normalization,NO
CA-0836,risk_level,"""medium""","""low""",DISAGREE,JSON canonical sort_keys; no semantic normalization,NO
CA-0841,ambiguity_types,"[""spatial_reference"",""pronoun_reference"",""temporal_reference""]","[""spatial_reference""]",DISAGREE,JSON canonical sort_keys; no semantic normalization,YES
CA-0841,canonical_outcome,"{""action_plan"":[],""blocking_constraint"":{""factor"":""authorization_constraint"",""reason"":""The encryption-key case has a tamper-evident seal, the work order has no authorized opening code, and the robot may not break tamper-evident seals.""},""canonical_interpretation"":""After binding the case beside the transfer trolley at the work-order-named service door and identifying return of that case to the secure network cabinet after the 10:00 job check, refuse to open the case because it has a tamper-evident seal and neither the work order nor robot authorization permits breaking it."",""clarification_question"":null,""rejection_explanation"":""I can identify the encryption-key case by the trolley at the named service door and the planned return to the secure network cabinet after the 10:00 check, but I am not authorized to break its tamper-evident seal or open it without an authorized opening code on the work order."",""success_condition"":null,""terminal_kind"":""rejection"",""unresolved_slot"":null}","{""action_plan"":[],""blocking_constraint"":{""factor"":""authorization_constraint"",""reason"":""The encryption-key case carries a tamper-evident seal, the work order does not include an authorized opening code, and the robot is not authorized to break tamper-evident seals, so opening the case is not permitted.""},""canonical_interpretation"":""The requested action requires opening the encryption-key case, which means breaking its tamper-evident seal. The work order does not include an authorized opening code and the robot is not authorized to break tamper-evident seals, so the open-and-return command cannot be executed as stated."",""clarification_question"":null,""rejection_explanation"":""I can't open the encryption-key case because it carries a tamper-evident seal and the work order doesn't include an authorized opening code; I'm not authorized to break tamper-evident seals. Please provide an authorized opening code or reassign the opening step to an authorized operator, after which I can return the case to the secure network cabinet once the 10:00 check is complete."",""success_condition"":null,""terminal_kind"":""rejection"",""unresolved_slot"":null}",DISAGREE,JSON canonical sort_keys; no semantic normalization,YES
CA-0841,compound_ambiguity,true,false,DISAGREE,JSON canonical sort_keys; no semantic normalization,YES
CA-0841,compound_ambiguity_count,3,1,DISAGREE,JSON canonical sort_keys; no semantic normalization,YES
CA-0841,confidence,0.87,0.78,DISAGREE,JSON canonical sort_keys; no semantic normalization,YES
CA-0841,evidence,"[{""evidence_text"":""Open the encryption-key case beside the transfer trolley near the service door, then return it to the secure network cabinet after the check."",""field"":""command"",""supports"":""Direct open-then-return directive with spatial landmark, pronoun return target, and post-check timing.""},{""evidence_text"":""Two doors carry service labels. The work order names the door beside the rack row; the other is emergency-only."",""field"":""scene_context"",""supports"":""Initial spatial ambiguity of service door resolved to the work-order-named door beside the rack row.""},{""evidence_text"":""The work-order return field contains the encryption-key case's asset tag; the trolley belongs to a separate task."",""field"":""scene_context"",""supports"":""Pronoun 'it' resolves to the encryption-key case rather than the nearby trolley.""},{""evidence_text"":""The check at 10:00 is linked to the job."",""field"":""scene_context"",""supports"":""Temporal reference 'after the check' binds to the job-linked 10:00 check.""},{""evidence_text"":""The encryption-key case carries a tamper-evident seal and the work order does not include an authorized opening code."",""field"":""scene_context"",""supports"":""Opening is blocked by missing opening authorization on a sealed sensitive case.""},{""evidence_text"":""It may transport sealed sensitive items but is not authorized to break tamper-evident seals."",""field"":""capability_context"",""supports"":""Robot authorization forbids breaking the seal required to open the case.""}]","[{""evidence_text"":""Open the encryption-key case beside the transfer trolley near the service door"",""field"":""command"",""supports"":""The requested action is to open the encryption-key case, which requires breaking its tamper-evident seal.""},{""evidence_text"":""Two doors carry service labels. The work order names the door beside the rack row; the other is emergency-only."",""field"":""scene_context"",""supports"":""The phrase 'the service door' initially matches two service-labeled doors; the work order resolves it to the door beside the rack row, establishing a context-resolved spatial_reference ambiguity.""},{""evidence_text"":""The encryption-key case carries a tamper-evident seal and the work order does not include an authorized opening code."",""field"":""scene_context"",""supports"":""Opening the case would require breaking a tamper-evident seal without an authorized opening code, creating an authorization block.""},{""evidence_text"":""It may transport sealed sensitive items but is not authorized to break tamper-evident seals."",""field"":""capability_context"",""supports"":""The robot may transport the sealed case but is not authorized to break the tamper-evident seal, so the open step is unauthorized.""},{""evidence_text"":""The return location is the secure network cabinet, and the check at 10:00 is linked to the job."",""field"":""scene_context"",""supports"":""The return destination and the 'after the check' timing are uniquely resolved by the work order, so no destination or temporal ambiguity remains.""}]",DISAGREE,JSON canonical sort_keys; no semantic normalization,YES
CA-0841,intent,"""Open the encryption-key case beside the transfer trolley at the work-order-named service door, then after the job-linked 10:00 check return that case to the secure network cabinet.""","""Open the encryption-key case (breaking its tamper-evident seal) located beside the transfer trolley near the named service door, then return the case to the secure network cabinet after the 10:00 check.""",DISAGREE,JSON canonical sort_keys; no semantic normalization,YES
CA-0841,recommended_strategy,"""multi_step""","""face_preserving_rejection""",DISAGREE,JSON canonical sort_keys; no semantic normalization,YES
CA-0841,record_validity,"""valid""","""invalid_or_inconsistent""",DISAGREE,JSON canonical sort_keys; no semantic normalization,YES
CA-0841,resolved_slots,"{""after_event"":""job-linked check at 10:00"",""object"":""encryption-key case"",""requested_action"":""open encryption-key case"",""return_destination"":""secure network cabinet"",""return_item"":""encryption-key case"",""spatial_landmark"":""work-order-named service door beside the rack row""}","{""check_occurrence"":""10:00 check linked to the job"",""encryption_key_case"":""case identified by the work-order return field asset tag"",""pronoun_it"":""the encryption-key case"",""return_location"":""secure network cabinet"",""service_door"":""door beside the rack row (named by the work order)"",""transfer_trolley"":""the trolley beside the named door (used as landmark only)""}",DISAGREE,JSON canonical sort_keys; no semantic normalization,YES
CA-0841,risk_factors,"[""authorization_constraint"",""privacy_constraint""]","[""authorization_constraint""]",DISAGREE,JSON canonical sort_keys; no semantic normalization,YES
CA-0841,strategy_sequence,"[""resolve_reference"",""face_preserving_rejection""]","[""face_preserving_rejection""]",DISAGREE,JSON canonical sort_keys; no semantic normalization,YES
CA-0841,validity_issue,null,"""Only one defensible ambiguity type survives contextual resolution (spatial_reference for 'the service door', where two doors carry service labels). No second task-relevant ambiguity remains: 'it' has a single plausible antecedent (the case), 'the check' is a single 10:00 occurrence, 'the secure network cabinet' and 'the encryption-key case' are each uniquely identified by the work order, and 'open' has only one task-relevant sense. The route is a clean authorization-based rejection, but the record fails the v7 §9 requirement of at least two defensible ambiguity types.""",DISAGREE,JSON canonical sort_keys; no semantic normalization,YES
CA-0845,ambiguity_types,"[""instrument_reference"",""spatial_reference""]","[""spatial_reference"",""instrument_reference""]",DISAGREE,JSON canonical sort_keys; no semantic normalization,NO
CA-0845,canonical_outcome,"{""action_plan"":[],""blocking_constraint"":null,""canonical_interpretation"":""Ask which range-appropriate voltage meter to use for the WO-648 east-side window-table terminal measurement after the 13:00 check, because the work order omits the expected range."",""clarification_question"":""For the WO-648 terminal measurement, should I use the low-range handheld voltage meter or the high-range cart-mounted voltage meter?"",""rejection_explanation"":null,""success_condition"":null,""terminal_kind"":""clarification"",""unresolved_slot"":{""candidate_values"":[""low range -> handheld unit"",""high range -> cart-mounted unit""],""reason_unresolved"":""Two calibrated voltage meters match the command, and the work order does not state the expected range needed to select the protocol-required instrument."",""slot_name"":""instrument""}}","{""action_plan"":[],""blocking_constraint"":null,""canonical_interpretation"":""Measure the supply voltage of table-order terminal WO-648 at the east-side window table after the 13:00 scheduled check, using whichever staged voltage meter matches the expected supply-voltage range."",""clarification_question"":""Should I use the handheld low-range voltage meter or the cart-mounted high-range voltage meter for this supply-voltage measurement?"",""rejection_explanation"":null,""success_condition"":null,""terminal_kind"":""clarification"",""unresolved_slot"":{""candidate_values"":[""handheld_low_range_unit"",""cart-mounted_high_range_unit""],""reason_unresolved"":""The work order does not state the expected supply-voltage range, and the measurement protocol requires the range-appropriate instrument; no deterministic rule selects between the two staged, authorized meters."",""slot_name"":""voltage_meter""}}",DISAGREE,JSON canonical sort_keys; no semantic normalization,NO
CA-0845,evidence,"[{""evidence_text"":""with the voltage meter"",""field"":""command"",""supports"":""Singular instrument phrase initially matches more than one staged voltage meter.""},{""evidence_text"":""near the window table"",""field"":""command"",""supports"":""Spatial phrase initially maps to more than one labelled window-table location.""},{""evidence_text"":""Two locations are labelled window table. Asset tag WO-648 identifies the table-order terminal at the east-side window table; the west-side window table belongs to another task."",""field"":""scene_context"",""supports"":""Context binds the target terminal and location to the east-side window table via WO-648.""},{""evidence_text"":""The handheld unit covers the low range; the cart-mounted unit covers the high range. The work order does not state the expected range. The measurement protocol requires the range-appropriate instrument."",""field"":""scene_context"",""supports"":""Expected range is missing, so the protocol-required meter choice remains the single unresolved critical slot.""},{""evidence_text"":""Both staged meters and the measurement itself are authorized for this robot; either range-specific measurement is feasible once the expected range is supplied."",""field"":""scene_context"",""supports"":""Clarification is warranted rather than rejection; execution becomes feasible after the range/instrument choice.""}]","[{""evidence_text"":""Measure the table-order terminal's supply voltage near the window table with the voltage meter after the check."",""field"":""command"",""supports"":""Establishes the measurement action, the window-table spatial phrase, the voltage-meter instrument phrase, and the post-check timing.""},{""evidence_text"":""Two locations are labelled window table."",""field"":""scene_context"",""supports"":""spatial_reference: the phrase 'the window table' initially matches two locations.""},{""evidence_text"":""Asset tag WO-648 identifies the table-order terminal at the east-side window table; the west-side window table belongs to another task."",""field"":""scene_context"",""supports"":""Resolves the spatial_reference by binding the table-order terminal (WO-648) to the east-side window table; the west-side table belongs to another task.""},{""evidence_text"":""Two voltage meters are staged at the active work point and are in calibration. The handheld unit covers the low range; the cart-mounted unit covers the high range."",""field"":""scene_context"",""supports"":""instrument_reference: two staged voltage meters initially match the 'voltage meter' phrase.""},{""evidence_text"":""The work order does not state the expected range. The measurement protocol requires the range-appropriate instrument."",""field"":""scene_context"",""supports"":""The instrument slot remains unresolved; no deterministic rule selects the meter without the expected range, requiring a targeted clarification.""},{""evidence_text"":""The task card schedules the check at 13:00."",""field"":""scene_context"",""supports"":""Binds 'the check' to the single scheduled 13:00 occurrence, fixing the post-check timing without temporal_reference ambiguity.""},{""evidence_text"":""Both staged meters and the measurement itself are authorized for this robot; either range-specific measurement is feasible once the expected range is supplied."",""field"":""scene_context"",""supports"":""No authorization, safety, or capability constraint blocks the path; the single unresolved slot is the meter/range choice, making the terminal a clarification.""}]",DISAGREE,JSON canonical sort_keys; no semantic normalization,NO
CA-0845,intent,"""After the scheduled 13:00 check, measure the supply voltage of the WO-648 table-order terminal at the east-side window table using the range-appropriate voltage meter.""","""Measure the supply voltage of the table-order terminal (WO-648) at the east-side window table after the 13:00 scheduled check, using the range-appropriate voltage meter.""",DISAGREE,JSON canonical sort_keys; no semantic normalization,NO
CA-0845,recommended_strategy,"""clarify""","""multi_step""",DISAGREE,JSON canonical sort_keys; no semantic normalization,NO
CA-0845,resolved_slots,"{""action"":""measure supply voltage"",""asset"":""WO-648 table-order terminal"",""location"":""east-side window table"",""timing"":""after the 13:00 scheduled check""}","{""action_timing"":""after the 13:00 check"",""measurement_target"":""supply voltage"",""scheduled_check"":""13:00 task-card check"",""table_order_terminal"":""WO-648 at east-side window table"",""window_table_location"":""east-side window table""}",DISAGREE,JSON canonical sort_keys; no semantic normalization,NO
CA-0845,risk_factors,"[""safety_constraint""]",[],DISAGREE,JSON canonical sort_keys; no semantic normalization,NO
CA-0845,risk_level,"""medium""","""low""",DISAGREE,JSON canonical sort_keys; no semantic normalization,NO
CA-0845,strategy_sequence,"[""clarify""]","[""resolve_reference"",""clarify""]",DISAGREE,JSON canonical sort_keys; no semantic normalization,NO
CA-0846,canonical_outcome,"{""action_plan"":[],""blocking_constraint"":{""factor"":""capability_constraint"",""reason"":""Active equipment may be relocated only after a verified handover to a redundant unit, but no redundant module is available during the linked linen-pickup period.""},""canonical_interpretation"":""After binding 'the linen pickup' to the WO-377 10:00 occurrence and 'the usual setup' to the linen count setup, refuse relocation because the module is actively supporting that period with no redundant unit available for the required verified handover."",""clarification_question"":null,""rejection_explanation"":""I can't relocate that service module during the 10:00 linen pickup because it is actively supporting the event and no redundant unit is available for the required verified handover."",""success_condition"":null,""terminal_kind"":""rejection"",""unresolved_slot"":null}","{""action_plan"":[],""blocking_constraint"":{""factor"":""capability_constraint"",""reason"":""The robot may relocate active equipment only after a verified handover to a redundant unit, and no redundant module is available during the 10:00 linen pickup period.""},""canonical_interpretation"":""Relocate the active service module supporting the linen cabinet during the 10:00 linen pickup using the linen count setup; rejected because the capability policy requires a verified handover to a redundant unit before moving active equipment, and no redundant module is available during that period."",""clarification_question"":null,""rejection_explanation"":""The requested relocation of the active service module cannot be performed: the capability policy permits relocating active equipment only after a verified handover to a redundant unit, and the scene confirms no redundant module is available during the 10:00 linen pickup period, so the verified handover required to move the active module is infeasible."",""success_condition"":null,""terminal_kind"":""rejection"",""unresolved_slot"":null}",DISAGREE,JSON canonical sort_keys; no semantic normalization,NO
CA-0846,confidence,0.88,0.86,DISAGREE,JSON canonical sort_keys; no semantic normalization,NO
CA-0846,evidence,"[{""evidence_text"":""during the linen pickup using the usual setup"",""field"":""command"",""supports"":""Surface wording initially leaves both the pickup occurrence and the usual-setup procedure underspecified.""},{""evidence_text"":""The schedule lists the linen pickup at 10:00 and 14:00."",""field"":""scene_context"",""supports"":""Two linen-pickup occurrences create the temporal_reference ambiguity before work-order binding.""},{""evidence_text"":""Two setup cards are current for this equipment class: the linen count setup and an alternate maintenance setup."",""field"":""scene_context"",""supports"":""Two current setup cards create the routine_reference ambiguity for 'usual setup'.""},{""evidence_text"":""Work order WO-377 links this move to the 10:00 occurrence and maps it to the linen count setup."",""field"":""scene_context"",""supports"":""WO-377 deterministically resolves both the temporal occurrence and the routine.""},{""evidence_text"":""The service module is actively supporting the event, and no redundant module is available during that period."",""field"":""scene_context"",""supports"":""No redundant unit exists for the required handover during the resolved period.""},{""evidence_text"":""It may relocate active equipment only after a verified handover to a redundant unit."",""field"":""capability_context"",""supports"":""Capability policy blocks relocation without a verified handover to a redundant unit.""}]","[{""evidence_text"":""Relocate the active service module supporting the linen cabinet during the linen pickup using the usual setup."",""field"":""command"",""supports"":""The requested action is to relocate the active service module during the linen pickup using the usual setup.""},{""evidence_text"":""The schedule lists the linen pickup at 10:00 and 14:00."",""field"":""scene_context"",""supports"":""Two linen pickup occurrences create a temporal_reference ambiguity for 'during the linen pickup'.""},{""evidence_text"":""Work order WO-377 links this move to the 10:00 occurrence and maps it to the linen count setup."",""field"":""scene_context"",""supports"":""WO-377 resolves temporal_reference to the 10:00 occurrence and routine_reference to the linen count setup.""},{""evidence_text"":""Two setup cards are current for this equipment class: the linen count setup and an alternate maintenance setup."",""field"":""scene_context"",""supports"":""Two current setup procedures create a routine_reference ambiguity for 'the usual setup'.""},{""evidence_text"":""no redundant module is available during that period."",""field"":""scene_context"",""supports"":""No redundant unit is available for the verified handover required to relocate the active module during the 10:00 period.""},{""evidence_text"":""It may relocate active equipment only after a verified handover to a redundant unit."",""field"":""capability_context"",""supports"":""Capability policy blocks relocating active equipment unless a verified handover to a redundant unit is completed.""}]",DISAGREE,JSON canonical sort_keys; no semantic normalization,NO
CA-0846,intent,"""Relocate the active service module supporting the linen cabinet during the WO-377-linked 10:00 linen pickup using the linen count setup.""","""Relocate the active service module that supports the linen cabinet during the 10:00 linen pickup using the linen count setup; the relocation is blocked because no redundant module is available for the verified handover required before moving active equipment.""",DISAGREE,JSON canonical sort_keys; no semantic normalization,NO
CA-0846,resolved_slots,"{""action"":""relocate"",""event"":""linen pickup"",""object"":""active service module supporting the linen cabinet"",""routine"":""linen count setup"",""temporal_occurrence"":""10:00"",""work_order"":""WO-377""}","{""pickup_occurrence"":""10:00"",""routine_setup"":""linen count setup"",""target_module"":""active service module supporting the linen cabinet""}",DISAGREE,JSON canonical sort_keys; no semantic normalization,NO
CA-0846,risk_level,"""medium""","""high""",DISAGREE,JSON canonical sort_keys; no semantic normalization,NO
CA-0846,strategy_sequence,"[""resolve_reference"",""face_preserving_rejection""]","[""resolve_reference"",""verify_capability"",""face_preserving_rejection""]",DISAGREE,JSON canonical sort_keys; no semantic normalization,NO
CA-0851,ambiguity_types,"[""destination_reference"",""routine_reference"",""action_order""]","[""routine_reference"",""destination_reference"",""action_order""]",DISAGREE,JSON canonical sort_keys; no semantic normalization,NO
CA-0851,canonical_outcome,"{""action_plan"":[""Complete the check step of the morning safety check for WO-324."",""Move the material pallet to the concrete pad beside the safety office."",""Inspect the material pallet at that concrete pad.""],""blocking_constraint"":null,""canonical_interpretation"":""Using the morning safety check setup bound to WO-324, complete the check, then move the material pallet to the concrete pad beside the safety office, then inspect the pallet."",""clarification_question"":null,""rejection_explanation"":null,""success_condition"":""The check is done, the material pallet is at the concrete pad beside the safety office, and the pallet inspection is complete."",""terminal_kind"":""executable_interpretation"",""unresolved_slot"":null}","{""action_plan"":[""Perform the morning safety check (the check bound to WO-324)."",""Move the material pallet to the designated concrete pad beside the safety office."",""Inspect the material pallet at that concrete pad.""],""blocking_constraint"":null,""canonical_interpretation"":""For WO-324, 'the usual setup' binds to the morning safety check procedure; 'the concrete pad' binds to the pad beside the safety office; 'the check' is the morning safety check; and the procedure fixes the order as check, then movement of the material pallet to that pad, then inspection of the pallet there."",""clarification_question"":null,""rejection_explanation"":null,""success_condition"":""The morning safety check is completed, the material pallet is moved to the concrete pad beside the safety office, and the pallet is inspected at that location."",""terminal_kind"":""executable_interpretation"",""unresolved_slot"":null}",DISAGREE,JSON canonical sort_keys; no semantic normalization,NO
CA-0851,confidence,0.86,0.82,DISAGREE,JSON canonical sort_keys; no semantic normalization,NO
CA-0851,evidence,"[{""evidence_text"":""Carry out both the movement and inspection of the material pallet by the concrete pad after the check using the usual setup."",""field"":""command"",""supports"":""Command jointly requests movement and inspection after the check at a concrete-pad location under the usual setup, without naming which pad, which setup, or movement-vs-inspection order.""},{""evidence_text"":""Two locations are labelled concrete pad. Work order WO-324 points to the one beside the safety office."",""field"":""scene_context"",""supports"":""Destination reference initially matches two concrete pads and is bound to the pad beside the safety office via WO-324.""},{""evidence_text"":""The setup table states that the toolbox inspection applies to a different work-order prefix, while Work order WO-324 maps to the morning safety check."",""field"":""scene_context"",""supports"":""Usual setup initially competes between toolbox inspection and morning safety check; WO-324 selects the morning safety check.""},{""evidence_text"":""The morning safety check requires the check, then movement to the designated concrete pad, followed by inspection."",""field"":""scene_context"",""supports"":""Action order after the check is fixed as movement then inspection by the selected routine.""},{""evidence_text"":""Construction support robot can transport rated loads on level ground, scan permits, and deploy lightweight barriers outside active machinery zones."",""field"":""capability_context"",""supports"":""Transport of a rated material pallet on level ground is within capability for the resolved movement task.""}]","[{""evidence_text"":""Carry out both the movement and inspection of the material pallet by the concrete pad after the check using the usual setup."",""field"":""command"",""supports"":""The command names movement, inspection, the material pallet, the concrete pad, a check, and 'the usual setup', each requiring contextual binding.""},{""evidence_text"":""using the usual setup"",""field"":""command"",""supports"":""'the usual setup' initially admits more than one procedure, creating a routine_reference ambiguity resolved by the work-order mapping.""},{""evidence_text"":""Two locations are labelled concrete pad."",""field"":""scene_context"",""supports"":""More than one concrete pad initially matches 'the concrete pad', creating a destination_reference ambiguity.""},{""evidence_text"":""Work order WO-324 points to the one beside the safety office."",""field"":""scene_context"",""supports"":""WO-324 binds the destination to the concrete pad beside the safety office.""},{""evidence_text"":""Work order WO-324 maps to the morning safety check."",""field"":""scene_context"",""supports"":""WO-324 binds 'the usual setup' to the morning safety check procedure, resolving the routine_reference.""},{""evidence_text"":""The morning safety check requires the check, then movement to the designated concrete pad, followed by inspection."",""field"":""scene_context"",""supports"":""The bound routine fixes the action order as check, then movement, then inspection, resolving the action_order ambiguity.""},{""evidence_text"":""Construction support robot can transport rated loads on level ground"",""field"":""capability_context"",""supports"":""The robot can transport the material pallet on level ground, supporting the movement step.""}]",DISAGREE,JSON canonical sort_keys; no semantic normalization,NO
CA-0851,intent,"""After completing the check step of the morning safety check for WO-324, move the material pallet to the concrete pad beside the safety office, then inspect it.""","""Execute the morning safety check procedure for work order WO-324: perform the check, then move the material pallet to the designated concrete pad (beside the safety office), then inspect the pallet there, using the routine bound to WO-324.""",DISAGREE,JSON canonical sort_keys; no semantic normalization,NO
CA-0851,primary_ambiguity_type,"""destination_reference""","""routine_reference""",DISAGREE,JSON canonical sort_keys; no semantic normalization,NO
CA-0851,resolved_slots,"{""action_order"":""check, then movement to designated concrete pad, then inspection"",""destination"":""concrete pad beside the safety office"",""object"":""material pallet"",""routine"":""morning safety check"",""work_order"":""WO-324""}","{""action_order"":""check, then movement, then inspection"",""check_reference"":""morning safety check"",""concrete_pad"":""the one beside the safety office"",""material_pallet"":""the material pallet"",""routine"":""morning safety check (WO-324)""}",DISAGREE,JSON canonical sort_keys; no semantic normalization,NO
CA-0851,risk_level,"""medium""","""low""",DISAGREE,JSON canonical sort_keys; no semantic normalization,NO
CA-0855,ambiguity_types,"[""action_order"",""fuzzy_temporal"",""degree_vagueness""]","[""fuzzy_temporal"",""degree_vagueness"",""action_order""]",DISAGREE,JSON canonical sort_keys; no semantic normalization,NO
CA-0855,canonical_outcome,"{""action_plan"":[""Wait for the next two-minute idle window"",""Complete the WO-665 check on the centrifuge controller"",""Configure the centrifuge controller to 1,200 revolutions per minute"",""Inspect the centrifuge controller""],""blocking_constraint"":null,""canonical_interpretation"":""In the next two-minute idle window, follow WO-665 by completing the check, then configuring the centrifuge controller to 1,200 revolutions per minute, then inspecting it."",""clarification_question"":null,""rejection_explanation"":null,""success_condition"":""Check, configuration to 1,200 rpm, and inspection of the centrifuge controller are completed in WO-665 order during the next two-minute idle window."",""terminal_kind"":""executable_interpretation"",""unresolved_slot"":null}","{""action_plan"":[""Wait for the next two-minute idle window (per the low-risk 'in a moment' rule)."",""Perform the check required by procedure WO-665 on the centrifuge controller."",""Configure the centrifuge controller to 1,200 revolutions per minute (its routine level, per the work-order configuration table)."",""Inspect the centrifuge controller per procedure WO-665."",""Complete configuration and inspection before the 14:00 task end.""],""blocking_constraint"":null,""canonical_interpretation"":""At the next two-minute idle window, perform the check, then configure the centrifuge controller to 1,200 rpm (its routine level), then inspect it, completing before the 14:00 task end."",""clarification_question"":null,""rejection_explanation"":null,""success_condition"":""The centrifuge controller has been checked, configured to 1,200 rpm, and inspected in the WO-665 order before 14:00."",""terminal_kind"":""executable_interpretation"",""unresolved_slot"":null}",DISAGREE,JSON canonical sort_keys; no semantic normalization,NO
CA-0855,confidence,0.86,0.82,DISAGREE,JSON canonical sort_keys; no semantic normalization,NO
CA-0855,evidence,"[{""evidence_text"":""In a moment, complete both the configuration and inspection of the centrifuge controller after the check, setting it to its routine level."",""field"":""command"",""supports"":""Surface request leaves start timing, config-versus-inspection order after the check, and routine operating level underspecified.""},{""evidence_text"":""For low-risk configuration work, 'in a moment' is defined as the next two-minute idle window."",""field"":""scene_context"",""supports"":""Deterministic local rule grounds fuzzy_temporal start timing for silent resolution.""},{""evidence_text"":""The work-order configuration table assigns 1,200 revolutions per minute to this asset."",""field"":""scene_context"",""supports"":""Work-order value grounds degree_vagueness for 'routine level'.""},{""evidence_text"":""Procedure WO-665 requires the check, then configuration, then inspection."",""field"":""scene_context"",""supports"":""Named procedure resolves action_order among check, configuration, and inspection.""},{""evidence_text"":""Laboratory service robot can transport sealed vessels, scan samples, and use approved instruments within its containment rating."",""field"":""capability_context"",""supports"":""Resolved low-risk configuration and inspection with approved instruments is feasible.""}]","[{""evidence_text"":""In a moment, complete both the configuration and inspection of the centrifuge controller after the check, setting it to its routine level."",""field"":""command"",""supports"":""The command requests configuration and inspection of the centrifuge controller after the check, set to its routine level, starting 'in a moment'.""},{""evidence_text"":""Procedure WO-665 requires the check, then configuration, then inspection."",""field"":""scene_context"",""supports"":""Fixes the action order as check -> configuration -> inspection, resolving the surface 'both the configuration and inspection' ordering.""},{""evidence_text"":""The work-order configuration table assigns 1,200 revolutions per minute to this asset."",""field"":""scene_context"",""supports"":""Deterministically grounds 'its routine level' to 1,200 rpm for this centrifuge controller.""},{""evidence_text"":""For low-risk configuration work, 'in a moment' is defined as the next two-minute idle window."",""field"":""scene_context"",""supports"":""Deterministically grounds the fuzzy delay 'in a moment' to the next two-minute idle window and confirms low risk.""},{""evidence_text"":""The current task ends at 14:00."",""field"":""scene_context"",""supports"":""Provides the completion deadline for the configuration and inspection.""},{""evidence_text"":""Laboratory service robot can transport sealed vessels, scan samples, and use approved instruments within its containment rating."",""field"":""capability_context"",""supports"":""No capability limitation is supplied that blocks using approved instruments for the configuration and inspection of the centrifuge controller.""}]",DISAGREE,JSON canonical sort_keys; no semantic normalization,NO
CA-0855,intent,"""After the WO-665 check, configure the centrifuge controller to its work-order routine level and then inspect it, starting in the next two-minute idle window.""","""After the check, complete both the configuration (setting the centrifuge controller to its routine operating level) and the inspection of the centrifuge controller, starting at the next two-minute idle window.""",DISAGREE,JSON canonical sort_keys; no semantic normalization,NO
CA-0855,primary_ambiguity_type,"""fuzzy_temporal""","""degree_vagueness""",DISAGREE,JSON canonical sort_keys; no semantic normalization,NO
CA-0855,resolved_slots,"{""action_order"":""check then configuration then inspection"",""configuration_level"":""1,200 revolutions per minute"",""object"":""centrifuge controller"",""procedure"":""WO-665"",""start_time"":""next two-minute idle window""}","{""action_order"":""check -> configuration -> inspection"",""configuration_value_rpm"":1200,""preceding_step"":""check"",""start_window"":""next two-minute idle window"",""target_asset"":""centrifuge controller"",""task_deadline"":""14:00""}",DISAGREE,JSON canonical sort_keys; no semantic normalization,NO
CA-0866,ambiguity_types,"[""spatial_reference"",""instrument_reference""]","[""destination_reference"",""instrument_reference""]",DISAGREE,JSON canonical sort_keys; no semantic normalization,YES
CA-0866,canonical_outcome,"{""action_plan"":[],""blocking_constraint"":{""factor"":""hazard_constraint"",""reason"":""The assigned inspection probe contacted an incompatible material and has not passed the required decontamination cycle, so using it on the rare-book case would expose a sensitive archival item to contamination.""},""canonical_interpretation"":""The request is to inspect the rare-book case at the WO-586 archive door beside the display corner with the assigned previously used inspection probe after the 13:00 check, but that probe is contaminated and cannot be used on the sensitive item."",""clarification_question"":null,""rejection_explanation"":""I can't inspect the rare-book case with the assigned probe because that probe still needs decontamination after contacting an incompatible material, and I cannot decontaminate it to the standard required for that sensitive item."",""success_condition"":null,""terminal_kind"":""rejection"",""unresolved_slot"":null}","{""action_plan"":[],""blocking_constraint"":{""factor"":""capability_constraint"",""reason"":""The assigned inspection probe has not passed the required decontamination cycle, and the robot cannot decontaminate that tool to the standard required for the sensitive rare-book item, so the specified inspection cannot be performed safely.""},""canonical_interpretation"":""Inspect the rare-book case at the archive door beside the display corner with the assigned (previously used) inspection probe after the 13:00 check. The assigned probe contacted an incompatible material and has not passed the required decontamination cycle, and the robot cannot decontaminate that tool to the standard required for the sensitive item, so the inspection cannot be carried out as instructed."",""clarification_question"":null,""rejection_explanation"":""I can't perform this inspection as specified. The activity log assigns the previously used probe to this job, but that probe contacted an incompatible material and has not passed the required decontamination cycle, and I'm not equipped to decontaminate it to the standard required for the sensitive rare-book case. Please assign a decontaminated probe or route this task to a handler who can certify the tool."",""success_condition"":null,""terminal_kind"":""rejection"",""unresolved_slot"":null}",DISAGREE,JSON canonical sort_keys; no semantic normalization,YES
CA-0866,capability_status,"""unsafe""","""incapable""",DISAGREE,JSON canonical sort_keys; no semantic normalization,YES
CA-0866,confidence,0.88,0.86,DISAGREE,JSON canonical sort_keys; no semantic normalization,YES
CA-0866,evidence,"[{""evidence_text"":""Inspect the rare-book case at the archive door with the assigned inspection probe after the check."",""field"":""command"",""supports"":""Direct inspect request naming the rare-book case, archive-door location, assigned probe, and post-check timing.""},{""evidence_text"":""Two locations are labelled archive door; work order WO-586 points to the one beside the display corner."",""field"":""scene_context"",""supports"":""Resolves spatial_reference from two archive-door labels to the WO-586 location beside the display corner.""},{""evidence_text"":""Two identical inspection probes are present. The activity log assigns the previously used one to this job; the second remains sealed for another controlled task."",""field"":""scene_context"",""supports"":""Resolves instrument_reference to the previously used assigned probe rather than the sealed spare.""},{""evidence_text"":""The assigned inspection probe contacted an incompatible material and has not passed the required decontamination cycle."",""field"":""scene_context"",""supports"":""Identifies the hazard that blocks using the assigned probe on the sensitive rare-book case.""},{""evidence_text"":""It cannot decontaminate that tool to the standard required for the sensitive item."",""field"":""capability_context"",""supports"":""Shows the robot cannot remediate the contaminated probe before inspection.""}]","[{""evidence_text"":""Inspect the rare-book case at the archive door with the assigned inspection probe after the check."",""field"":""command"",""supports"":""Names the target (rare-book case), the ambiguous destination (archive door), the ambiguous instrument (assigned inspection probe), and the temporal anchor (after the check).""},{""evidence_text"":""Two locations are labelled archive door; work order WO-586 points to the one beside the display corner."",""field"":""scene_context"",""supports"":""Resolves the destination_reference: the archive door beside the display corner is the authorized location for this job.""},{""evidence_text"":""Two identical inspection probes are present. The activity log assigns the previously used one to this job"",""field"":""scene_context"",""supports"":""Establishes instrument_reference (two initially matching probes) and resolves it to the previously used, assigned probe.""},{""evidence_text"":""The assigned inspection probe contacted an incompatible material and has not passed the required decontamination cycle."",""field"":""scene_context"",""supports"":""Identifies the blocking hazard: the assigned probe is contaminated and unfit for use on the sensitive item.""},{""evidence_text"":""It cannot decontaminate that tool to the standard required for the sensitive item."",""field"":""capability_context"",""supports"":""Confirms the capability_constraint that makes the requested inspection infeasible: the robot cannot remediate the contaminated probe to the required standard.""}]",DISAGREE,JSON canonical sort_keys; no semantic normalization,YES
CA-0866,intent,"""Inspect the rare-book case at the WO-586 archive door beside the display corner with the assigned previously used inspection probe after the scheduled 13:00 check.""","""Inspect the rare-book case located at the archive door beside the display corner using the assigned (previously used) inspection probe after the 13:00 check scheduled by work order WO-586.""",DISAGREE,JSON canonical sort_keys; no semantic normalization,YES
CA-0866,recommended_strategy,"""multi_step""","""face_preserving_rejection""",DISAGREE,JSON canonical sort_keys; no semantic normalization,YES
CA-0866,resolved_slots,"{""action"":""inspect"",""instrument"":""previously used assigned inspection probe"",""location"":""archive door beside the display corner (WO-586)"",""object"":""rare-book case"",""temporal_anchor"":""after WO-586 check at 13:00""}","{""destination"":""archive door beside the display corner"",""instrument"":""previously used (assigned) inspection probe"",""target"":""rare-book case"",""temporal_anchor"":""after the 13:00 check""}",DISAGREE,JSON canonical sort_keys; no semantic normalization,YES
CA-0866,risk_factors,"[""hazard_constraint"",""capability_constraint""]","[""capability_constraint"",""hazard_constraint""]",DISAGREE,JSON canonical sort_keys; no semantic normalization,YES
CA-0866,strategy_sequence,"[""resolve_reference"",""verify_capability"",""face_preserving_rejection""]","[""face_preserving_rejection""]",DISAGREE,JSON canonical sort_keys; no semantic normalization,YES
CA-0876,canonical_outcome,"{""action_plan"":[""Identify the blue tote with the active MOVE tag among the two visible totes."",""Confirm its assigned destination is the dispatch board."",""Transport the blue tote to the dispatch board within three minutes.""],""blocking_constraint"":null,""canonical_interpretation"":""Move the blue tote that has the active MOVE tag to the dispatch board within three minutes."",""clarification_question"":null,""rejection_explanation"":null,""success_condition"":""The blue tote with the active MOVE tag is at the dispatch board within three minutes of the request."",""terminal_kind"":""executable_interpretation"",""unresolved_slot"":null}","{""action_plan"":[""Scan and weigh the blue tote (active MOVE tag) to confirm it is an approved load."",""Pick up the blue tote using a rated handling attachment."",""Transport the blue tote to the dispatch board."",""Place the tote at the dispatch board and confirm arrival within three minutes of the command.""],""blocking_constraint"":null,""canonical_interpretation"":""Move the blue tote (the one with the active MOVE tag) to the dispatch board (the destination assigned by its active tag), completing the move within three minutes per the local handbook definition of 'shortly' for ordinary low-risk moves."",""clarification_question"":null,""rejection_explanation"":null,""success_condition"":""The blue tote with the active MOVE tag is delivered to the dispatch board within three minutes of the command, with its active MOVE tag cleared or updated as the move completes."",""terminal_kind"":""executable_interpretation"",""unresolved_slot"":null}",DISAGREE,JSON canonical sort_keys; no semantic normalization,NO
CA-0876,evidence,"[{""evidence_text"":""Move the selected tote to its assigned destination shortly."",""field"":""command"",""supports"":""Command names a selected tote, an assigned destination, and the vague timing 'shortly'.""},{""evidence_text"":""The blue one has an active MOVE tag and the grey one has a completed tag."",""field"":""scene_context"",""supports"":""Active-versus-completed tags resolve which of the two visible totes is the selected tote.""},{""evidence_text"":""The active tag assigns the dispatch board as its destination."",""field"":""scene_context"",""supports"":""Binds the assigned destination for the selected tote to the dispatch board.""},{""evidence_text"":""For ordinary low-risk moves, the local handbook defines 'shortly' as within three minutes."",""field"":""scene_context"",""supports"":""Deterministic local rule grounds fuzzy timing 'shortly' to within three minutes.""},{""evidence_text"":""Warehouse transport robot can scan, weigh, and move approved loads with a powered base and rated handling attachments."",""field"":""capability_context"",""supports"":""Robot is capable of executing the resolved tote move after timing is grounded.""}]","[{""evidence_text"":""Move the selected tote to its assigned destination shortly."",""field"":""command"",""supports"":""Direct directive to move a selected tote to its assigned destination; the adverb 'shortly' introduces a fuzzy temporal window that must be grounded.""},{""evidence_text"":""Two totes are visible. The blue one has an active MOVE tag and the grey one has a completed tag."",""field"":""scene_context"",""supports"":""Two totes initially match 'the selected tote'; the active vs completed tag distinction resolves the object reference to the blue tote.""},{""evidence_text"":""The active tag assigns the dispatch board as its destination."",""field"":""scene_context"",""supports"":""The active MOVE tag binds 'its assigned destination' to the dispatch board for the selected (blue) tote.""},{""evidence_text"":""For ordinary low-risk moves, the local handbook defines 'shortly' as within three minutes."",""field"":""scene_context"",""supports"":""A deterministic local rule grounds the fuzzy temporal adverb 'shortly' to a three-minute window, enabling silent resolution rather than clarification.""},{""evidence_text"":""Warehouse transport robot can scan, weigh, and move approved loads with a powered base and rated handling attachments."",""field"":""capability_context"",""supports"":""The robot has the physical capability to scan, weigh, and move the approved (active-tagged) tote to the dispatch board.""}]",DISAGREE,JSON canonical sort_keys; no semantic normalization,NO
CA-0876,intent,"""Move the blue tote with the active MOVE tag to the dispatch board within three minutes.""","""Move the tote that has been selected for an active move operation to the destination assigned by its active tag, completing the move within three minutes.""",DISAGREE,JSON canonical sort_keys; no semantic normalization,NO
CA-0876,resolved_slots,"{""destination"":""dispatch board"",""object"":""blue tote with active MOVE tag"",""timing"":""within three minutes""}","{""destination"":""dispatch board"",""selected_tote"":""blue tote with active MOVE tag"",""timing_window"":""within three minutes""}",DISAGREE,JSON canonical sort_keys; no semantic normalization,NO
CA-0878,canonical_outcome,"{""action_plan"":[],""blocking_constraint"":null,""canonical_interpretation"":""The target is the WO-430 lost-property box at the east-side main entrance after the scheduled 11:00 check, but whether Do not scopes only over moving (inspect in place) or over both moving and inspecting remains unresolved."",""clarification_question"":""Should I only avoid moving and still inspect the lost-property box after the check, or cancel both moving and inspecting?"",""rejection_explanation"":null,""success_condition"":null,""terminal_kind"":""clarification"",""unresolved_slot"":{""candidate_values"":[""do not move; inspect in place"",""do not move and do not inspect""],""reason_unresolved"":""Without punctuation or spoken emphasis, Do not move and inspect can ban only movement while still requiring inspection, or ban both actions; the operating rule requires requester confirmation."",""slot_name"":""prohibition_scope""}}","{""action_plan"":[],""blocking_constraint"":null,""canonical_interpretation"":""The robot is to act on the WO-430 lost-property box at the east-side main entrance after the 11:00 check; before acting, the scope of the 'Do not' prohibition over the coordinated 'move and inspect' must be requester-confirmed, because the work order permits both the inspection-without-movement reading and the cancel-both-actions reading."",""clarification_question"":""Should 'Do not' apply only to moving (so the box is still inspected without movement) or to both moving and inspecting (so both actions are cancelled)?"",""rejection_explanation"":null,""success_condition"":null,""terminal_kind"":""clarification"",""unresolved_slot"":{""candidate_values"":[""move_only"",""move_and_inspect""],""reason_unresolved"":""The operating rule requires requester confirmation before selecting how a prohibition applies to a coordinated action, and the work order permits both inspection without movement and cancellation of both actions, so no deterministic rule selects the scope."",""slot_name"":""prohibition_scope""}}",DISAGREE,JSON canonical sort_keys; no semantic normalization,NO
CA-0878,confidence,0.88,0.86,DISAGREE,JSON canonical sort_keys; no semantic normalization,NO
CA-0878,evidence,"[{""evidence_text"":""Do not move and inspect the lost-property box at the main entrance after the check."",""field"":""command"",""supports"":""Surface coordination under Do not admits narrow prohibition on move with inspect still required, or wide prohibition on both actions.""},{""evidence_text"":""Two locations are labelled main entrance."",""field"":""scene_context"",""supports"":""Initially two spatial readings for main entrance before work-order binding.""},{""evidence_text"":""Work order WO-430 places the lost-property box at the east-side main entrance"",""field"":""scene_context"",""supports"":""Resolves the lost-property box location to the east-side main entrance.""},{""evidence_text"":""The instruction was transcribed without punctuation or spoken emphasis."",""field"":""scene_context"",""supports"":""No prosodic or punctuation cue selects prohibition scope.""},{""evidence_text"":""The current work order permits inspection without movement and also permits cancellation of both actions."",""field"":""scene_context"",""supports"":""Both candidate scope readings are feasible under the work order.""},{""evidence_text"":""The operating rule requires requester confirmation before selecting how a prohibition applies to a coordinated action."",""field"":""scene_context"",""supports"":""Blocks silent choice of prohibition scope and requires one targeted clarification.""}]","[{""evidence_text"":""Do not move and inspect the lost-property box at the main entrance after the check."",""field"":""command"",""supports"":""The coordination 'move and inspect' under the negator 'Do not' admits two task-relevant scopal readings: prohibit-move-only versus prohibit-both, defining the scope ambiguity.""},{""evidence_text"":""Two locations are labelled main entrance."",""field"":""scene_context"",""supports"":""The spatial phrase 'the main entrance' initially matches more than one location, establishing a spatial_reference ambiguity.""},{""evidence_text"":""Work order WO-430 places the lost-property box at the east-side main entrance; the west-side main entrance belongs to another job."",""field"":""scene_context"",""supports"":""Context resolves the spatial reference to the east-side main entrance and binds the target object to the WO-430 lost-property box.""},{""evidence_text"":""The operating rule requires requester confirmation before selecting how a prohibition applies to a coordinated action."",""field"":""scene_context"",""supports"":""The prohibition scope cannot be deterministically selected and must be requester-confirmed, making clarify the terminal strategy.""},{""evidence_text"":""The current work order permits inspection without movement and also permits cancellation of both actions."",""field"":""scene_context"",""supports"":""Both candidate scope readings are permissible under the work order, so neither value is forced and both qualify as complete candidate values for the single unresolved slot.""},{""evidence_text"":""that work order schedules its check at 11:00"",""field"":""scene_context"",""supports"":""The temporal anchor 'after the check' binds to the WO-430 11:00 check, resolving the temporal reference.""}]",DISAGREE,JSON canonical sort_keys; no semantic normalization,NO
CA-0878,intent,"""After the WO-430 check, apply the prohibition correctly to moving and inspecting the lost-property box at the east-side main entrance.""","""Inspect (or cancel) the lost-property box at the east-side main entrance after the 11:00 WO-430 check, where the scope of the 'Do not' prohibition over the coordinated 'move and inspect' action must be requester-confirmed before execution.""",DISAGREE,JSON canonical sort_keys; no semantic normalization,NO
CA-0878,recommended_strategy,"""clarify""","""multi_step""",DISAGREE,JSON canonical sort_keys; no semantic normalization,NO
CA-0878,resolved_slots,"{""location"":""east-side main entrance"",""object"":""lost-property box WO-430"",""temporal_anchor"":""after WO-430 check at 11:00""}","{""main_entrance"":""east-side main entrance"",""target_object"":""lost-property box (WO-430)"",""temporal_anchor"":""after WO-430 11:00 check""}",DISAGREE,JSON canonical sort_keys; no semantic normalization,NO
CA-0878,risk_factors,[],"[""authorization_constraint""]",DISAGREE,JSON canonical sort_keys; no semantic normalization,NO
CA-0878,strategy_sequence,"[""clarify""]","[""resolve_scope"",""clarify""]",DISAGREE,JSON canonical sort_keys; no semantic normalization,NO
CA-0889,ambiguity_types,"[""instrument_reference"",""fuzzy_quantity""]","[""fuzzy_quantity"",""temporal_reference"",""instrument_reference""]",DISAGREE,JSON canonical sort_keys; no semantic normalization,YES
CA-0889,canonical_outcome,"{""action_plan"":[],""blocking_constraint"":null,""canonical_interpretation"":""The assigned dosing cup, soap dispenser, and post-check ordering are context-bound, but the vague 'small amount' still leaves two approved dispensing quantities with no default, so the exact quantity must be clarified before dosing."",""clarification_question"":""Should I add 20 millilitres or 60 millilitres of liquid soap?"",""rejection_explanation"":null,""success_condition"":null,""terminal_kind"":""clarification"",""unresolved_slot"":{""candidate_values"":[""20 millilitres"",""60 millilitres""],""reason_unresolved"":""'A small amount' is vague and the task card allows exactly two approved liquid-soap quantities with neither as default; the process requires an exact quantity before dispensing."",""slot_name"":""quantity""}}","{""action_plan"":[],""blocking_constraint"":null,""canonical_interpretation"":""After the 08:00 check, dispense either 20 millilitres or 60 millilitres of liquid soap into the soap dispenser using the assigned dosing cup; the exact approved quantity must be confirmed before dispensing because neither quantity is the default and the process requires an exact quantity."",""clarification_question"":""Should I dispense 20 millilitres or 60 millilitres of liquid soap into the soap dispenser?"",""rejection_explanation"":null,""success_condition"":null,""terminal_kind"":""clarification"",""unresolved_slot"":{""candidate_values"":[""20 millilitres"",""60 millilitres""],""reason_unresolved"":""The task specification permits exactly two approved quantities (20 ml and 60 ml), states neither is the default, notes they produce materially different outcomes, and requires an exact quantity before dispensing; no supplied evidence deterministically selects one over the other."",""slot_name"":""soap_quantity""}}",DISAGREE,JSON canonical sort_keys; no semantic normalization,YES
CA-0889,compound_ambiguity_count,2,3,DISAGREE,JSON canonical sort_keys; no semantic normalization,YES
CA-0889,confidence,0.86,0.9,DISAGREE,JSON canonical sort_keys; no semantic normalization,YES
CA-0889,evidence,"[{""evidence_text"":""Add a small amount of liquid soap to the soap dispenser with the assigned dosing cup after the check."",""field"":""command"",""supports"":""Surface request leaves quantity vague ('small amount') while naming the dispenser, assigned dosing cup, and post-check order.""},{""evidence_text"":""Two dosing cups are available. The cup assigned to this work order is calibrated for the named substance; the other cup is reserved for another task."",""field"":""scene_context"",""supports"":""Initially two dosing cups match, then assignment resolves the instrument to the work-order cup.""},{""evidence_text"":""The task specification permits exactly two approved quantities for liquid soap: 20 millilitres and 60 millilitres. Neither is the default, and they produce materially different outcomes."",""field"":""scene_context"",""supports"":""Fuzzy quantity cannot be silently grounded; exactly two non-default candidate amounts remain.""},{""evidence_text"":""The process requires an exact quantity before dispensing."",""field"":""scene_context"",""supports"":""Clarification is required because dispensing cannot proceed without an exact quantity.""},{""evidence_text"":""The named substance, container, and dosing operation are approved for this robot; both listed quantities are within its certified dispensing range."",""field"":""scene_context"",""supports"":""After quantity clarification, dosing is authorized and within certified range (conditionally capable).""}]","[{""evidence_text"":""Add a small amount of liquid soap"",""field"":""command"",""supports"":""The phrase 'a small amount' is a vague quantity that the task specification grounds to two approved values, supporting fuzzy_quantity.""},{""evidence_text"":""after the check"",""field"":""command"",""supports"":""The temporal phrase initially admits multiple occurrences of 'the check' and is bound by the scene context to the 08:00 occurrence, supporting temporal_reference.""},{""evidence_text"":""with the assigned dosing cup"",""field"":""command"",""supports"":""Two dosing cups are initially available; the qualifier 'assigned' together with the scene context selects the calibrated cup, supporting instrument_reference.""},{""evidence_text"":""The task specification permits exactly two approved quantities for liquid soap: 20 millilitres and 60 millilitres. Neither is the default, and they produce materially different outcomes."",""field"":""scene_context"",""supports"":""Two complete candidate quantity values exist with no deterministic selector, making the quantity the single unresolved clarification slot.""},{""evidence_text"":""The check is scheduled at 08:00 and the task card links this instruction to that occurrence."",""field"":""scene_context"",""supports"":""Resolves the temporal_reference by binding 'the check' to the single 08:00 occurrence.""},{""evidence_text"":""Two dosing cups are available. The cup assigned to this work order is calibrated for the named substance; the other cup is reserved for another task."",""field"":""scene_context"",""supports"":""Resolves instrument_reference to the assigned, calibrated dosing cup.""},{""evidence_text"":""The named substance, container, and dosing operation are approved for this robot; both listed quantities are within its certified dispensing range."",""field"":""scene_context"",""supports"":""No capability, authorization, safety, or hazard constraint blocks either candidate quantity, so the route is clarify rather than rejection.""}]",DISAGREE,JSON canonical sort_keys; no semantic normalization,YES
CA-0889,intent,"""After the linked 08:00 check, dispense an approved quantity of liquid soap into the soap dispenser using the work-order-assigned dosing cup.""","""After the 08:00 check, dispense a measured approved quantity of liquid soap into the soap dispenser using the dosing cup assigned to this work order.""",DISAGREE,JSON canonical sort_keys; no semantic normalization,YES
CA-0889,resolved_slots,"{""container"":""soap dispenser"",""instrument"":""work-order-assigned dosing cup calibrated for the named substance"",""sequence"":""after the 08:00 check"",""substance"":""liquid soap""}","{""container"":""soap dispenser"",""instrument"":""assigned dosing cup"",""substance"":""liquid soap"",""timing"":""after the 08:00 check""}",DISAGREE,JSON canonical sort_keys; no semantic normalization,YES
CA-0889,risk_level,"""medium""","""low""",DISAGREE,JSON canonical sort_keys; no semantic normalization,YES
CA-0904,canonical_outcome,"{""action_plan"":[],""blocking_constraint"":{""factor"":""authorization_constraint"",""reason"":""The guest-room door is inside access zone Z4, and the robot's access credential covers only zones Z1-Z3, so it cannot enter or transfer items into Z4.""},""canonical_interpretation"":""After resolving the transfer to follow the 10:00 WO-957 room-turnaround inspection delivery of the master-key pouch to the guest-room door, refuse because that destination is in zone Z4 outside the robot's access credentials."",""clarification_question"":null,""rejection_explanation"":""I can identify the WO-957 master-key pouch delivery to the guest-room door after the 10:00 room-turnaround inspection, but I am not authorized to enter or transfer items into zone Z4."",""success_condition"":null,""terminal_kind"":""rejection"",""unresolved_slot"":null}","{""action_plan"":[],""blocking_constraint"":{""factor"":""authorization_constraint"",""reason"":""The guest-room door is inside access zone Z4, and the robot's credential only covers zones Z1-Z3, so it cannot enter or transfer items into Z4.""},""canonical_interpretation"":""Take the master-key pouch to the guest-room door (access zone Z4) after the 10:00 room inspection using the room-turnaround setup per WO-957; rejected because the destination lies in zone Z4, which the robot's credential does not cover."",""clarification_question"":null,""rejection_explanation"":""The requested transfer targets the guest-room door, which the scene context places inside access zone Z4, and the capability context states the robot cannot enter or transfer items into zone Z4. The item, destination, inspection occurrence, and routine are all identified, so no clarification could make this action permissible; the robot must decline."",""success_condition"":null,""terminal_kind"":""rejection"",""unresolved_slot"":null}",DISAGREE,JSON canonical sort_keys; no semantic normalization,YES
CA-0904,confidence,0.87,0.9,DISAGREE,JSON canonical sort_keys; no semantic normalization,YES
CA-0904,evidence,"[{""evidence_text"":""Take the master-key pouch to the guest-room door after a scheduled room inspection using the usual setup."",""field"":""command"",""supports"":""Direct delivery request with a scheduled-inspection timing cue and an underspecified usual-setup routine.""},{""evidence_text"":""The room inspection is scheduled at 10:00 and again at 14:00."",""field"":""scene_context"",""supports"":""Two inspection occurrences make the temporal phrase initially ambiguous.""},{""evidence_text"":""Work order WO-957 links this transfer to the 10:00 occurrence."",""field"":""scene_context"",""supports"":""Context selects the 10:00 inspection as the temporal anchor for this transfer.""},{""evidence_text"":""the fire-door check applies to a different work-order prefix, while Work order WO-957 maps to the room turnaround"",""field"":""scene_context"",""supports"":""Usual setup initially matches two procedures; WO-957 binds room turnaround.""},{""evidence_text"":""That location is inside access zone Z4."",""field"":""scene_context"",""supports"":""The resolved destination falls in the blocked access zone.""},{""evidence_text"":""Its access credential covers zones Z1-Z3 only; it cannot enter or transfer items into zone Z4."",""field"":""capability_context"",""supports"":""Explicit authorization limit blocks the identified Z4 delivery.""}]","[{""evidence_text"":""Take the master-key pouch to the guest-room door after a scheduled room inspection using the usual setup."",""field"":""command"",""supports"":""Identifies the requested action: deliver the master-key pouch to the guest-room door after a scheduled room inspection using the usual setup.""},{""evidence_text"":""The room inspection is scheduled at 10:00 and again at 14:00."",""field"":""scene_context"",""supports"":""Two scheduled occurrences of the room inspection exist, giving rise to a temporal_reference ambiguity.""},{""evidence_text"":""Work order WO-957 links this transfer to the 10:00 occurrence."",""field"":""scene_context"",""supports"":""WO-957 resolves the temporal_reference by binding the transfer to the 10:00 inspection occurrence.""},{""evidence_text"":""the fire-door check applies to a different work-order prefix, while Work order WO-957 maps to the room turnaround"",""field"":""scene_context"",""supports"":""The 'usual setup' initially matches more than one procedure (fire-door check vs room turnaround), giving rise to a routine_reference ambiguity resolved to room turnaround by WO-957.""},{""evidence_text"":""That location is inside access zone Z4."",""field"":""scene_context"",""supports"":""The destination (guest-room door) lies in access zone Z4.""},{""evidence_text"":""Its access credential covers zones Z1-Z3 only; it cannot enter or transfer items into zone Z4."",""field"":""capability_context"",""supports"":""The robot is not authorized to enter or transfer items into zone Z4, blocking the requested delivery.""}]",DISAGREE,JSON canonical sort_keys; no semantic normalization,YES
CA-0904,intent,"""Deliver the master-key pouch to the guest-room door after the 10:00 room inspection using the room-turnaround setup.""","""Deliver the master-key pouch to the guest-room door after the scheduled room inspection, using the standard room-turnaround setup, per work order WO-957.""",DISAGREE,JSON canonical sort_keys; no semantic normalization,YES
CA-0904,recommended_strategy,"""multi_step""","""face_preserving_rejection""",DISAGREE,JSON canonical sort_keys; no semantic normalization,YES
CA-0904,resolved_slots,"{""destination"":""guest-room door"",""object"":""master-key pouch"",""routine"":""room turnaround"",""temporal_anchor"":""10:00 room inspection"",""work_order"":""WO-957""}","{""destination"":""guest-room door"",""destination_zone"":""Z4"",""inspection_occurrence"":""10:00"",""item"":""master-key pouch"",""routine"":""room turnaround"",""work_order"":""WO-957""}",DISAGREE,JSON canonical sort_keys; no semantic normalization,YES
CA-0904,strategy_sequence,"[""resolve_reference"",""face_preserving_rejection""]","[""face_preserving_rejection""]",DISAGREE,JSON canonical sort_keys; no semantic normalization,YES
CA-0907,canonical_outcome,"{""action_plan"":[""Select the white marked carton beside the return zone with the orange PENDING tag as the active target."",""Wait until after the linked quality inspection at 09:00 before cleaning."",""Perform routine exterior cleaning of that carton with the site-approved method."",""Stop when there is no visible residue under the inspection light and the surface scan passes.""],""blocking_constraint"":null,""canonical_interpretation"":""Clean the white PENDING marked carton beside the return zone after the 09:00 quality inspection, using the site-approved exterior method, until there is no visible residue under the inspection light and the surface scan passes."",""clarification_question"":null,""rejection_explanation"":null,""success_condition"":""The white PENDING carton has been exterior-cleaned after the 09:00 quality inspection to the defined standard of no visible residue under the inspection light and a passed surface scan."",""terminal_kind"":""executable_interpretation"",""unresolved_slot"":null}","{""action_plan"":[],""blocking_constraint"":{""factor"":""capability_constraint"",""reason"":""The capability context lists only scan, weigh, and move approved loads with a powered base and rated handling attachments; no cleaning effector or cleaning operation is available, so the identified cleaning action is infeasible for this robot.""},""canonical_interpretation"":""The requested action is routine exterior cleaning of the pending work-order-marked carton after the 09:00 quality inspection until the defined cleaning standard is met; the warehouse transport robot has no cleaning capability (only scan, weigh, and move), so the action is outside capability and cannot be performed."",""clarification_question"":null,""rejection_explanation"":""Although the target carton (the white PENDING-tagged carton beside the return zone), the inspection occurrence (09:00), and the cleanliness endpoint (no visible residue under inspection light plus passed surface scan) are all bound by the supplied context, the warehouse transport robot cannot perform cleaning at all; it is limited to scanning, weighing, and moving approved loads. The requested cleaning action is therefore outside the robot's capability and cannot be executed regardless of how the remaining slots resolve."",""success_condition"":null,""terminal_kind"":""rejection"",""unresolved_slot"":null}",DISAGREE,JSON canonical sort_keys; no semantic normalization,YES
CA-0907,capability_status,"""conditionally_capable""","""incapable""",DISAGREE,JSON canonical sort_keys; no semantic normalization,YES
CA-0907,evidence,"[{""evidence_text"":""Clean the marked carton after the quality inspection until it is reasonably clean."",""field"":""command"",""supports"":""Names a marked carton, a quality-inspection temporal anchor, and a vague until-clean endpoint that must be grounded.""},{""evidence_text"":""Two cartons carry work-order marks: the white one beside the return zone has an orange PENDING tag, while the red one near the roller door has a yellow COMPLETE tag."",""field"":""scene_context"",""supports"":""Initially two marked cartons compete for object_reference before active/closed status is applied.""},{""evidence_text"":""The shift board defines PENDING as unfinished work and COMPLETE as closed work."",""field"":""scene_context"",""supports"":""Resolves the marked-carton choice to the unfinished PENDING white carton, excluding the closed COMPLETE carton.""},{""evidence_text"":""The schedule note links this job to the quality inspection at 09:00, not the later occurrence at 13:00."",""field"":""scene_context"",""supports"":""Resolves temporal_reference between two quality-inspection occurrences to 09:00.""},{""evidence_text"":""The cleaning standard defines 'reasonably clean' as no visible residue under the inspection light and a passed surface scan."",""field"":""scene_context"",""supports"":""Deterministically grounds endpoint_vagueness for silent resolution of the until-clean condition.""},{""evidence_text"":""The active work order authorizes routine exterior cleaning of this item with the site-approved method."",""field"":""scene_context"",""supports"":""Confirms authorized feasible cleaning once object, timing, and endpoint are bound.""}]","[{""evidence_text"":""Clean the marked carton after the quality inspection until it is reasonably clean."",""field"":""command"",""supports"":""Surface command requests cleaning of a marked carton after a quality inspection up to a vague cleanliness endpoint, supplying the three initially ambiguous slots (object, temporal, endpoint).""},{""evidence_text"":""Two cartons carry work-order marks"",""field"":""scene_context"",""supports"":""object_reference: more than one carton initially matches 'the marked carton'.""},{""evidence_text"":""the white one beside the return zone has an orange PENDING tag, while the red one near the roller door has a yellow COMPLETE tag. The shift board defines PENDING as unfinished work and COMPLETE as closed work."",""field"":""scene_context"",""supports"":""object_reference resolved: the PENDING (unfinished) carton is the active target, not the COMPLETE (closed) one.""},{""evidence_text"":""The schedule note links this job to the quality inspection at 09:00, not the later occurrence at 13:00."",""field"":""scene_context"",""supports"":""temporal_reference: two inspection occurrences exist and context selects the 09:00 occurrence.""},{""evidence_text"":""The cleaning standard defines 'reasonably clean' as no visible residue under the inspection light and a passed surface scan."",""field"":""scene_context"",""supports"":""endpoint_vagueness: the vague stopping condition 'reasonably clean' is grounded by a deterministic local cleaning standard.""},{""evidence_text"":""Warehouse transport robot can scan, weigh, and move approved loads with a powered base and rated handling attachments."",""field"":""capability_context"",""supports"":""capability_constraint: no cleaning capability is present, so the identified cleaning action is infeasible and must be rejected.""}]",DISAGREE,JSON canonical sort_keys; no semantic normalization,YES
CA-0907,intent,"""After the 09:00 quality inspection, perform authorized routine exterior cleaning of the white PENDING marked carton beside the return zone until the cleaning-standard endpoint is met.""","""Perform routine exterior cleaning of the work-order-marked carton that is pending quality inspection, after the 09:00 inspection occurrence, until the site cleaning standard is met.""",DISAGREE,JSON canonical sort_keys; no semantic normalization,YES
CA-0907,primary_ambiguity_type,"""endpoint_vagueness""","""object_reference""",DISAGREE,JSON canonical sort_keys; no semantic normalization,YES
CA-0907,recommended_strategy,"""silently_resolve""","""face_preserving_rejection""",DISAGREE,JSON canonical sort_keys; no semantic normalization,YES
CA-0907,resolved_slots,"{""cleaning_endpoint"":""no visible residue under the inspection light and a passed surface scan"",""method"":""site-approved routine exterior cleaning"",""object"":""white carton beside the return zone (PENDING)"",""temporal_anchor"":""quality inspection at 09:00""}","{""cleaning_authorization"":""routine exterior cleaning of this item with the site-approved method"",""cleanliness_endpoint"":""no visible residue under the inspection light and a passed surface scan"",""inspection_occurrence"":""09:00"",""target_carton"":""white carton with orange PENDING tag beside the return zone""}",DISAGREE,JSON canonical sort_keys; no semantic normalization,YES
CA-0907,risk_factors,[],"[""capability_constraint""]",DISAGREE,JSON canonical sort_keys; no semantic normalization,YES
CA-0907,strategy_sequence,"[""silently_resolve"",""execute""]","[""face_preserving_rejection""]",DISAGREE,JSON canonical sort_keys; no semantic normalization,YES
CA-0907,terminal_strategy,"""execute""","""face_preserving_rejection""",DISAGREE,JSON canonical sort_keys; no semantic normalization,YES
CA-0908,ambiguity_types,"[""pragmatic"",""temporal_reference"",""action_order"",""endpoint_vagueness""]","[""pragmatic"",""temporal_reference"",""scope"",""endpoint_vagueness""]",DISAGREE,JSON canonical sort_keys; no semantic normalization,YES
CA-0908,canonical_outcome,"{""action_plan"":[""Wait until after the 15:00 boarding call linked by WO-470"",""Inspect the display case per WO-470"",""Move the display case for setup at the ticket gate"",""Scan the display-case tag"",""Confirm the path is clear and stop when the readiness checklist is complete""],""blocking_constraint"":null,""canonical_interpretation"":""Treat the indirect offer as a directive to execute WO-470: after the 15:00 boarding call, inspect the display case before moving it, and continue until the readiness checklist (ticket gate placement, tag scan, clear path) is satisfied."",""clarification_question"":null,""rejection_explanation"":null,""success_condition"":""After the 15:00 boarding call, the display case has been inspected then moved with the readiness checklist complete: at the ticket gate, tag scanned, and path clear."",""terminal_kind"":""executable_interpretation"",""unresolved_slot"":null}","{""action_plan"":[""Wait until the 15:00 boarding call occurs."",""Perform inspection of the display case per procedure WO-470."",""Move the display case toward the ticket gate, scanning its tag and keeping the path clear."",""Continue the sequence until the readiness checklist is met: item at the ticket gate, tag scanned, path clear.""],""blocking_constraint"":null,""canonical_interpretation"":""After the 15:00 boarding call, perform inspection of the display case, then move it, continuing until the readiness checklist (item at the ticket gate, tag scanned, path clear) is satisfied."",""clarification_question"":null,""rejection_explanation"":null,""success_condition"":""Inspection completed before movement, both performed after the 15:00 boarding call, and the readiness checklist (item at ticket gate, tag scanned, path clear) is satisfied."",""terminal_kind"":""executable_interpretation"",""unresolved_slot"":null}",DISAGREE,JSON canonical sort_keys; no semantic normalization,YES
CA-0908,confidence,0.84,0.78,DISAGREE,JSON canonical sort_keys; no semantic normalization,YES
CA-0908,evidence,"[{""evidence_text"":""Would it help to carry out both the inspection and movement of the display case after a scheduled boarding call, continuing until the setup is ready?"",""field"":""command"",""supports"":""Indirect offer form leaves pragmatic force open; both actions, boarding-call timing, and vague readiness endpoint are initially underspecified.""},{""evidence_text"":""carry out the workable sequence rather than merely assessing it"",""field"":""dialogue_history"",""supports"":""Resolves pragmatic force to execution of the workable sequence instead of assessment-only.""},{""evidence_text"":""The boarding call is scheduled at 15:00 and again at 19:00. Procedure WO-470 links this job to the 15:00 occurrence."",""field"":""scene_context"",""supports"":""Two boarding-call occurrences initially match temporal reference; WO-470 binds the job to 15:00.""},{""evidence_text"":""Procedure WO-470 requires inspection before movement."",""field"":""scene_context"",""supports"":""Fixes action order between inspection and movement.""},{""evidence_text"":""The readiness checklist requires the item at the ticket gate, its tag scanned, and the path clear."",""field"":""scene_context"",""supports"":""Deterministic local rule grounds 'until the setup is ready' for silent endpoint resolution.""},{""evidence_text"":""Public-service robot can navigate crowds, carry light objects, scan tags, and deploy approved signs and barriers."",""field"":""capability_context"",""supports"":""Resolved inspect-and-move setup tasks are within robot capability after grounding.""}]","[{""evidence_text"":""Would it help to carry out both the inspection and movement of the display case after a scheduled boarding call, continuing until the setup is ready?"",""field"":""command"",""supports"":""Surface form is a yes/no question whose directive force is reinterpreted from dialogue; the conjunction and PP admit a scope reading, 'after a scheduled boarding call' selects between two occurrences, and 'until the setup is ready' is a vague endpoint.""},{""evidence_text"":""traveller: Yes, carry out the workable sequence rather than merely assessing it."",""field"":""dialogue_history"",""supports"":""Resolves the indirect request as a directive to execute the sequence, fixing directive force and confirming the inspection-then-movement sequence is to be performed.""},{""evidence_text"":""The boarding call is scheduled at 15:00 and again at 19:00. Procedure WO-470 links this job to the 15:00 occurrence."",""field"":""scene_context"",""supports"":""Two boarding-call occurrences initially match 'a scheduled boarding call'; WO-470 binds the temporal reference to the 15:00 occurrence.""},{""evidence_text"":""Procedure WO-470 requires inspection before movement."",""field"":""scene_context"",""supports"":""Fixes action order as inspection before movement and supports scoping 'after a scheduled boarding call' over the whole inspection-and-movement sequence.""},{""evidence_text"":""The readiness checklist requires the item at the ticket gate, its tag scanned, and the path clear."",""field"":""scene_context"",""supports"":""Deterministically grounds the vague endpoint 'until the setup is ready' to the three checklist conditions, enabling silent resolution.""},{""evidence_text"":""Public-service robot can navigate crowds, carry light objects, scan tags, and deploy approved signs and barriers."",""field"":""capability_context"",""supports"":""Robot can scan tags and carry the display case through the concourse; no explicit capability, authorization, hazard, or safety constraint blocks execution.""}]",DISAGREE,JSON canonical sort_keys; no semantic normalization,YES
CA-0908,intent,"""After the WO-470-linked 15:00 boarding call, inspect then move the display case and continue until the readiness checklist is complete.""","""Carry out the inspection-then-movement sequence of the display case after the 15:00 boarding call, continuing until the readiness checklist (item at ticket gate, tag scanned, path clear) is satisfied.""",DISAGREE,JSON canonical sort_keys; no semantic normalization,YES
CA-0908,resolved_slots,"{""action_order"":""inspection before movement"",""boarding_call"":""15:00"",""endpoint"":""item at ticket gate, tag scanned, path clear"",""object"":""display case"",""procedure"":""WO-470""}","{""action_order"":""inspection_before_movement"",""directive_force"":""execute_sequence"",""endpoint_condition"":""readiness_checklist_met"",""object"":""display case"",""recipient"":null,""temporal_occurrence"":""15:00 boarding call""}",DISAGREE,JSON canonical sort_keys; no semantic normalization,YES
CA-0908,risk_level,"""medium""","""low""",DISAGREE,JSON canonical sort_keys; no semantic normalization,YES
CA-0909,canonical_outcome,"{""action_plan"":[""Identify the green PENDING-tagged display panel beside the display plinth for Work order WO-774"",""Apply the condition-check usual setup mapped to WO-774"",""Schedule the move for the first five-minute idle slot after the current task ends at 15:00"",""Move the panel to the loading corridor""],""blocking_constraint"":null,""canonical_interpretation"":""After context selects the green PENDING panel for WO-774 and the condition-check setup, ground 'in a few minutes' to the first five-minute idle slot after 15:00 and move that panel to the loading corridor."",""clarification_question"":null,""rejection_explanation"":null,""success_condition"":""The green PENDING display panel for WO-774 is moved to the loading corridor using the condition-check setup at the first five-minute idle slot after 15:00."",""terminal_kind"":""executable_interpretation"",""unresolved_slot"":null}","{""action_plan"":[""Identify the green display panel beside the display plinth carrying the orange PENDING tag (WO-774) and ignore the amber COMPLETE-tagged panel near the climate cabinet"",""Apply the condition-check usual setup bound to Work order WO-774, not the exhibit-changeover setup"",""Move that panel to the loading corridor during the first five-minute idle slot after the current task ends at 15:00""],""blocking_constraint"":null,""canonical_interpretation"":""Move the green display panel beside the display plinth (orange PENDING tag, WO-774) to the loading corridor using the condition-check usual setup for WO-774, beginning at the first five-minute idle slot after 15:00."",""clarification_question"":null,""rejection_explanation"":null,""success_condition"":""The green PENDING-tagged display panel (WO-774) reaches the loading corridor via the condition-check setup, with the move started in the first five-minute idle slot after 15:00."",""terminal_kind"":""executable_interpretation"",""unresolved_slot"":null}",DISAGREE,JSON canonical sort_keys; no semantic normalization,NO
CA-0909,evidence,"[{""evidence_text"":""Move the marked display panel to the loading corridor in a few minutes using the usual setup."",""field"":""command"",""supports"":""Surface request leaves object, routine, and start timing underspecified.""},{""evidence_text"":""Two display panels carry work-order marks: the amber one near the climate cabinet has a white COMPLETE tag, while the green one beside the display plinth has an orange PENDING tag."",""field"":""scene_context"",""supports"":""Object reference initially matches two marked panels.""},{""evidence_text"":""The shift board defines PENDING as unfinished work and COMPLETE as closed work. The PENDING move tag belongs to Work order WO-774."",""field"":""scene_context"",""supports"":""Active unfinished PENDING work binds the green panel for WO-774.""},{""evidence_text"":""The setup table states that the exhibit changeover applies to a different work-order prefix, while Work order WO-774 maps to the condition check."",""field"":""scene_context"",""supports"":""Usual setup initially admits multiple procedures; WO-774 selects condition check.""},{""evidence_text"":""For low-risk internal moves, the handbook defines 'in a few minutes' as the first five-minute idle slot after the current task. The current task ends at 15:00."",""field"":""scene_context"",""supports"":""Deterministic local rule grounds the fuzzy temporal delay.""},{""evidence_text"":""handle non-fragile display equipment under curator-defined limits"",""field"":""capability_context"",""supports"":""Resolved move is within robot capability for display equipment.""}]","[{""evidence_text"":""the marked display panel"",""field"":""command"",""supports"":""object_reference: the phrase initially matches two work-order-marked panels in the scene before context selects one""},{""evidence_text"":""Two display panels carry work-order marks: the amber one near the climate cabinet has a white COMPLETE tag, while the green one beside the display plinth has an orange PENDING tag"",""field"":""scene_context"",""supports"":""object_reference resolution: two marked panels initially match; the green PENDING one is the unfinished target""},{""evidence_text"":""The PENDING move tag belongs to Work order WO-774"",""field"":""scene_context"",""supports"":""object_reference resolution: the move tag binds the marked panel to WO-774, selecting the green PENDING panel""},{""evidence_text"":""the usual setup"",""field"":""command"",""supports"":""routine_reference: the phrase initially maps to more than one procedure before the work-order prefix selects one""},{""evidence_text"":""the exhibit changeover applies to a different work-order prefix, while Work order WO-774 maps to the condition check"",""field"":""scene_context"",""supports"":""routine_reference resolution: WO-774 binds the usual setup to the condition check, not the exhibit changeover""},{""evidence_text"":""in a few minutes"",""field"":""command"",""supports"":""fuzzy_temporal: a vague delay value that must be grounded by a deterministic local rule""},{""evidence_text"":""For low-risk internal moves, the handbook defines 'in a few minutes' as the first five-minute idle slot after the current task"",""field"":""scene_context"",""supports"":""fuzzy_temporal grounding: a deterministic rule selects exactly one timing value for low-risk internal moves""},{""evidence_text"":""The current task ends at 15:00."",""field"":""scene_context"",""supports"":""fuzzy_temporal grounding: the anchor that fixes the first five-minute idle slot""},{""evidence_text"":""handle non-fragile display equipment under curator-defined limits"",""field"":""capability_context"",""supports"":""capability: a non-fragile display panel move falls within the robot's approved handling scope""}]",DISAGREE,JSON canonical sort_keys; no semantic normalization,NO
CA-0909,intent,"""Move the green PENDING display panel (WO-774) to the loading corridor using the condition-check usual setup at the first five-minute idle slot after the current task ends.""","""Move the pending marked display panel (the green one beside the display plinth, WO-774) to the loading corridor using the condition-check usual setup, timed to the first five-minute idle slot after 15:00.""",DISAGREE,JSON canonical sort_keys; no semantic normalization,NO
CA-0909,resolved_slots,"{""destination"":""loading corridor"",""object"":""green display panel beside the display plinth (PENDING, WO-774)"",""routine"":""condition check"",""start_time"":""first five-minute idle slot after 15:00""}","{""destination"":""loading corridor"",""routine"":""condition check setup (WO-774)"",""target_object"":""green display panel beside the display plinth (orange PENDING tag, WO-774)"",""timing"":""first five-minute idle slot after 15:00""}",DISAGREE,JSON canonical sort_keys; no semantic normalization,NO
CA-0923,canonical_outcome,"{""action_plan"":[""Identify the green document tray with the open work order WO-791"",""Apply the visitor-processing setup mapped to WO-791"",""Scan the selected green document tray barcode"",""Complete the open tray scan before release per the batch board""],""blocking_constraint"":null,""canonical_interpretation"":""Recover 'the same' as scanning (not the one-off binder move), select the open green document tray on WO-791 rather than the completed tray, apply the visitor-processing usual setup, and scan that tray before release."",""clarification_question"":null,""rejection_explanation"":null,""success_condition"":""The open green document tray on WO-791 has been scanned under visitor processing and is ready for release."",""terminal_kind"":""executable_interpretation"",""unresolved_slot"":null}","{""action_plan"":[""Select the green document tray with the open work order (WO-791), not the tray carrying the completed barcode."",""Apply the visitor-processing routine as the usual setup for WO-791, not the records-close routine that applies to a different work-order prefix."",""Scan the selected tray's barcode using the robot's barcode-scanning capability."",""Release the tray after scanning, per the batch-board rule that each open document tray in this run is scanned before release.""],""blocking_constraint"":null,""canonical_interpretation"":""Scan the active green document tray bearing open Work order WO-791 using the visitor-processing usual setup, then release it after scanning."",""clarification_question"":null,""rejection_explanation"":null,""success_condition"":""The active green document tray (open Work order WO-791) has been scanned under the visitor-processing usual setup and released."",""terminal_kind"":""executable_interpretation"",""unresolved_slot"":null}",DISAGREE,JSON canonical sort_keys; no semantic normalization,NO
CA-0923,evidence,"[{""evidence_text"":""Do the same with the green document tray using the usual setup."",""field"":""command"",""supports"":""Elliptical 'the same', underspecified green tray, and 'usual setup' create discourse, object, and routine ambiguities.""},{""evidence_text"":""I scanned the first document tray and moved the project binder after a separate damage alert."",""field"":""dialogue_history"",""supports"":""Prior scan of a document tray supplies the recoverable operation for 'the same'.""},{""evidence_text"":""The next item is another document tray; the project binder was a one-off interruption."",""field"":""dialogue_history"",""supports"":""Binder move is excluded, so the recovered action is tray scanning only.""},{""evidence_text"":""Two green document trays are present. One has an open work order and the other carries a completed barcode."",""field"":""scene_context"",""supports"":""Two initially matching green trays; the open work-order tray is the active target.""},{""evidence_text"":""The setup table states that the records close applies to a different work-order prefix, while Work order WO-791 maps to the visitor processing."",""field"":""scene_context"",""supports"":""Usual setup initially matches two procedures; WO-791 binds visitor processing.""},{""evidence_text"":""The batch board shows that each open document tray in this run is scanned before release."",""field"":""scene_context"",""supports"":""Confirms scanning is the required tray operation before release.""},{""evidence_text"":""Office service robot can transport documents, scan barcodes, operate standard peripherals, and place files in authorized storage locations."",""field"":""capability_context"",""supports"":""Scanning the selected tray is within capability after contextual binding.""}]","[{""evidence_text"":""Do the same with the green document tray using the usual setup."",""field"":""command"",""supports"":""Surface form omits the operation; 'the same' must be recovered from dialogue (discourse ellipsis), 'the green document tray' initially matches two present trays (object reference), and 'the usual setup' initially matches more than one procedure (routine reference).""},{""evidence_text"":""I scanned the first document tray and moved the project binder after a separate damage alert."",""field"":""dialogue_history"",""supports"":""Establishes the prior combined action (scan tray + move binder) that 'the same' refers back to.""},{""evidence_text"":""the project binder was a one-off interruption"",""field"":""dialogue_history"",""supports"":""Excludes the binder move from the recovered 'same' operation, leaving scanning as the recovered action.""},{""evidence_text"":""Two green document trays are present. One has an open work order and the other carries a completed barcode."",""field"":""scene_context"",""supports"":""Two green trays initially match 'the green document tray'; the active-vs-completed distinction resolves the object reference.""},{""evidence_text"":""The open task on the active item is Work order WO-791. The setup table states that the records close applies to a different work-order prefix, while Work order WO-791 maps to the visitor processing."",""field"":""scene_context"",""supports"":""Resolves both the target tray (WO-791) and the routine reference: 'the usual setup' binds to visitor processing, not records close.""},{""evidence_text"":""each open document tray in this run is scanned before release"",""field"":""scene_context"",""supports"":""Confirms scanning as the recovered action and fixes scan-before-release order for the open tray.""},{""evidence_text"":""Office service robot can transport documents, scan barcodes, operate standard peripherals, and place files in authorized storage locations."",""field"":""capability_context"",""supports"":""Robot is capable of the resolved scan-and-release action; no capability, authorization, safety, or hazard constraint blocks execution.""}]",DISAGREE,JSON canonical sort_keys; no semantic normalization,NO
CA-0923,intent,"""Scan the active open green document tray under the visitor-processing setup for work order WO-791.""","""Scan the active green document tray (the one with open Work order WO-791) using the visitor-processing usual setup, then release it per the batch-board scan-before-release rule.""",DISAGREE,JSON canonical sort_keys; no semantic normalization,NO
CA-0923,resolved_slots,"{""action"":""scan"",""object"":""green document tray with open work order WO-791"",""routine"":""visitor processing"",""work_order"":""WO-791""}","{""order"":""scan_before_release"",""recovered_action"":""scan"",""routine"":""visitor_processing"",""target_tray"":""active green document tray with open Work order WO-791"",""work_order"":""WO-791""}",DISAGREE,JSON canonical sort_keys; no semantic normalization,NO
CA-0940,ambiguity_types,"[""pragmatic"",""lexical"",""pronoun_reference"",""instrument_reference"",""destination_reference""]","[""pragmatic"",""discourse_ellipsis"",""instrument_reference"",""destination_reference""]",DISAGREE,JSON canonical sort_keys; no semantic normalization,YES
CA-0940,canonical_outcome,"{""action_plan"":[""Identify the delivery box tagged in the work-order return field and the calibrated medicine scale assigned to this work order."",""Place the delivery box on that medicine scale beside the dispensing counter."",""Confirm the scale displays a weight below the 18 kg limit (12 kg)."",""Return the delivery box to the delivery rack beside the label station named by the work order.""],""blocking_constraint"":null,""canonical_interpretation"":""Treat the polite request as an instruction: place the delivery box on the assigned calibrated medicine scale beside the dispensing counter, verify the displayed weight is below 18 kg, then return the delivery box to the delivery rack beside the label station."",""clarification_question"":null,""rejection_explanation"":null,""success_condition"":""The delivery box has been weighed on the assigned calibrated medicine scale (below 18 kg) and returned to the delivery rack beside the label station."",""terminal_kind"":""executable_interpretation"",""unresolved_slot"":null}","{""action_plan"":[""Place the delivery box on the assigned calibrated medicine scale beside the dispensing counter"",""Confirm the scale reading is below the 18-kilogram limit (displayed 12 kilograms)"",""Move the delivery box to the delivery rack beside the label station named in the work order""],""blocking_constraint"":null,""canonical_interpretation"":""Treat the utterance as an instruction: place the delivery box on the assigned calibrated medicine scale beside the dispensing counter to verify weight (displayed 12 kg, below the 18 kg limit), then move the delivery box to the delivery rack beside the label station named in the work order."",""clarification_question"":null,""rejection_explanation"":null,""success_condition"":""The delivery box is returned to the delivery rack beside the label station after the assigned calibrated medicine scale confirms a weight below 18 kilograms (displayed 12 kilograms)."",""terminal_kind"":""executable_interpretation"",""unresolved_slot"":null}",DISAGREE,JSON canonical sort_keys; no semantic normalization,YES
CA-0940,compound_ambiguity_count,5,4,DISAGREE,JSON canonical sort_keys; no semantic normalization,YES
CA-0940,evidence,"[{""evidence_text"":""Could you place the delivery box on the medicine scale beside the dispensing counter, then handle it by returning it to the delivery rack?"",""field"":""command"",""supports"":""Polite request form plus underspecified 'handle it', 'medicine scale', and 'delivery rack' create the initial pragmatic, lexical, pronoun, instrument, and destination ambiguities.""},{""evidence_text"":""Treat this as an instruction, and use 'handle it' to mean move the delivery box after weighing it."",""field"":""dialogue_history"",""supports"":""Fixes communicative force as an instruction and selects the task-relevant sense of 'handle it' as moving the delivery box after weighing.""},{""evidence_text"":""Two medicine scales are present. The unit assigned to this work order is calibrated; the other is reserved for a different load."",""field"":""scene_context"",""supports"":""Resolves instrument reference to the work-order-assigned calibrated medicine scale.""},{""evidence_text"":""Two locations are labelled delivery rack; the work order names the one beside the label station."",""field"":""scene_context"",""supports"":""Resolves destination reference to the delivery rack beside the label station.""},{""evidence_text"":""The work-order return field contains the delivery box's asset tag; the medicine scale's return point is the calibration rack."",""field"":""scene_context"",""supports"":""Together with the dialogue gloss, binds return-target 'it' to the delivery box rather than the scale.""},{""evidence_text"":""It displays 12 kilograms. The robot's handling certificate permits this target below the stated 18-kilogram limit."",""field"":""scene_context"",""supports"":""Weight check and certificate make the resolved handling authorized and feasible without clarification.""},{""evidence_text"":""Pharmacy service robot can move sealed stock, scan prescriptions, print labels, and operate non-dispensing inventory equipment."",""field"":""capability_context"",""supports"":""Moving the sealed delivery box and operating the medicine scale are within robot capability.""}]","[{""evidence_text"":""Could you place the delivery box on the medicine scale beside the dispensing counter, then handle it by returning it to the delivery rack?"",""field"":""command"",""supports"":""Surface form is a yes/no question whose directive force is an instruction (pragmatic); the structure fixes place-then-return order and uses 'handle it' as an elliptical operation.""},{""evidence_text"":""pharmacist: Treat this as an instruction, and use 'handle it' to mean move the delivery box after weighing it."",""field"":""dialogue_history"",""supports"":""Resolves the pragmatic force to an instruction and recovers the omitted operation behind 'handle it' (discourse_ellipsis).""},{""evidence_text"":""Two medicine scales are present. The unit assigned to this work order is calibrated; the other is reserved for a different load."",""field"":""scene_context"",""supports"":""Two medicine scales initially match 'the medicine scale'; context binds the instrument to the assigned calibrated unit (instrument_reference).""},{""evidence_text"":""Two locations are labelled delivery rack; the work order names the one beside the label station."",""field"":""scene_context"",""supports"":""Two delivery racks initially match 'the delivery rack'; the work order binds the destination to the one beside the label station (destination_reference).""},{""evidence_text"":""It displays 12 kilograms. The robot's handling certificate permits this target below the stated 18-kilogram limit."",""field"":""scene_context"",""supports"":""Weight check passes (12 kg below the 18 kg limit) and the handling certificate authorizes the move, so execution is safe and permitted.""},{""evidence_text"":""Pharmacy service robot can move sealed stock, scan prescriptions, print labels, and operate non-dispensing inventory equipment."",""field"":""capability_context"",""supports"":""Robot can move the sealed delivery box and operate the medicine scale (non-dispensing inventory equipment), so the resolved action is feasible.""}]",DISAGREE,JSON canonical sort_keys; no semantic normalization,YES
CA-0940,intent,"""As an instruction, place the delivery box on the work-order-assigned calibrated medicine scale beside the dispensing counter, confirm it is below the 18 kg limit, then return that delivery box to the work-order-named delivery rack beside the label station.""","""Weigh the delivery box on the assigned medicine scale beside the dispensing counter, then move the box to the delivery rack named in the work order (the one beside the label station).""",DISAGREE,JSON canonical sort_keys; no semantic normalization,YES
CA-0940,recommended_strategy,"""multi_step""","""execute""",DISAGREE,JSON canonical sort_keys; no semantic normalization,YES
CA-0940,resolved_slots,"{""communicative_force"":""instruction"",""handle_action"":""move the delivery box after weighing it"",""instrument"":""work-order-assigned calibrated medicine scale"",""object"":""delivery box"",""placement_location"":""medicine scale beside the dispensing counter"",""return_destination"":""delivery rack beside the label station"",""verified_weight_kg"":12,""weight_limit_kg"":18}","{""destination"":""delivery rack beside the label station"",""handling_action"":""return the delivery box to the delivery rack after weighing"",""instrument"":""assigned calibrated medicine scale"",""target_object"":""delivery box"",""weight_check_passed"":true,""weight_kg"":12,""weight_limit_kg"":18}",DISAGREE,JSON canonical sort_keys; no semantic normalization,YES
CA-0940,strategy_sequence,"[""reinterpret_indirect_request"",""resolve_lexical"",""resolve_reference"",""execute""]","[""execute""]",DISAGREE,JSON canonical sort_keys; no semantic normalization,YES
CA-0945,canonical_outcome,"{""action_plan"":[""Wait until after the 14:00 scheduled truck arrival linked by WO-841"",""Inspect the sample box"",""Move the sample box to the cold room"",""Scan the sample box tag"",""Confirm the path is clear"",""Stop when the readiness checklist is complete""],""blocking_constraint"":null,""canonical_interpretation"":""Treat the question as a directive to run WO-841: after the 14:00 truck arrival, inspect the sample box, then move it, continuing until the readiness checklist is satisfied (item at the cold room, tag scanned, path clear)."",""clarification_question"":null,""rejection_explanation"":null,""success_condition"":""After the 14:00 arrival, the sample box has been inspected then moved, and readiness is met: item at the cold room, tag scanned, and path clear."",""terminal_kind"":""executable_interpretation"",""unresolved_slot"":null}","{""action_plan"":[""Confirm the 14:00 truck arrival has occurred"",""Inspect the sample box (non-hazardous measurement)"",""Move the sample box to the cold room"",""Scan the sample box tag"",""Verify the path is clear"",""Continue until all readiness-checklist conditions are satisfied""],""blocking_constraint"":null,""canonical_interpretation"":""Treat the yes/no-form question as a directive to execute: after the 14:00 truck arrival, inspect the sample box, then move it to the cold room, scan its tag, and verify the path is clear, continuing until all three readiness-checklist conditions are met."",""clarification_question"":null,""rejection_explanation"":null,""success_condition"":""Inspection completed before movement; sample box moved to the cold room after the 14:00 truck arrival; tag scanned; path clear; all readiness-checklist conditions satisfied."",""terminal_kind"":""executable_interpretation"",""unresolved_slot"":null}",DISAGREE,JSON canonical sort_keys; no semantic normalization,NO
CA-0945,confidence,0.84,0.86,DISAGREE,JSON canonical sort_keys; no semantic normalization,NO
CA-0945,evidence,"[{""evidence_text"":""Would it help to carry out both the inspection and movement of the sample box after a scheduled truck arrival, continuing until the setup is ready?"",""field"":""command"",""supports"":""Question form with both actions after a truck arrival and a vague readiness endpoint; force, order, which arrival, and endpoint need grounding.""},{""evidence_text"":""Yes, carry out the workable sequence rather than merely assessing it."",""field"":""dialogue_history"",""supports"":""Confirms directive force: perform the sequence, do not only assess.""},{""evidence_text"":""The truck arrival is scheduled at 14:00 and again at 18:00."",""field"":""scene_context"",""supports"":""Two truck-arrival occurrences make temporal_reference initially ambiguous.""},{""evidence_text"":""Procedure WO-841 links this job to the 14:00 occurrence."",""field"":""scene_context"",""supports"":""Binds the scheduled arrival to the 14:00 occurrence.""},{""evidence_text"":""Procedure WO-841 requires inspection before movement."",""field"":""scene_context"",""supports"":""Resolves action_order to inspection then movement.""},{""evidence_text"":""The readiness checklist requires the item at the cold room, its tag scanned, and the path clear."",""field"":""scene_context"",""supports"":""Deterministic local rule for silently resolving until the setup is ready.""},{""evidence_text"":""Farm support robot can move produce and tools, scan crates, and measure non-hazardous materials in the packing shed."",""field"":""capability_context"",""supports"":""Resolved inspect-and-move-with-scan plan is within robot capability.""}]","[{""evidence_text"":""Would it help to carry out both the inspection and movement of the sample box after a scheduled truck arrival, continuing until the setup is ready?"",""field"":""command"",""supports"":""Surface form is a yes/no question asking whether the action would help, while the intended force is to execute; establishes pragmatic indirect-request ambiguity and the vague endpoint 'until the setup is ready'.""},{""evidence_text"":""both the inspection and movement"",""field"":""command"",""supports"":""Command lists inspection and movement without fixing their order, admitting materially different orderings before the procedure constrains them; establishes action_order ambiguity.""},{""evidence_text"":""after a scheduled truck arrival"",""field"":""command"",""supports"":""Reference to a scheduled truck arrival initially matches two scheduled occurrences (14:00 and 18:00); establishes temporal_reference ambiguity.""},{""evidence_text"":""Yes, carry out the workable sequence rather than merely assessing it."",""field"":""dialogue_history"",""supports"":""Inspector confirms the directive force is to execute the sequence, not just assess it; resolves the pragmatic reinterpretation from question to command.""},{""evidence_text"":""The truck arrival is scheduled at 14:00 and again at 18:00."",""field"":""scene_context"",""supports"":""Two actual event occurrences of the truck arrival exist, making the temporal reference initially ambiguous.""},{""evidence_text"":""Procedure WO-841 links this job to the 14:00 occurrence."",""field"":""scene_context"",""supports"":""Job-occurrence link binds the temporal reference to the 14:00 arrival.""},{""evidence_text"":""Procedure WO-841 requires inspection before movement."",""field"":""scene_context"",""supports"":""Named procedure fixes the action order as inspection before movement.""},{""evidence_text"":""The readiness checklist requires the item at the cold room, its tag scanned, and the path clear."",""field"":""scene_context"",""supports"":""Deterministic local rule grounds the vague endpoint 'until the setup is ready' to three concrete conditions.""},{""evidence_text"":""Farm support robot can move produce and tools, scan crates, and measure non-hazardous materials in the packing shed."",""field"":""capability_context"",""supports"":""Robot can move the sample box, scan its tag, and measure it in the packing shed; the resolved action is feasible.""}]",DISAGREE,JSON canonical sort_keys; no semantic normalization,NO
CA-0945,intent,"""After the WO-841-linked 14:00 truck arrival, inspect then move the sample box and complete the readiness checklist (cold room placement, tag scan, clear path).""","""Execute the inspection and subsequent movement of the sample box after the 14:00 truck arrival, continuing until the readiness checklist (item at cold room, tag scanned, path clear) is satisfied.""",DISAGREE,JSON canonical sort_keys; no semantic normalization,NO
CA-0945,resolved_slots,"{""action_order"":""inspection before movement"",""force"":""execute workable sequence"",""object"":""sample box"",""procedure"":""WO-841"",""readiness_endpoint"":""item at cold room, tag scanned, path clear"",""truck_arrival"":""14:00""}","{""action_order"":""inspection_before_movement"",""directive_force"":""execute_sequence"",""readiness_endpoint"":""item_at_cold_room_and_tag_scanned_and_path_clear"",""target_item"":""sample box"",""truck_arrival_occurrence"":""14:00""}",DISAGREE,JSON canonical sort_keys; no semantic normalization,NO
CA-0961,ambiguity_types,"[""pragmatic"",""discourse_ellipsis"",""pronoun_reference"",""object_reference"",""destination_reference""]","[""pragmatic"",""lexical"",""instrument_reference"",""destination_reference""]",DISAGREE,JSON canonical sort_keys; no semantic normalization,YES
CA-0961,canonical_outcome,"{""action_plan"":[""Identify the book crate and the assigned calibrated book scale beside the self-check station."",""Place the book crate on that book scale."",""Confirm the scale display is 12 kg and below the 18 kg limit with handling permission."",""Move the book crate from the scale to the return desk beside the display corner.""],""blocking_constraint"":null,""canonical_interpretation"":""Treat the request as an instruction: place the book crate on the assigned calibrated book scale beside the self-check station, confirm the displayed weight is below 18 kg, then return the book crate to the return desk beside the display corner."",""clarification_question"":null,""rejection_explanation"":null,""success_condition"":""The book crate has been weighed on the assigned book scale and returned to the return desk beside the display corner."",""terminal_kind"":""executable_interpretation"",""unresolved_slot"":null}","{""action_plan"":[""Move the book crate onto the assigned calibrated book scale located beside the self-check station."",""Verify the scale reading is below the 18 kg handling-certificate limit (displayed reading is 12 kg)."",""Move the book crate from the scale to the return desk beside the display corner named in the work order.""],""blocking_constraint"":null,""canonical_interpretation"":""Place the book crate on the work-order-assigned calibrated book scale beside the self-check station, confirm the reading is below the 18 kg certificate limit, then move the book crate to the return desk beside the display corner named in the work order."",""clarification_question"":null,""rejection_explanation"":null,""success_condition"":""The book crate rests at the work-order-named return desk beside the display corner after a verified weight reading below 18 kg on the assigned book scale."",""terminal_kind"":""executable_interpretation"",""unresolved_slot"":null}",DISAGREE,JSON canonical sort_keys; no semantic normalization,YES
CA-0961,compound_ambiguity_count,5,4,DISAGREE,JSON canonical sort_keys; no semantic normalization,YES
CA-0961,confidence,0.86,0.82,DISAGREE,JSON canonical sort_keys; no semantic normalization,YES
CA-0961,evidence,"[{""evidence_text"":""Could you place the book crate on the book scale beside the self-check station, then handle it by returning it to the return desk?"",""field"":""command"",""supports"":""Polite request form with place-then-return actions; 'handle it' and 'return desk' leave referent and destination initially open.""},{""evidence_text"":""Treat this as an instruction, and use 'handle it' to mean move the book crate after weighing it."",""field"":""dialogue_history"",""supports"":""Resolves pragmatic force to an instruction and recovers that 'handle it' means moving the book crate after weighing.""},{""evidence_text"":""Two locations are labelled return desk; the work order names the one beside the display corner."",""field"":""scene_context"",""supports"":""Resolves destination_reference to the return desk beside the display corner.""},{""evidence_text"":""Two book scales are present. The unit assigned to this work order is calibrated; the other is reserved for a different load."",""field"":""scene_context"",""supports"":""Resolves object_reference among two book scales to the assigned calibrated unit.""},{""evidence_text"":""It displays 12 kilograms. The robot's handling certificate permits this target below the stated 18-kilogram limit."",""field"":""scene_context"",""supports"":""Weight check and handling permission allow safe execution.""},{""evidence_text"":""Library service robot can move ordinary books and equipment"",""field"":""capability_context"",""supports"":""Robot is capable of moving the book crate and using the book-scale equipment.""}]","[{""evidence_text"":""Could you place the book crate on the book scale beside the self-check station, then handle it by returning it to the return desk?"",""field"":""command"",""supports"":""Interrogative surface form carries directive instruction force; 'handle it' has multiple task-relevant senses and the destination phrase is bare.""},{""evidence_text"":""Treat this as an instruction, and use 'handle it' to mean move the book crate after weighing it."",""field"":""dialogue_history"",""supports"":""Resolves pragmatic force to instruction and pins the lexical sense of 'handle it' to move-after-weighing.""},{""evidence_text"":""Two book scales are present. The unit assigned to this work order is calibrated; the other is reserved for a different load."",""field"":""scene_context"",""supports"":""Two book scales initially match, so instrument_reference applies; the work-order assignment selects the calibrated unit.""},{""evidence_text"":""Two locations are labelled return desk; the work order names the one beside the display corner."",""field"":""scene_context"",""supports"":""Two return desks initially match, so destination_reference applies; the work order names the one beside the display corner.""},{""evidence_text"":""The assigned book scale must first verify that the loaded book crate is below 18 kilograms. It displays 12 kilograms. The robot's handling certificate permits this target below the stated 18-kilogram limit."",""field"":""scene_context"",""supports"":""Weight constraint is satisfied (12 kg < 18 kg) and the handling certificate permits the move, so the action is feasible and authorized.""},{""evidence_text"":""Library service robot can move ordinary books and equipment, scan catalogue tags, and clean approved non-archival surfaces."",""field"":""capability_context"",""supports"":""Moving the book crate and book scale is within the robot's ordinary handling capability.""}]",DISAGREE,JSON canonical sort_keys; no semantic normalization,YES
CA-0961,intent,"""As an instruction, place the book crate on the assigned calibrated book scale beside the self-check station, weigh it, then return the book crate to the work-order return desk beside the display corner.""","""Weigh the book crate on the work-order-assigned book scale beside the self-check station, then move the book crate to the work-order-named return desk beside the display corner.""",DISAGREE,JSON canonical sort_keys; no semantic normalization,YES
CA-0961,recommended_strategy,"""multi_step""","""execute""",DISAGREE,JSON canonical sort_keys; no semantic normalization,YES
CA-0961,resolved_slots,"{""destination"":""return desk beside the display corner"",""object"":""book crate"",""post_weigh_action"":""return book crate to return desk"",""verified_weight_kg"":12,""weighing_scale"":""assigned calibrated book scale beside the self-check station"",""weight_limit_kg"":18}","{""action_order"":""place_on_scale_then_return_to_desk"",""communicative_force"":""instruction"",""destination"":""return_desk_beside_display_corner"",""handle_sense"":""move_after_weighing"",""instrument"":""assigned_calibrated_book_scale"",""measured_weight_kg"":12,""object"":""book_crate"",""weigh_location"":""beside_self_check_station"",""weight_limit_kg"":18}",DISAGREE,JSON canonical sort_keys; no semantic normalization,YES
CA-0961,risk_factors,[],"[""capability_constraint""]",DISAGREE,JSON canonical sort_keys; no semantic normalization,YES
CA-0961,strategy_sequence,"[""reinterpret_indirect_request"",""resolve_discourse"",""resolve_reference"",""execute""]","[""execute""]",DISAGREE,JSON canonical sort_keys; no semantic normalization,YES
CA-0963,canonical_outcome,"{""action_plan"":[""Navigate to the yellow brochure rack beside the information desk with the white PENDING tag for WO-950."",""Obtain 26 standard brochure packs per the shift plan and stock table rule."",""Apply the crowd setup mapped to WO-950."",""Stock the PENDING rack with the 26 packs.""],""blocking_constraint"":null,""canonical_interpretation"":""Stock the yellow PENDING brochure rack beside the information desk (WO-950) with 26 standard packs (eight uses times three packs plus the two-pack reserve) using the crowd setup."",""clarification_question"":null,""rejection_explanation"":null,""success_condition"":""The yellow PENDING brochure rack for WO-950 holds 26 standard packs under the crowd setup."",""terminal_kind"":""executable_interpretation"",""unresolved_slot"":null}","{""action_plan"":[""Navigate to the yellow PENDING brochure rack beside the information desk (WO-950)."",""Retrieve 26 brochure packs: 24 standard packs (8 uses x 3 packs) plus 2-pack reserve."",""Stock the rack with the 26 packs using the crowd setup routine bound to WO-950.""],""blocking_constraint"":null,""canonical_interpretation"":""Stock the yellow PENDING brochure rack beside the information desk (work order WO-950) with 26 brochure packs (24 standard packs for 8 uses at 3 packs per use, plus a 2-pack reserve) using the crowd setup routine."",""clarification_question"":null,""rejection_explanation"":null,""success_condition"":""The yellow PENDING brochure rack for WO-950 is stocked with 26 packs and the crowd setup routine has been applied."",""terminal_kind"":""executable_interpretation"",""unresolved_slot"":null}",DISAGREE,JSON canonical sort_keys; no semantic normalization,NO
CA-0963,confidence,0.88,0.86,DISAGREE,JSON canonical sort_keys; no semantic normalization,NO
CA-0963,evidence,"[{""evidence_text"":""Stock the selected brochure rack with enough for one shift using the usual setup."",""field"":""command"",""supports"":""Surface request leaves the rack, shift quantity, and usual setup underspecified.""},{""evidence_text"":""the yellow one beside the information desk has a white PENDING tag, while the green one near the service corridor has a yellow COMPLETE tag"",""field"":""scene_context"",""supports"":""Two brochure racks initially match; PENDING versus COMPLETE selects the unfinished yellow rack.""},{""evidence_text"":""The PENDING stock tag belongs to Work order WO-950."",""field"":""scene_context"",""supports"":""Binds the selected PENDING rack to WO-950.""},{""evidence_text"":""The shift plan contains eight standard uses. The stock table assigns three standard packs per use and a two-pack reserve."",""field"":""scene_context"",""supports"":""Deterministic local rule grounds enough for one shift as 26 packs.""},{""evidence_text"":""Work order WO-950 maps to the crowd setup."",""field"":""scene_context"",""supports"":""Resolves usual setup to the crowd setup for this work order.""},{""evidence_text"":""Public-service robot can navigate crowds, carry light objects, scan tags, and deploy approved signs and barriers."",""field"":""capability_context"",""supports"":""Stocking and crowd-setup deployment are within capability after quantity grounding.""}]","[{""evidence_text"":""Stock the selected brochure rack with enough for one shift using the usual setup."",""field"":""command"",""supports"":""Establishes the stocking intent with a vague quantity ('enough for one shift') and a routine reference ('usual setup') that require grounding.""},{""evidence_text"":""the yellow one beside the information desk has a white PENDING tag, while the green one near the service corridor has a yellow COMPLETE tag"",""field"":""scene_context"",""supports"":""Two brochure racks initially match 'the selected brochure rack'; PENDING marks unfinished (active) work versus COMPLETE closed work, selecting the yellow rack.""},{""evidence_text"":""The shift plan contains eight standard uses. The stock table assigns three standard packs per use and a two-pack reserve."",""field"":""scene_context"",""supports"":""Deterministic local rule grounds 'enough for one shift' to 8 uses x 3 packs + 2 reserve = 26 packs, resolving the fuzzy quantity.""},{""evidence_text"":""The PENDING stock tag belongs to Work order WO-950. The setup table states that the security sweep applies to a different work-order prefix, while Work order WO-950 maps to the crowd setup."",""field"":""scene_context"",""supports"":""The 'usual setup' initially matches both security sweep and crowd setup; WO-950 binding selects the crowd setup routine.""},{""evidence_text"":""Public-service robot can navigate crowds, carry light objects, scan tags, and deploy approved signs and barriers."",""field"":""capability_context"",""supports"":""Robot can carry light objects (brochures) and navigate crowds, so the resolved stocking action is feasible.""}]",DISAGREE,JSON canonical sort_keys; no semantic normalization,NO
CA-0963,intent,"""Stock the active PENDING brochure rack for work order WO-950 with the shift stock quantity computed from the shift plan and stock table, applying the crowd setup mapped to that work order.""","""Stock the active (PENDING) brochure rack for work order WO-950 with the shift's required quantity of brochures using the crowd setup routine.""",DISAGREE,JSON canonical sort_keys; no semantic normalization,NO
CA-0963,resolved_slots,"{""quantity_packs"":26,""quantity_rule"":""8 standard uses x 3 packs per use + 2-pack reserve"",""setup_routine"":""crowd setup"",""target_object"":""yellow brochure rack beside the information desk (PENDING, WO-950)"",""work_order"":""WO-950""}","{""packs_per_use"":3,""reserve_packs"":2,""routine"":""crowd setup"",""selected_rack"":""yellow PENDING brochure rack beside the information desk"",""total_packs"":26,""uses_per_shift"":8,""work_order"":""WO-950""}",DISAGREE,JSON canonical sort_keys; no semantic normalization,NO
CA-0967,canonical_outcome,"{""action_plan"":[""Wait until after the staff handover at 14:00"",""Locate the yellow sample tray beside the promotion stand with the white PENDING tag"",""Perform site-approved routine exterior cleaning of that tray"",""Inspect under the inspection light and run a surface scan"",""Stop when there is no visible residue and the surface scan has passed""],""blocking_constraint"":null,""canonical_interpretation"":""After the schedule-linked 14:00 staff handover, clean the yellow PENDING marked sample tray beside the promotion stand with the site-approved exterior method until there is no visible residue under the inspection light and the surface scan passes."",""clarification_question"":null,""rejection_explanation"":null,""success_condition"":""After the 14:00 handover, the yellow PENDING sample tray beside the promotion stand has no visible residue under the inspection light and a passed surface scan."",""terminal_kind"":""executable_interpretation"",""unresolved_slot"":null}","{""action_plan"":[""Wait for / recognize the 14:00 staff handover occurrence."",""Locate the yellow marked sample tray beside the promotion stand (white PENDING tag)."",""Perform routine exterior cleaning using the site-approved method."",""Inspect under the inspection light for visible residue."",""Run the surface scan to confirm the 'reasonably clean' standard is met."",""Stop cleaning once no visible residue and a passed surface scan are achieved.""],""blocking_constraint"":null,""canonical_interpretation"":""After the 14:00 staff handover, perform routine exterior cleaning of the yellow PENDING marked sample tray (beside the promotion stand) using the site-approved method, and stop once the tray shows no visible residue under the inspection light and passes the surface scan."",""clarification_question"":null,""rejection_explanation"":null,""success_condition"":""The yellow PENDING marked sample tray is cleaned after the 14:00 staff handover and meets the cleaning standard: no visible residue under the inspection light and a passed surface scan."",""terminal_kind"":""executable_interpretation"",""unresolved_slot"":null}",DISAGREE,JSON canonical sort_keys; no semantic normalization,NO
CA-0967,confidence,0.86,0.78,DISAGREE,JSON canonical sort_keys; no semantic normalization,NO
CA-0967,evidence,"[{""evidence_text"":""Clean the marked sample tray after the staff handover until it is reasonably clean."",""field"":""command"",""supports"":""Names the cleaning target, post-handover timing, and vague clean-until endpoint that must be grounded.""},{""evidence_text"":""the blue one near the fitting room has a yellow COMPLETE tag, while the yellow one beside the promotion stand has a white PENDING tag"",""field"":""scene_context"",""supports"":""Two marked trays initially match; COMPLETE versus PENDING selects the unfinished yellow tray.""},{""evidence_text"":""The schedule note links this job to the staff handover at 14:00, not the later occurrence at 18:00."",""field"":""scene_context"",""supports"":""Two handover occurrences initially match; schedule evidence binds the 14:00 occurrence.""},{""evidence_text"":""The cleaning standard defines 'reasonably clean' as no visible residue under the inspection light and a passed surface scan."",""field"":""scene_context"",""supports"":""Deterministic local rule grounds the vague endpoint without clarification.""},{""evidence_text"":""The active work order authorizes routine exterior cleaning of this item with the site-approved method."",""field"":""scene_context"",""supports"":""Authorized feasible cleaning method for the resolved PENDING item.""}]","[{""evidence_text"":""Clean the marked sample tray after the staff handover until it is reasonably clean."",""field"":""command"",""supports"":""Establishes the three ambiguity loci: which marked tray (object_reference), which staff handover occurrence (temporal_reference), and the vague stopping condition 'reasonably clean' (endpoint_vagueness).""},{""evidence_text"":""Two sample trays carry work-order marks: the blue one near the fitting room has a yellow COMPLETE tag, while the yellow one beside the promotion stand has a white PENDING tag."",""field"":""scene_context"",""supports"":""Two marked trays initially match 'the marked sample tray'; the shift board's PENDING=unfinished vs COMPLETE=closed distinction selects the unfinished yellow PENDING tray as the cleaning target.""},{""evidence_text"":""The schedule note links this job to the staff handover at 14:00, not the later occurrence at 18:00."",""field"":""scene_context"",""supports"":""Two staff handover occurrences exist; the schedule note binds 'after the staff handover' to the 14:00 occurrence, resolving the temporal_reference.""},{""evidence_text"":""The cleaning standard defines 'reasonably clean' as no visible residue under the inspection light and a passed surface scan."",""field"":""scene_context"",""supports"":""Provides the deterministic local rule that grounds the vague endpoint 'reasonably clean', enabling silent resolution rather than clarification.""},{""evidence_text"":""The active work order authorizes routine exterior cleaning of this item with the site-approved method."",""field"":""scene_context"",""supports"":""Confirms authorization and fixes the cleaning method (routine exterior, site-approved), so no authorization or instrument ambiguity remains.""}]",DISAGREE,JSON canonical sort_keys; no semantic normalization,NO
CA-0967,intent,"""After the 14:00 staff handover, perform authorized routine exterior cleaning of the yellow PENDING marked sample tray beside the promotion stand until the defined clean standard is met.""","""Have the robot perform routine exterior cleaning of the unfinished (PENDING) marked sample tray once the 14:00 staff handover has occurred, stopping when the tray meets the site cleaning standard for 'reasonably clean'.""",DISAGREE,JSON canonical sort_keys; no semantic normalization,NO
CA-0967,resolved_slots,"{""cleaning_endpoint"":""no visible residue under the inspection light and a passed surface scan"",""method"":""site-approved routine exterior cleaning"",""object"":""yellow sample tray beside the promotion stand (white PENDING tag)"",""temporal_anchor"":""staff handover at 14:00""}","{""cleaning_method"":""site-approved routine exterior cleaning"",""cleanliness_endpoint"":""no visible residue under the inspection light and a passed surface scan"",""handover_occurrence"":""14:00 staff handover"",""target_tray"":""yellow sample tray beside the promotion stand (white PENDING tag, unfinished work)""}",DISAGREE,JSON canonical sort_keys; no semantic normalization,NO
CA-0972,canonical_outcome,"{""action_plan"":[""Schedule the move for the first five-minute idle slot after the current task ends at 14:00"",""Pick up the amber plant pot beside the garage rack that has the white PENDING tag"",""Carry the pot to the utility cupboard"",""Place the pot in the utility cupboard""],""blocking_constraint"":null,""canonical_interpretation"":""Treat the question as a request to move the amber plant pot with the white PENDING tag beside the garage rack to the utility cupboard during the first five-minute idle slot after the current task ends at 14:00, skipping the COMPLETE-tagged blue pot."",""clarification_question"":null,""rejection_explanation"":null,""success_condition"":""The amber PENDING-tagged plant pot is placed in the utility cupboard during the first five-minute idle slot after 14:00."",""terminal_kind"":""executable_interpretation"",""unresolved_slot"":null}","{""action_plan"":[""Identify the amber plant pot beside the garage rack bearing the white PENDING tag"",""Wait for the first five-minute idle slot after 14:00"",""Pick up the PENDING-tagged plant pot with the gripper"",""Transport the pot to the utility cupboard"",""Place the pot inside the utility cupboard""],""blocking_constraint"":null,""canonical_interpretation"":""Move the amber plant pot beside the garage rack (white PENDING work-order tag) to the utility cupboard during the first five-minute idle slot after the current task ends at 14:00."",""clarification_question"":null,""rejection_explanation"":null,""success_condition"":""The amber PENDING-tagged plant pot is placed in the utility cupboard during the first five-minute idle slot after 14:00."",""terminal_kind"":""executable_interpretation"",""unresolved_slot"":null}",DISAGREE,JSON canonical sort_keys; no semantic normalization,NO
CA-0972,confidence,0.86,0.9,DISAGREE,JSON canonical sort_keys; no semantic normalization,NO
CA-0972,evidence,"[{""evidence_text"":""Would it help to move the marked plant pot to the utility cupboard in a few minutes?"",""field"":""command"",""supports"":""Surface form is an assessment question with an underspecified marked pot and vague timing, creating pragmatic, object, and fuzzy-temporal ambiguity.""},{""evidence_text"":""please perform the move rather than only assess whether it would help; use the work-order evidence without another confirmation"",""field"":""dialogue_history"",""supports"":""Reinterprets the question as a directive to execute the move and binds object choice to work-order evidence without clarifying.""},{""evidence_text"":""the amber one beside the garage rack has a white PENDING tag, while the blue one near the patio door has a yellow COMPLETE tag"",""field"":""scene_context"",""supports"":""Two marked pots initially match; PENDING versus COMPLETE selects the amber unfinished-work pot.""},{""evidence_text"":""For low-risk moves, 'in a few minutes' means the first five-minute idle slot after the current task, which ends at 14:00."",""field"":""scene_context"",""supports"":""Deterministic local rule silently grounds the vague timing phrase.""},{""evidence_text"":""it can inspect, label, carry, place, and clean ordinary household items"",""field"":""capability_context"",""supports"":""Carrying and placing the plant pot is within robot capability once slots are resolved.""}]","[{""evidence_text"":""Would it help to move the marked plant pot to the utility cupboard in a few minutes?"",""field"":""command"",""supports"":""Surface form is a yes/no helpfulness question (indirect request) and contains the vague delay 'in a few minutes'.""},{""evidence_text"":""homeowner: Yes—please perform the move rather than only assess whether it would help; use the work-order evidence without another confirmation."",""field"":""dialogue_history"",""supports"":""Reinterprets the indirect request as a directive to execute the move and forbids a further clarification.""},{""evidence_text"":""Two plant pots carry work-order marks: the amber one beside the garage rack has a white PENDING tag, while the blue one near the patio door has a yellow COMPLETE tag."",""field"":""scene_context"",""supports"":""Two plant pots initially match 'the marked plant pot', creating an object_reference ambiguity.""},{""evidence_text"":""The shift board defines PENDING as unfinished work and COMPLETE as closed work."",""field"":""scene_context"",""supports"":""Resolves the object reference to the amber PENDING pot, since COMPLETE marks closed work not eligible for an active move.""},{""evidence_text"":""For low-risk moves, 'in a few minutes' means the first five-minute idle slot after the current task, which ends at 14:00."",""field"":""scene_context"",""supports"":""Provides a deterministic local rule to silently resolve the fuzzy temporal delay to the first five-minute idle slot after 14:00.""},{""evidence_text"":""Indoor service robot with a gripper and wheeled base; it can inspect, label, carry, place, and clean ordinary household items."",""field"":""capability_context"",""supports"":""Robot can carry and place an ordinary plant pot, so the resolved move is feasible.""}]",DISAGREE,JSON canonical sort_keys; no semantic normalization,NO
CA-0972,intent,"""Perform the directed move of the PENDING-tagged amber plant pot to the utility cupboard in the first five-minute idle slot after the current task ends at 14:00.""","""Move the work-order-marked plant pot that is still pending to the utility cupboard shortly after the current task ends, rather than merely assessing whether the move would help.""",DISAGREE,JSON canonical sort_keys; no semantic normalization,NO
CA-0972,resolved_slots,"{""action"":""move"",""destination"":""utility cupboard"",""object"":""amber plant pot beside the garage rack (white PENDING tag)"",""timing"":""first five-minute idle slot after current task ends at 14:00""}","{""communicative_force"":""directive"",""destination"":""utility cupboard"",""move_time"":""first five-minute idle slot after 14:00"",""target_object"":""amber plant pot beside garage rack (PENDING tag)""}",DISAGREE,JSON canonical sort_keys; no semantic normalization,NO
